2026-07-31 19:25:19,294 - Building indexing pipeline in progress... - INFO
2026-07-31 19:25:19,294 - Data loading process has started! - INFO
2026-07-31 19:25:21,231 - 518 EPCs have been identified - INFO
2026-07-31 19:25:28,152 - Data for Naproxen medicine has been loaded! - INFO
2026-07-31 19:25:28,152 - Data for Naproxen medicine has been loaded! - INFO
2026-07-31 19:25:28,152 - Data for Naproxen medicine has been loaded! - INFO
2026-07-31 19:25:28,152 - Data for Indomethacin medicine has been loaded! - INFO
2026-07-31 19:25:28,152 - Data for CELECOXIB medicine has been loaded! - INFO
2026-07-31 19:25:28,152 - Data for Piroxicam medicine has been loaded! - INFO
2026-07-31 19:25:28,152 - Data for Celecoxib medicine has been loaded! - INFO
2026-07-31 19:25:28,152 - Data for Naproxen medicine has been loaded! - INFO
2026-07-31 19:25:28,152 - Data for Celecoxib medicine has been loaded! - INFO
2026-07-31 19:25:28,153 - Data for Meloxicam medicine has been loaded! - INFO
2026-07-31 19:25:28,153 - Data for celecoxib medicine has been loaded! - INFO
2026-07-31 19:25:28,153 - Data for Celecoxib medicine has been loaded! - INFO
2026-07-31 19:25:28,153 - Data for Celecoxib medicine has been loaded! - INFO
2026-07-31 19:25:28,153 - Data for Naproxen medicine has been loaded! - INFO
2026-07-31 19:25:28,153 - Data for Celecoxib medicine has been loaded! - INFO
2026-07-31 19:25:28,153 - Data for Naproxen medicine has been loaded! - INFO
2026-07-31 19:25:28,153 - Data for meloxicam medicine has been loaded! - INFO
2026-07-31 19:25:28,153 - Data for CELECOXIB medicine has been loaded! - INFO
2026-07-31 19:25:28,153 - Data for MELOXICAM medicine has been loaded! - INFO
2026-07-31 19:25:28,153 - Data for meloxicam medicine has been loaded! - INFO
2026-07-31 19:25:28,153 - Data for meloxicam medicine has been loaded! - INFO
2026-07-31 19:25:28,153 - Data for Naproxen medicine has been loaded! - INFO
2026-07-31 19:25:28,153 - Data for Naproxen medicine has been loaded! - INFO
2026-07-31 19:25:28,153 - Data for Naproxen medicine has been loaded! - INFO
2026-07-31 19:25:28,153 - Data for Indomethacin medicine has been loaded! - INFO
2026-07-31 19:25:28,153 - Data for Naproxen medicine has been loaded! - INFO
2026-07-31 19:25:28,153 - Data for Indomethacin medicine has been loaded! - INFO
2026-07-31 19:25:28,153 - Data for Naproxen medicine has been loaded! - INFO
2026-07-31 19:25:28,153 - Data for Celecoxib medicine has been loaded! - INFO
2026-07-31 19:25:28,154 - Data for meloxicam medicine has been loaded! - INFO
2026-07-31 19:25:28,154 - Data for Celecoxib medicine has been loaded! - INFO
2026-07-31 19:25:28,154 - Data for Celecoxib medicine has been loaded! - INFO
2026-07-31 19:25:28,154 - Data for Indomethacin medicine has been loaded! - INFO
2026-07-31 19:25:28,154 - Data for Naproxen and esomeprazole magnesium medicine has been loaded! - INFO
2026-07-31 19:25:28,154 - Data for Indomethacin medicine has been loaded! - INFO
2026-07-31 19:25:28,154 - Data for Naproxen and esomeprazole magnesium medicine has been loaded! - INFO
2026-07-31 19:25:28,154 - Data for Naproxen medicine has been loaded! - INFO
2026-07-31 19:25:28,154 - Data for Meloxicam medicine has been loaded! - INFO
2026-07-31 19:25:28,154 - Data for Naproxen medicine has been loaded! - INFO
2026-07-31 19:25:28,154 - Data for celecoxib medicine has been loaded! - INFO
2026-07-31 19:25:28,154 - Data for Indomethacin medicine has been loaded! - INFO
2026-07-31 19:25:28,154 - Data for Celecoxib medicine has been loaded! - INFO
2026-07-31 19:25:28,154 - Data for Naproxen medicine has been loaded! - INFO
2026-07-31 19:25:28,154 - Data for Celecoxib medicine has been loaded! - INFO
2026-07-31 19:25:28,154 - Data for Piroxicam medicine has been loaded! - INFO
2026-07-31 19:25:28,154 - Data for Naproxen medicine has been loaded! - INFO
2026-07-31 19:25:28,154 - Data for Indomethacin medicine has been loaded! - INFO
2026-07-31 19:25:28,154 - Data for Ibuprofen and famotidine medicine has been loaded! - INFO
2026-07-31 19:25:28,155 - Data for meloxicam medicine has been loaded! - INFO
2026-07-31 19:25:28,155 - Data for Naproxen medicine has been loaded! - INFO
2026-07-31 19:25:28,155 - Data for Celecoxib medicine has been loaded! - INFO
2026-07-31 19:25:28,155 - Data for Piroxicam medicine has been loaded! - INFO
2026-07-31 19:25:28,155 - Data for Caldolor medicine has been loaded! - INFO
2026-07-31 19:25:28,155 - Data for Naproxen and esomeprazole magnesium medicine has been loaded! - INFO
2026-07-31 19:25:28,155 - Data for Naproxen medicine has been loaded! - INFO
2026-07-31 19:25:28,155 - Data for Naproxen medicine has been loaded! - INFO
2026-07-31 19:25:28,155 - Data for INDOMETHACIN medicine has been loaded! - INFO
2026-07-31 19:25:28,155 - Data for Naproxen medicine has been loaded! - INFO
2026-07-31 19:25:28,155 - Data for Indomethacin medicine has been loaded! - INFO
2026-07-31 19:25:28,155 - Data for Meloxicam medicine has been loaded! - INFO
2026-07-31 19:25:28,155 - Data for meloxicam medicine has been loaded! - INFO
2026-07-31 19:25:28,155 - Data for Ibuprofen and famotidine medicine has been loaded! - INFO
2026-07-31 19:25:28,155 - Data for Celecoxib medicine has been loaded! - INFO
2026-07-31 19:25:28,155 - Data for Meloxicam medicine has been loaded! - INFO
2026-07-31 19:25:28,155 - Data for Naproxen medicine has been loaded! - INFO
2026-07-31 19:25:28,155 - Data for Piroxicam medicine has been loaded! - INFO
2026-07-31 19:25:28,155 - Data for Ascomp with Codeine medicine has been loaded! - INFO
2026-07-31 19:25:28,155 - Data for Naproxen medicine has been loaded! - INFO
2026-07-31 19:25:28,156 - Data for Naproxen Oral Suspension medicine has been loaded! - INFO
2026-07-31 19:25:28,156 - Data for Celecoxib medicine has been loaded! - INFO
2026-07-31 19:25:28,156 - Data for Naproxen medicine has been loaded! - INFO
2026-07-31 19:25:28,156 - Data for CELECOXIB medicine has been loaded! - INFO
2026-07-31 19:25:28,156 - Data for meloxicam medicine has been loaded! - INFO
2026-07-31 19:25:28,156 - Data for meloxicam medicine has been loaded! - INFO
2026-07-31 19:25:28,156 - Data for Naproxen medicine has been loaded! - INFO
2026-07-31 19:25:28,156 - Data for Meloxicam medicine has been loaded! - INFO
2026-07-31 19:25:28,156 - Data for celecoxib medicine has been loaded! - INFO
2026-07-31 19:25:28,156 - Data for Naproxen medicine has been loaded! - INFO
2026-07-31 19:25:28,156 - Data for Celecoxib medicine has been loaded! - INFO
2026-07-31 19:25:28,156 - Data for MELOXICAM medicine has been loaded! - INFO
2026-07-31 19:25:28,156 - Data for Ibuprofen and famotidine medicine has been loaded! - INFO
2026-07-31 19:25:28,156 - Data for Naproxen medicine has been loaded! - INFO
2026-07-31 19:25:28,156 - Data for CELEBREX medicine has been loaded! - INFO
2026-07-31 19:25:28,156 - Data for Naproxen medicine has been loaded! - INFO
2026-07-31 19:25:28,156 - Data for Indomethacin medicine has been loaded! - INFO
2026-07-31 19:25:28,156 - Data for Celecoxib medicine has been loaded! - INFO
2026-07-31 19:25:28,157 - Data for celecoxib medicine has been loaded! - INFO
2026-07-31 19:25:28,157 - Data for Naproxen medicine has been loaded! - INFO
2026-07-31 19:25:28,157 - Data for CELECOXIB medicine has been loaded! - INFO
2026-07-31 19:25:28,157 - Data for Naproxen medicine has been loaded! - INFO
2026-07-31 19:25:28,157 - Data for Celecoxib medicine has been loaded! - INFO
2026-07-31 19:25:28,157 - Data for celecoxib medicine has been loaded! - INFO
2026-07-31 19:25:28,157 - Data for Indomethacin medicine has been loaded! - INFO
2026-07-31 19:25:28,157 - Data for meloxicam medicine has been loaded! - INFO
2026-07-31 19:25:28,157 - Data for MELOXICAM medicine has been loaded! - INFO
2026-07-31 19:25:28,157 - Data for QAMZOVA medicine has been loaded! - INFO
2026-07-31 19:25:28,157 - Data for Ibuprofen and famotidine medicine has been loaded! - INFO
2026-07-31 19:25:28,157 - Data for Celecoxib medicine has been loaded! - INFO
2026-07-31 19:25:28,157 - Data for Celecoxib medicine has been loaded! - INFO
2026-07-31 19:25:28,157 - Data for Naproxen and esomeprazole magnesium medicine has been loaded! - INFO
2026-07-31 19:25:28,157 - Data for Naproxen and esomeprazole magnesium medicine has been loaded! - INFO
2026-07-31 19:25:28,157 - Data for CELECOXIB medicine has been loaded! - INFO
2026-07-31 19:25:28,157 - Data for Celecoxib medicine has been loaded! - INFO
2026-07-31 19:25:28,157 - Data for MELOXICAM medicine has been loaded! - INFO
2026-07-31 19:25:28,157 - Data for INDOCIN medicine has been loaded! - INFO
2026-07-31 19:25:28,158 - Data for Celecoxib medicine has been loaded! - INFO
2026-07-31 19:25:28,158 - Data for MELOXICAM medicine has been loaded! - INFO
2026-07-31 19:25:28,158 - Data for meloxicam medicine has been loaded! - INFO
2026-07-31 19:25:28,158 - Data for Naproxen medicine has been loaded! - INFO
2026-07-31 19:25:28,158 - Data for meloxicam medicine has been loaded! - INFO
2026-07-31 19:25:28,158 - Data for meloxicam medicine has been loaded! - INFO
2026-07-31 19:25:28,158 - Data for meloxicam medicine has been loaded! - INFO
2026-07-31 19:25:28,158 - Data for Naproxen and esomeprazole magnesium medicine has been loaded! - INFO
2026-07-31 19:25:28,158 - Data for Indomethacin medicine has been loaded! - INFO
2026-07-31 19:25:28,158 - Data for meloxicam medicine has been loaded! - INFO
2026-07-31 19:25:28,158 - Data for CELECOXIB medicine has been loaded! - INFO
2026-07-31 19:25:28,158 - Data for Ibuprofen and famotidine medicine has been loaded! - INFO
2026-07-31 19:25:28,158 - Data for INDOMETHACIN medicine has been loaded! - INFO
2026-07-31 19:25:28,158 - Data for meloxicam medicine has been loaded! - INFO
2026-07-31 19:25:28,158 - Data for Naproxen medicine has been loaded! - INFO
2026-07-31 19:25:28,158 - Data for MELOXICAM medicine has been loaded! - INFO
2026-07-31 19:25:28,159 - Data for Meloxicam medicine has been loaded! - INFO
2026-07-31 19:25:28,159 - Data for Meloxicam medicine has been loaded! - INFO
2026-07-31 19:25:28,159 - Data for Meloxicam medicine has been loaded! - INFO
2026-07-31 19:25:28,159 - Data for Ibuprofen and famotidine medicine has been loaded! - INFO
2026-07-31 19:25:28,159 - Data for Meloxicam medicine has been loaded! - INFO
2026-07-31 19:25:28,159 - Data for celecoxib medicine has been loaded! - INFO
2026-07-31 19:25:28,159 - Data for meloxicam medicine has been loaded! - INFO
2026-07-31 19:25:28,159 - Data for Naproxen medicine has been loaded! - INFO
2026-07-31 19:25:28,159 - Data for Naproxen and esomeprazole magnesium medicine has been loaded! - INFO
2026-07-31 19:25:28,159 - Data for CELECOXIB medicine has been loaded! - INFO
2026-07-31 19:25:28,159 - Data for meloxicam medicine has been loaded! - INFO
2026-07-31 19:25:28,159 - Data for meloxicam medicine has been loaded! - INFO
2026-07-31 19:25:28,159 - Data for Naproxen medicine has been loaded! - INFO
2026-07-31 19:25:28,159 - Data for meloxicam medicine has been loaded! - INFO
2026-07-31 19:25:28,159 - Data for CELECOXIB medicine has been loaded! - INFO
2026-07-31 19:25:28,159 - Data for Mefenamic acid medicine has been loaded! - INFO
2026-07-31 19:25:28,159 - Data for Naproxen and esomeprazole magnesium medicine has been loaded! - INFO
2026-07-31 19:25:28,160 - Data for Indomethacin medicine has been loaded! - INFO
2026-07-31 19:25:28,160 - Data for meloxicam medicine has been loaded! - INFO
2026-07-31 19:25:28,160 - Data for Meloxicam medicine has been loaded! - INFO
2026-07-31 19:25:28,160 - Data for Celecoxib medicine has been loaded! - INFO
2026-07-31 19:25:28,160 - Data for Naproxen medicine has been loaded! - INFO
2026-07-31 19:25:28,160 - Data for Ibuprofen and famotidine medicine has been loaded! - INFO
2026-07-31 19:25:28,160 - Data for meloxicam medicine has been loaded! - INFO
2026-07-31 19:25:28,160 - Data for VYSCOXA medicine has been loaded! - INFO
2026-07-31 19:25:28,160 - Data for Naproxen medicine has been loaded! - INFO
2026-07-31 19:25:28,160 - Data for Indomethacin medicine has been loaded! - INFO
2026-07-31 19:25:28,160 - Data for Naproxen medicine has been loaded! - INFO
2026-07-31 19:25:28,160 - Data for Celecoxib medicine has been loaded! - INFO
2026-07-31 19:25:28,160 - Data for Celecoxib medicine has been loaded! - INFO
2026-07-31 19:25:28,160 - Data for Celecoxib medicine has been loaded! - INFO
2026-07-31 19:25:28,160 - Data for Naproxen medicine has been loaded! - INFO
2026-07-31 19:25:28,160 - Data for meloxicam medicine has been loaded! - INFO
2026-07-31 19:25:28,160 - Data for indomethacin medicine has been loaded! - INFO
2026-07-31 19:25:28,160 - Data for Naproxen medicine has been loaded! - INFO
2026-07-31 19:25:28,160 - Data for MELOXICAM medicine has been loaded! - INFO
2026-07-31 19:25:28,160 - Data for Naproxen medicine has been loaded! - INFO
2026-07-31 19:25:28,161 - Data for Meloxicam medicine has been loaded! - INFO
2026-07-31 19:25:28,161 - Data for Ibuprofen and Famotidine medicine has been loaded! - INFO
2026-07-31 19:25:28,161 - Data for Meloxicam medicine has been loaded! - INFO
2026-07-31 19:25:28,161 - Data for Meloxicam medicine has been loaded! - INFO
2026-07-31 19:25:28,161 - Data for CELECOXIB medicine has been loaded! - INFO
2026-07-31 19:25:28,161 - Data for Naproxen medicine has been loaded! - INFO
2026-07-31 19:25:28,161 - Data for Meloxicam medicine has been loaded! - INFO
2026-07-31 19:25:28,161 - Data for celecoxib medicine has been loaded! - INFO
2026-07-31 19:25:28,161 - Data for Celecoxib medicine has been loaded! - INFO
2026-07-31 19:25:28,161 - Data for meloxicam medicine has been loaded! - INFO
2026-07-31 19:25:28,161 - Data for Celecoxib medicine has been loaded! - INFO
2026-07-31 19:25:28,161 - Data for Indomethacin medicine has been loaded! - INFO
2026-07-31 19:25:28,161 - Data for Naproxen medicine has been loaded! - INFO
2026-07-31 19:25:28,161 - Data for Celecoxib medicine has been loaded! - INFO
2026-07-31 19:25:28,161 - Data for Nonsteroidal Anti-inflammatory Drug [EPC] has been loaded! - INFO
2026-07-31 19:25:31,167 - Data for Non-Standardized Plant Allergenic Extract [EPC] has been loaded! - INFO
2026-07-31 19:25:38,870 - Data for Budesonide Inhalation medicine has been loaded! - INFO
2026-07-31 19:25:38,871 - Data for budesonide inhalation medicine has been loaded! - INFO
2026-07-31 19:25:38,871 - Data for budesonide inhalation medicine has been loaded! - INFO
2026-07-31 19:25:38,872 - Data for Corticosteroid [EPC] has been loaded! - INFO
2026-07-31 19:25:42,179 - Data for Expectorant [EPC] has been loaded! - INFO
2026-07-31 19:25:46,334 - Data for Non-Standardized Food Allergenic Extract [EPC] has been loaded! - INFO
2026-07-31 19:25:50,331 - Data for Multaq medicine has been loaded! - INFO
2026-07-31 19:25:50,332 - Data for Multaq medicine has been loaded! - INFO
2026-07-31 19:25:50,332 - Data for Antiarrhythmic [EPC] has been loaded! - INFO
2026-07-31 19:25:54,064 - Data for ZYNRELEF medicine has been loaded! - INFO
2026-07-31 19:25:54,064 - Data for Amide Local Anesthetic [EPC] has been loaded! - INFO
2026-07-31 19:25:57,086 - Data for Standardized Chemical Allergen [EPC] has been loaded! - INFO
2026-07-31 19:26:00,149 - Data for Ascomp with Codeine medicine has been loaded! - INFO
2026-07-31 19:26:00,150 - Data for BUTALBITAL, ASPIRIN, CAFFEINE and CODEINE PHOSPHATE medicine has been loaded! - INFO
2026-07-31 19:26:00,150 - Data for BUTALBITAL, ASPIRIN, CAFFEINE AND CODEINE PHOSPHATE medicine has been loaded! - INFO
2026-07-31 19:26:00,150 - Data for Platelet Aggregation Inhibitor [EPC] has been loaded! - INFO
2026-07-31 19:26:04,566 - Data for Cholinergic Nicotinic Agonist [EPC] has been loaded! - INFO
2026-07-31 19:26:12,709 - Data for Tolsura medicine has been loaded! - INFO
2026-07-31 19:26:12,710 - Data for Azole Antifungal [EPC] has been loaded! - INFO
2026-07-31 19:26:18,691 - Data for olmesartan medoxomil-hydrochlorothiazide medicine has been loaded! - INFO
2026-07-31 19:26:18,691 - Data for Olmesartan Medoxomil and Hydrochlorothiazide medicine has been loaded! - INFO
2026-07-31 19:26:18,691 - Data for OLMESARTAN MEDOXOMIL and HYDROCHLOROTHIAZIDE medicine has been loaded! - INFO
2026-07-31 19:26:18,691 - Data for Valsartan and Hydrochlorothiazide medicine has been loaded! - INFO
2026-07-31 19:26:18,691 - Data for Valsartan and Hydrochlorothiazide medicine has been loaded! - INFO
2026-07-31 19:26:18,691 - Data for Losartan Potassium and Hydrochlorothiazide medicine has been loaded! - INFO
2026-07-31 19:26:18,691 - Data for Avalide medicine has been loaded! - INFO
2026-07-31 19:26:18,691 - Data for Losartan Potassium and Hydrochlorothiazide medicine has been loaded! - INFO
2026-07-31 19:26:18,691 - Data for Valsartan and Hydrochlorothiazide medicine has been loaded! - INFO
2026-07-31 19:26:18,691 - Data for Irbesartan and Hydrochlorothiazide medicine has been loaded! - INFO
2026-07-31 19:26:18,691 - Data for Irbesartan and Hydrochlorothiazide medicine has been loaded! - INFO
2026-07-31 19:26:18,691 - Data for Exforge HCT medicine has been loaded! - INFO
2026-07-31 19:26:18,691 - Data for Valsartan and Hydrochlorothiazide medicine has been loaded! - INFO
2026-07-31 19:26:18,691 - Data for Valsartan and Hydrochlorothiazide medicine has been loaded! - INFO
2026-07-31 19:26:18,691 - Data for Losartan Potassium and Hydrochlorothiazide medicine has been loaded! - INFO
2026-07-31 19:26:18,691 - Data for Losartan Potassium and Hydrochlorothiazide medicine has been loaded! - INFO
2026-07-31 19:26:18,691 - Data for amlodipine,valsartan and hydrochlorothiazide medicine has been loaded! - INFO
2026-07-31 19:26:18,691 - Data for Valsartan and Hydrochlorothiazide medicine has been loaded! - INFO
2026-07-31 19:26:18,691 - Data for olmesartan medoxomil / amlodipine besylate / hydrochlorothiazide medicine has been loaded! - INFO
2026-07-31 19:26:18,691 - Data for OLMESARTAN MEDOXOMIL and HYDROCHLOROTHIAZIDE medicine has been loaded! - INFO
2026-07-31 19:26:18,692 - Data for Losartan Potassium and Hydrochlorothiazide medicine has been loaded! - INFO
2026-07-31 19:26:18,692 - Data for Losartan Potassium and Hydrochlorothiazide medicine has been loaded! - INFO
2026-07-31 19:26:18,692 - Data for olmesartan medoxomil / amlodipine besylate / hydrochlorothiazide medicine has been loaded! - INFO
2026-07-31 19:26:18,692 - Data for Tribenzor medicine has been loaded! - INFO
2026-07-31 19:26:18,692 - Data for Losartan Potassium and Hydrochlorothiazide medicine has been loaded! - INFO
2026-07-31 19:26:18,692 - Data for Losartan potassium and Hydrochlorothiazide medicine has been loaded! - INFO
2026-07-31 19:26:18,692 - Data for OLMESARTAN MEDOXOMIL and HYDROCHLOROTHIAZIDE medicine has been loaded! - INFO
2026-07-31 19:26:18,692 - Data for Valsartan and Hydrochlorothiazide medicine has been loaded! - INFO
2026-07-31 19:26:18,692 - Data for Valsartan and Hydrochlorothiazide medicine has been loaded! - INFO
2026-07-31 19:26:18,692 - Data for OLMESARTAN MEDOXOMIL AND HYDROCHLOROTHIAZIDE medicine has been loaded! - INFO
2026-07-31 19:26:18,692 - Data for HYZAAR medicine has been loaded! - INFO
2026-07-31 19:26:18,692 - Data for Valsartan and Hydrochlorothiazide medicine has been loaded! - INFO
2026-07-31 19:26:18,692 - Data for olmesartan medoxomil / amlodipine besylate / hydrochlorothiazide medicine has been loaded! - INFO
2026-07-31 19:26:18,692 - Data for Losartan Potassium and Hydrochlorothiazide medicine has been loaded! - INFO
2026-07-31 19:26:18,692 - Data for Olmesartan medoxomil, amlodipine and hydrochlorothiazide medicine has been loaded! - INFO
2026-07-31 19:26:18,692 - Data for Irbesartan and Hydrochlorothiazide medicine has been loaded! - INFO
2026-07-31 19:26:18,692 - Data for Losartan Potassium and Hydrochlorothiazide medicine has been loaded! - INFO
2026-07-31 19:26:18,692 - Data for Valsartan and Hydrochlorothiazide medicine has been loaded! - INFO
2026-07-31 19:26:18,692 - Data for olmesartan medoxomil / amlodipine besylate / hydrochlorothiazide medicine has been loaded! - INFO
2026-07-31 19:26:18,692 - Data for OLMESARTAN MEDOXOMIL and HYDROCHLOROTHIAZIDE medicine has been loaded! - INFO
2026-07-31 19:26:18,692 - Data for Irbesartan and Hydrochlorothiazide medicine has been loaded! - INFO
2026-07-31 19:26:18,692 - Data for OLMESARTAN MEDOXOMIL and HYDROCHLOROTHIAZIDE medicine has been loaded! - INFO
2026-07-31 19:26:18,692 - Data for Olmesartan medoxomil Amlodipine and Hydrochlorothiazide medicine has been loaded! - INFO
2026-07-31 19:26:18,693 - Data for olmesartan medoxomil-hydrochlorothiazide medicine has been loaded! - INFO
2026-07-31 19:26:18,693 - Data for OLMESARTAN MEDOXOMIL and HYDROCHLOROTHIAZIDE medicine has been loaded! - INFO
2026-07-31 19:26:18,693 - Data for olmesartan medoxomil / amlodipine besylate / hydrochlorothiazide medicine has been loaded! - INFO
2026-07-31 19:26:18,693 - Data for Losartan Potassium and Hydrochlorothiazide medicine has been loaded! - INFO
2026-07-31 19:26:18,693 - Data for Olmesartan Medoxomil, Amlodipine and Hydrochlorothiazide medicine has been loaded! - INFO
2026-07-31 19:26:18,693 - Data for Amlodipine, Valsartan and Hydrochlorothiazide medicine has been loaded! - INFO
2026-07-31 19:26:18,693 - Data for Losartan Potassium and Hydrochlorothiazide medicine has been loaded! - INFO
2026-07-31 19:26:18,693 - Data for Irbesartan and Hydrochlorothiazide medicine has been loaded! - INFO
2026-07-31 19:26:18,693 - Data for Losartan Potassium and Hydrochlorothiazide medicine has been loaded! - INFO
2026-07-31 19:26:18,693 - Data for Losartan Potassium and Hydrochlorothiazide medicine has been loaded! - INFO
2026-07-31 19:26:18,693 - Data for Telmisartan and Hydrochlorothiazide medicine has been loaded! - INFO
2026-07-31 19:26:18,693 - Data for Valsartan and Hydrochlorothiazide medicine has been loaded! - INFO
2026-07-31 19:26:18,693 - Data for Losartan Potassium and Hydrochlorothiazide medicine has been loaded! - INFO
2026-07-31 19:26:18,693 - Data for Losartan Potassium and Hydrochlorothiazide medicine has been loaded! - INFO
2026-07-31 19:26:18,693 - Data for Amlodipine, Valsartan and Hydrochlorothiazide medicine has been loaded! - INFO
2026-07-31 19:26:18,693 - Data for Losartan Potassium and Hydrochlorothiazide medicine has been loaded! - INFO
2026-07-31 19:26:18,693 - Data for Olmesartan Medoxomil and Hydrochlorothiazide medicine has been loaded! - INFO
2026-07-31 19:26:18,693 - Data for Valsartan and Hydrochlorothiazide medicine has been loaded! - INFO
2026-07-31 19:26:18,693 - Data for Valsartan and Hydrochlorothiazide medicine has been loaded! - INFO
2026-07-31 19:26:18,693 - Data for Olmesartan Medoxomil and Hydrochlorothiazide medicine has been loaded! - INFO
2026-07-31 19:26:18,693 - Data for OLMESARTAN MEDOXOMIL AND HYDROCHLOROTHIAZIDE medicine has been loaded! - INFO
2026-07-31 19:26:18,693 - Data for Valsartan and Hydrochlorothiazide medicine has been loaded! - INFO
2026-07-31 19:26:18,693 - Data for Irbesartan and Hydrochlorothiazide medicine has been loaded! - INFO
2026-07-31 19:26:18,693 - Data for Benicar HCT medicine has been loaded! - INFO
2026-07-31 19:26:18,693 - Data for Losartan Potassium and Hydrochlorothiazide medicine has been loaded! - INFO
2026-07-31 19:26:18,694 - Data for Valsartan and Hydrochlorothiazide medicine has been loaded! - INFO
2026-07-31 19:26:18,694 - Data for OLMESARTAN MEDOXOMIL and HYDROCHLOROTHIAZIDE medicine has been loaded! - INFO
2026-07-31 19:26:18,694 - Data for Losartan Potassium and Hydrochlorothiazide medicine has been loaded! - INFO
2026-07-31 19:26:18,694 - Data for Olmesartan Medoxomil and Hydrochlorothiazide medicine has been loaded! - INFO
2026-07-31 19:26:18,694 - Data for Losartan Potassium and Hydrochlorothiazide medicine has been loaded! - INFO
2026-07-31 19:26:18,694 - Data for Losartan Potassium and Hydrochlorothiazide medicine has been loaded! - INFO
2026-07-31 19:26:18,694 - Data for olmesartan medoxomil / amlodipine besylate / hydrochlorothiazide medicine has been loaded! - INFO
2026-07-31 19:26:18,694 - Data for Irbesartan and Hydrochlorothiazide medicine has been loaded! - INFO
2026-07-31 19:26:18,694 - Data for Valsartan and Hydrochlorothiazide medicine has been loaded! - INFO
2026-07-31 19:26:18,694 - Data for Olmesartan Medoxomil and Hydrochlorothiazide medicine has been loaded! - INFO
2026-07-31 19:26:18,694 - Data for Losartan Potassium and Hydrochlorothiazide medicine has been loaded! - INFO
2026-07-31 19:26:18,694 - Data for AMLODIPINE, VALSARTAN, HYDROCHLOROTHIAZIDE medicine has been loaded! - INFO
2026-07-31 19:26:18,694 - Data for OLMESARTAN MEDOXOMIL AND HYDROCHLOROTHIAZIDE medicine has been loaded! - INFO
2026-07-31 19:26:18,694 - Data for Losartan Potassium and Hydrochlorothiazide medicine has been loaded! - INFO
2026-07-31 19:26:18,694 - Data for OLMESARTAN MEDOXOMIL, AMLODIPINE and HYDROCHLOROTHIAZIDE medicine has been loaded! - INFO
2026-07-31 19:26:18,694 - Data for Losartan potassium and Hydrochlorothiazide medicine has been loaded! - INFO
2026-07-31 19:26:18,694 - Data for Valsartan and Hydrochlorothiazide medicine has been loaded! - INFO
2026-07-31 19:26:18,694 - Data for olmesartan medoxomil and amlodipine besylate and hydrochlorothiazide medicine has been loaded! - INFO
2026-07-31 19:26:18,694 - Data for Losartan Potassium and Hydrochlorothiazide medicine has been loaded! - INFO
2026-07-31 19:26:18,694 - Data for Losartan Potassium and Hydrochlorothiazide medicine has been loaded! - INFO
2026-07-31 19:26:18,694 - Data for olmesartan medoxomil / amlodipine besylate / hydrochlorothiazide medicine has been loaded! - INFO
2026-07-31 19:26:18,694 - Data for Benicar HCT medicine has been loaded! - INFO
2026-07-31 19:26:18,694 - Data for Valsartan and Hydrochlorothiazide medicine has been loaded! - INFO
2026-07-31 19:26:18,694 - Data for Losartan Potassium and Hydrochlorothiazide medicine has been loaded! - INFO
2026-07-31 19:26:18,694 - Data for Olmesartan Medoxomil and Hydrochlorothiazide medicine has been loaded! - INFO
2026-07-31 19:26:18,695 - Data for Micardis HCT medicine has been loaded! - INFO
2026-07-31 19:26:18,695 - Data for olmesartan medoxomil / amlodipine besylate / hydrochlorothiazide medicine has been loaded! - INFO
2026-07-31 19:26:18,695 - Data for LOSARTAN POTASSIUM AND HYDROCHLOROTHIAZIDE medicine has been loaded! - INFO
2026-07-31 19:26:18,695 - Data for Losartan Potassium and Hydrochlorothiazide medicine has been loaded! - INFO
2026-07-31 19:26:18,695 - Data for Olmesartan Medoxomil and Hydrochlorothiazide medicine has been loaded! - INFO
2026-07-31 19:26:18,695 - Data for Olmesartan Medoxomil and Hydrochlorothiazide medicine has been loaded! - INFO
2026-07-31 19:26:18,695 - Data for OLMESARTAN MEDOXOMIL and HYDROCHLOROTHIAZIDE medicine has been loaded! - INFO
2026-07-31 19:26:18,695 - Data for Losartan Potassium and Hydrochlorothiazide medicine has been loaded! - INFO
2026-07-31 19:26:18,695 - Data for Losartan Potassium and Hydrochlorothiazide medicine has been loaded! - INFO
2026-07-31 19:26:18,695 - Data for Valsartan and Hydrochlorothiazide medicine has been loaded! - INFO
2026-07-31 19:26:18,695 - Data for olmesartan medoxomil / amlodipine besylate / hydrochlorothiazide medicine has been loaded! - INFO
2026-07-31 19:26:18,695 - Data for Losartan Potassium and Hydrochlorothiazide medicine has been loaded! - INFO
2026-07-31 19:26:18,695 - Data for Valsartan and Hydrochlorothiazide medicine has been loaded! - INFO
2026-07-31 19:26:18,695 - Data for Irbesartan and Hydrochlorothiazide medicine has been loaded! - INFO
2026-07-31 19:26:18,695 - Data for Irbesartan and Hydrochlorothiazide medicine has been loaded! - INFO
2026-07-31 19:26:18,695 - Data for olmesartan medoxomil-hydrochlorothiazide medicine has been loaded! - INFO
2026-07-31 19:26:18,695 - Data for Losartan Potassium and Hydrochlorothiazide medicine has been loaded! - INFO
2026-07-31 19:26:18,695 - Data for Olmesartan Medoxomil and Hydrochlorothiazide medicine has been loaded! - INFO
2026-07-31 19:26:18,695 - Data for LOSARTAN POTASSIUM AND HYDROCHLOROTHIAZIDE medicine has been loaded! - INFO
2026-07-31 19:26:18,695 - Data for Olmesartan medoxomil and hydrochlorothiazide medicine has been loaded! - INFO
2026-07-31 19:26:18,695 - Data for Valsartan and Hydrochlorothiazide medicine has been loaded! - INFO
2026-07-31 19:26:18,695 - Data for Valsartan and Hydrochlorothiazide medicine has been loaded! - INFO
2026-07-31 19:26:18,695 - Data for Valsartan and Hydrochlorothiazide medicine has been loaded! - INFO
2026-07-31 19:26:18,695 - Data for Diovan HCT medicine has been loaded! - INFO
2026-07-31 19:26:18,695 - Data for OLMESARTAN MEDOXOMIL AND HYDROCHLOROTHIAZIDE medicine has been loaded! - INFO
2026-07-31 19:26:18,696 - Data for Valsartan and Hydrochlorothiazide medicine has been loaded! - INFO
2026-07-31 19:26:18,696 - Data for Valsartan and Hydrochlorothiazide medicine has been loaded! - INFO
2026-07-31 19:26:18,696 - Data for Losartan Potassium and Hydrochlorothiazide medicine has been loaded! - INFO
2026-07-31 19:26:18,696 - Data for Losartan Potassium and Hydrochlorothiazide medicine has been loaded! - INFO
2026-07-31 19:26:18,696 - Data for Losartan Potassium and Hydrochlorothiazide medicine has been loaded! - INFO
2026-07-31 19:26:18,696 - Data for Valsartan and Hydrochlorothiazide medicine has been loaded! - INFO
2026-07-31 19:26:18,696 - Data for OLMESARTAN MEDOXOMIL and HYDROCHLOROTHIAZIDE medicine has been loaded! - INFO
2026-07-31 19:26:18,696 - Data for Olmesartan Medoxomil and Hydrochlorothiazide medicine has been loaded! - INFO
2026-07-31 19:26:18,696 - Data for Losartan Potassium and Hydrochlorothiazide medicine has been loaded! - INFO
2026-07-31 19:26:18,696 - Data for Valsartan and Hydrochlorothiazide medicine has been loaded! - INFO
2026-07-31 19:26:18,696 - Data for Losartan Potassium and Hydrochlorothiazide medicine has been loaded! - INFO
2026-07-31 19:26:18,696 - Data for Valsartan and Hydrochlorothiazide medicine has been loaded! - INFO
2026-07-31 19:26:18,696 - Data for Irbesartan and Hydrochlorothiazide medicine has been loaded! - INFO
2026-07-31 19:26:18,696 - Data for Losartan Potassium and Hydrochlorothiazide medicine has been loaded! - INFO
2026-07-31 19:26:18,696 - Data for Telmisartan and Hydrochlorothiazide medicine has been loaded! - INFO
2026-07-31 19:26:18,696 - Data for Irbesartan and Hydrochlorothiazide medicine has been loaded! - INFO
2026-07-31 19:26:18,696 - Data for Olmesartan Medoxomil and Hydrochlorothiazide medicine has been loaded! - INFO
2026-07-31 19:26:18,696 - Data for AMLODIPINE, VALSARTAN, HYDROCHLOROTHIAZIDE medicine has been loaded! - INFO
2026-07-31 19:26:18,696 - Data for Valsartan and Hydrochlorothiazide medicine has been loaded! - INFO
2026-07-31 19:26:18,696 - Data for Losartan Potassium and Hydrochlorothiazide medicine has been loaded! - INFO
2026-07-31 19:26:18,696 - Data for Valsartan and Hydrochlorothiazide medicine has been loaded! - INFO
2026-07-31 19:26:18,696 - Data for Valsartan and Hydrochlorothiazide medicine has been loaded! - INFO
2026-07-31 19:26:18,696 - Data for Valsartan and Hydrochlorothiazide medicine has been loaded! - INFO
2026-07-31 19:26:18,696 - Data for Losartan potassium and Hydrochlorothiazide medicine has been loaded! - INFO
2026-07-31 19:26:18,696 - Data for OLMESARTAN MEDOXOMIL and HYDROCHLOROTHIAZIDE medicine has been loaded! - INFO
2026-07-31 19:26:18,697 - Data for Valsartan and Hydrochlorothiazide medicine has been loaded! - INFO
2026-07-31 19:26:18,697 - Data for Olmesartan Medoxomil and Hydrochlorothiazide medicine has been loaded! - INFO
2026-07-31 19:26:18,697 - Data for Thiazide Diuretic [EPC] has been loaded! - INFO
2026-07-31 19:26:22,160 - Data for Ascomp with Codeine medicine has been loaded! - INFO
2026-07-31 19:26:22,160 - Data for BUTALBITAL, ASPIRIN, CAFFEINE and CODEINE PHOSPHATE medicine has been loaded! - INFO
2026-07-31 19:26:22,160 - Data for BUTALBITAL, ASPIRIN, CAFFEINE AND CODEINE PHOSPHATE medicine has been loaded! - INFO
2026-07-31 19:26:22,161 - Data for Methylxanthine [EPC] has been loaded! - INFO
2026-07-31 19:26:25,139 - Data for XELSTRYM medicine has been loaded! - INFO
2026-07-31 19:26:25,139 - Data for Methylphenidate medicine has been loaded! - INFO
2026-07-31 19:26:25,139 - Data for Ascomp with Codeine medicine has been loaded! - INFO
2026-07-31 19:26:25,139 - Data for Amphetamine medicine has been loaded! - INFO
2026-07-31 19:26:25,140 - Data for Daytrana medicine has been loaded! - INFO
2026-07-31 19:26:25,140 - Data for Cotempla XR-ODT medicine has been loaded! - INFO
2026-07-31 19:26:25,140 - Data for Amphetamine Extended-Release medicine has been loaded! - INFO
2026-07-31 19:26:25,140 - Data for Methylphenidate Transdermal System medicine has been loaded! - INFO
2026-07-31 19:26:25,140 - Data for BUTALBITAL, ASPIRIN, CAFFEINE and CODEINE PHOSPHATE medicine has been loaded! - INFO
2026-07-31 19:26:25,140 - Data for BUTALBITAL, ASPIRIN, CAFFEINE AND CODEINE PHOSPHATE medicine has been loaded! - INFO
2026-07-31 19:26:25,140 - Data for Dyanavel XR, DYANAVEL XR medicine has been loaded! - INFO
2026-07-31 19:26:25,140 - Data for Adzenys XR-ODT medicine has been loaded! - INFO
2026-07-31 19:26:25,140 - Data for Methylphenidate Extended-Release medicine has been loaded! - INFO
2026-07-31 19:26:25,141 - Data for Central Nervous System Stimulant [EPC] has been loaded! - INFO
2026-07-31 19:26:30,532 - Data for Alprazolam medicine has been loaded! - INFO
2026-07-31 19:26:30,532 - Data for Clobazam medicine has been loaded! - INFO
2026-07-31 19:26:30,532 - Data for Alprazolam medicine has been loaded! - INFO
2026-07-31 19:26:30,532 - Data for Alprazolam medicine has been loaded! - INFO
2026-07-31 19:26:30,532 - Data for Alprazolam medicine has been loaded! - INFO
2026-07-31 19:26:30,532 - Data for Alprazolam medicine has been loaded! - INFO
2026-07-31 19:26:30,532 - Data for Alprazolam XR medicine has been loaded! - INFO
2026-07-31 19:26:30,533 - Data for Alprazolam medicine has been loaded! - INFO
2026-07-31 19:26:30,533 - Data for Alprazolam medicine has been loaded! - INFO
2026-07-31 19:26:30,533 - Data for Clobazam medicine has been loaded! - INFO
2026-07-31 19:26:30,533 - Data for Valtoco medicine has been loaded! - INFO
2026-07-31 19:26:30,533 - Data for Clobazam medicine has been loaded! - INFO
2026-07-31 19:26:30,533 - Data for Clobazam medicine has been loaded! - INFO
2026-07-31 19:26:30,533 - Data for Alprazolam medicine has been loaded! - INFO
2026-07-31 19:26:30,533 - Data for Alprazolam medicine has been loaded! - INFO
2026-07-31 19:26:30,533 - Data for Alprazolam medicine has been loaded! - INFO
2026-07-31 19:26:30,533 - Data for Alprazolam medicine has been loaded! - INFO
2026-07-31 19:26:30,533 - Data for Alprazolam Extended Release medicine has been loaded! - INFO
2026-07-31 19:26:30,533 - Data for Nayzilam medicine has been loaded! - INFO
2026-07-31 19:26:30,533 - Data for Alprazolam medicine has been loaded! - INFO
2026-07-31 19:26:30,533 - Data for Alprazolam medicine has been loaded! - INFO
2026-07-31 19:26:30,533 - Data for Alprazolam medicine has been loaded! - INFO
2026-07-31 19:26:30,533 - Data for Alprazolam medicine has been loaded! - INFO
2026-07-31 19:26:30,533 - Data for Alprazolam medicine has been loaded! - INFO
2026-07-31 19:26:30,533 - Data for Alprazolam medicine has been loaded! - INFO
2026-07-31 19:26:30,534 - Data for Xanax medicine has been loaded! - INFO
2026-07-31 19:26:30,534 - Data for Alprazolam medicine has been loaded! - INFO
2026-07-31 19:26:30,534 - Data for Alprazolam medicine has been loaded! - INFO
2026-07-31 19:26:30,534 - Data for Alprazolam medicine has been loaded! - INFO
2026-07-31 19:26:30,534 - Data for Alprazolam medicine has been loaded! - INFO
2026-07-31 19:26:30,534 - Data for Clobazam medicine has been loaded! - INFO
2026-07-31 19:26:30,534 - Data for Alprazolam Extended Release medicine has been loaded! - INFO
2026-07-31 19:26:30,534 - Data for Alprazolam medicine has been loaded! - INFO
2026-07-31 19:26:30,534 - Data for Alprazolam medicine has been loaded! - INFO
2026-07-31 19:26:30,534 - Data for Alprazolam medicine has been loaded! - INFO
2026-07-31 19:26:30,534 - Data for Alprazolam medicine has been loaded! - INFO
2026-07-31 19:26:30,534 - Data for Alprazolam medicine has been loaded! - INFO
2026-07-31 19:26:30,534 - Data for Clobazam medicine has been loaded! - INFO
2026-07-31 19:26:30,534 - Data for Alprazolam medicine has been loaded! - INFO
2026-07-31 19:26:30,534 - Data for Alprazolam medicine has been loaded! - INFO
2026-07-31 19:26:30,534 - Data for SYMPAZAN medicine has been loaded! - INFO
2026-07-31 19:26:30,535 - Data for Alprazolam medicine has been loaded! - INFO
2026-07-31 19:26:30,535 - Data for Clobazam medicine has been loaded! - INFO
2026-07-31 19:26:30,535 - Data for CLOBAZAM medicine has been loaded! - INFO
2026-07-31 19:26:30,535 - Data for Alprazolam medicine has been loaded! - INFO
2026-07-31 19:26:30,535 - Data for Alprazolam medicine has been loaded! - INFO
2026-07-31 19:26:30,535 - Data for Clobazam medicine has been loaded! - INFO
2026-07-31 19:26:30,535 - Data for Clobazam medicine has been loaded! - INFO
2026-07-31 19:26:30,535 - Data for Clobazam medicine has been loaded! - INFO
2026-07-31 19:26:30,535 - Data for Alprazolam medicine has been loaded! - INFO
2026-07-31 19:26:30,535 - Data for Alprazolam medicine has been loaded! - INFO
2026-07-31 19:26:30,535 - Data for Clobazam medicine has been loaded! - INFO
2026-07-31 19:26:30,535 - Data for Alprazolam medicine has been loaded! - INFO
2026-07-31 19:26:30,535 - Data for Alprazolam medicine has been loaded! - INFO
2026-07-31 19:26:30,535 - Data for Alprazolam medicine has been loaded! - INFO
2026-07-31 19:26:30,535 - Data for Alprazolam medicine has been loaded! - INFO
2026-07-31 19:26:30,535 - Data for Alprazolam medicine has been loaded! - INFO
2026-07-31 19:26:30,535 - Data for Clobazam medicine has been loaded! - INFO
2026-07-31 19:26:30,536 - Data for Alprazolam medicine has been loaded! - INFO
2026-07-31 19:26:30,536 - Data for Clobazam medicine has been loaded! - INFO
2026-07-31 19:26:30,536 - Data for Alprazolam Extended Release medicine has been loaded! - INFO
2026-07-31 19:26:30,536 - Data for Clobazam medicine has been loaded! - INFO
2026-07-31 19:26:30,536 - Data for Alprazolam medicine has been loaded! - INFO
2026-07-31 19:26:30,536 - Data for Alprazolam medicine has been loaded! - INFO
2026-07-31 19:26:30,536 - Data for Alprazolam medicine has been loaded! - INFO
2026-07-31 19:26:30,536 - Data for Alprazolam medicine has been loaded! - INFO
2026-07-31 19:26:30,536 - Data for Xanax medicine has been loaded! - INFO
2026-07-31 19:26:30,536 - Data for Alprazolam medicine has been loaded! - INFO
2026-07-31 19:26:30,536 - Data for Xanax XR medicine has been loaded! - INFO
2026-07-31 19:26:30,536 - Data for Clobazam medicine has been loaded! - INFO
2026-07-31 19:26:30,536 - Data for Clobazam medicine has been loaded! - INFO
2026-07-31 19:26:30,536 - Data for CLOBAZAM medicine has been loaded! - INFO
2026-07-31 19:26:30,536 - Data for Alprazolam medicine has been loaded! - INFO
2026-07-31 19:26:30,536 - Data for Alprazolam medicine has been loaded! - INFO
2026-07-31 19:26:30,537 - Data for Alprazolam medicine has been loaded! - INFO
2026-07-31 19:26:30,537 - Data for Clobazam medicine has been loaded! - INFO
2026-07-31 19:26:30,537 - Data for Alprazolam medicine has been loaded! - INFO
2026-07-31 19:26:30,537 - Data for Onfi medicine has been loaded! - INFO
2026-07-31 19:26:30,537 - Data for Alprazolam medicine has been loaded! - INFO
2026-07-31 19:26:30,537 - Data for Alprazolam medicine has been loaded! - INFO
2026-07-31 19:26:30,537 - Data for Quazepam medicine has been loaded! - INFO
2026-07-31 19:26:30,537 - Data for Alprazolam medicine has been loaded! - INFO
2026-07-31 19:26:30,537 - Data for Alprazolam medicine has been loaded! - INFO
2026-07-31 19:26:30,537 - Data for Alprazolam medicine has been loaded! - INFO
2026-07-31 19:26:30,537 - Data for Alprazolam medicine has been loaded! - INFO
2026-07-31 19:26:30,537 - Data for Clobazam medicine has been loaded! - INFO
2026-07-31 19:26:30,537 - Data for Benzodiazepine [EPC] has been loaded! - INFO
2026-07-31 19:26:36,208 - Data for Proton Pump Inhibitor [EPC] has been loaded! - INFO
2026-07-31 19:26:43,625 - Data for Ibuprofen and famotidine medicine has been loaded! - INFO
2026-07-31 19:26:43,625 - Data for Ibuprofen and famotidine medicine has been loaded! - INFO
2026-07-31 19:26:43,625 - Data for Ibuprofen and famotidine medicine has been loaded! - INFO
2026-07-31 19:26:43,626 - Data for Ibuprofen and famotidine medicine has been loaded! - INFO
2026-07-31 19:26:43,626 - Data for Ibuprofen and famotidine medicine has been loaded! - INFO
2026-07-31 19:26:43,626 - Data for Ibuprofen and famotidine medicine has been loaded! - INFO
2026-07-31 19:26:43,626 - Data for Ibuprofen and famotidine medicine has been loaded! - INFO
2026-07-31 19:26:43,626 - Data for Ibuprofen and Famotidine medicine has been loaded! - INFO
2026-07-31 19:26:43,626 - Data for Ibuprofen and Famotidine medicine has been loaded! - INFO
2026-07-31 19:26:43,626 - Data for Ibuprofen and famotidine medicine has been loaded! - INFO
2026-07-31 19:26:43,626 - Data for Ibuprofen and famotidine medicine has been loaded! - INFO
2026-07-31 19:26:43,626 - Data for Ibuprofen and famotidine medicine has been loaded! - INFO
2026-07-31 19:26:43,626 - Data for Ibuprofen and famotidine medicine has been loaded! - INFO
2026-07-31 19:26:43,626 - Data for Ibuprofen and famotidine medicine has been loaded! - INFO
2026-07-31 19:26:43,626 - Data for Histamine-2 Receptor Antagonist [EPC] has been loaded! - INFO
2026-07-31 19:26:53,633 - Data for Olanzapine medicine has been loaded! - INFO
2026-07-31 19:26:53,634 - Data for Paliperidone medicine has been loaded! - INFO
2026-07-31 19:26:53,634 - Data for Olanzapine medicine has been loaded! - INFO
2026-07-31 19:26:53,634 - Data for Olanzapine medicine has been loaded! - INFO
2026-07-31 19:26:53,634 - Data for Aripiprazole medicine has been loaded! - INFO
2026-07-31 19:26:53,634 - Data for Olanzapine medicine has been loaded! - INFO
2026-07-31 19:26:53,634 - Data for RISPERIDONE medicine has been loaded! - INFO
2026-07-31 19:26:53,634 - Data for Aripiprazole medicine has been loaded! - INFO
2026-07-31 19:26:53,634 - Data for Aripiprazole medicine has been loaded! - INFO
2026-07-31 19:26:53,634 - Data for Aripiprazole medicine has been loaded! - INFO
2026-07-31 19:26:53,634 - Data for Risperidone medicine has been loaded! - INFO
2026-07-31 19:26:53,634 - Data for RISPERIDONE medicine has been loaded! - INFO
2026-07-31 19:26:53,634 - Data for Clozapine medicine has been loaded! - INFO
2026-07-31 19:26:53,634 - Data for RISPERIDONE medicine has been loaded! - INFO
2026-07-31 19:26:53,634 - Data for Olanzapine medicine has been loaded! - INFO
2026-07-31 19:26:53,634 - Data for Aripiprazole medicine has been loaded! - INFO
2026-07-31 19:26:53,635 - Data for Aripiprazole medicine has been loaded! - INFO
2026-07-31 19:26:53,635 - Data for Paliperidone medicine has been loaded! - INFO
2026-07-31 19:26:53,635 - Data for Aripiprazole medicine has been loaded! - INFO
2026-07-31 19:26:53,635 - Data for Olanzapine medicine has been loaded! - INFO
2026-07-31 19:26:53,635 - Data for Clozapine medicine has been loaded! - INFO
2026-07-31 19:26:53,635 - Data for Olanzapine medicine has been loaded! - INFO
2026-07-31 19:26:53,635 - Data for RISPERIDONE medicine has been loaded! - INFO
2026-07-31 19:26:53,635 - Data for Aripiprazole medicine has been loaded! - INFO
2026-07-31 19:26:53,635 - Data for Aripiprazole medicine has been loaded! - INFO
2026-07-31 19:26:53,635 - Data for Olanzapine medicine has been loaded! - INFO
2026-07-31 19:26:53,635 - Data for Aripiprazole medicine has been loaded! - INFO
2026-07-31 19:26:53,635 - Data for aripiprazole medicine has been loaded! - INFO
2026-07-31 19:26:53,635 - Data for Asenapine medicine has been loaded! - INFO
2026-07-31 19:26:53,635 - Data for Olanzapine medicine has been loaded! - INFO
2026-07-31 19:26:53,635 - Data for Paliperidone medicine has been loaded! - INFO
2026-07-31 19:26:53,635 - Data for Aripiprazole medicine has been loaded! - INFO
2026-07-31 19:26:53,635 - Data for Olanzapine medicine has been loaded! - INFO
2026-07-31 19:26:53,635 - Data for Aripiprazole medicine has been loaded! - INFO
2026-07-31 19:26:53,635 - Data for aripiprazole medicine has been loaded! - INFO
2026-07-31 19:26:53,636 - Data for RISPERIDONE medicine has been loaded! - INFO
2026-07-31 19:26:53,636 - Data for Aripiprazole medicine has been loaded! - INFO
2026-07-31 19:26:53,636 - Data for Aripiprazole medicine has been loaded! - INFO
2026-07-31 19:26:53,636 - Data for Olanzapine medicine has been loaded! - INFO
2026-07-31 19:26:53,636 - Data for Aripiprazole medicine has been loaded! - INFO
2026-07-31 19:26:53,636 - Data for Risperidone medicine has been loaded! - INFO
2026-07-31 19:26:53,636 - Data for Olanzapine medicine has been loaded! - INFO
2026-07-31 19:26:53,636 - Data for VERSACLOZ medicine has been loaded! - INFO
2026-07-31 19:26:53,636 - Data for Clozapine medicine has been loaded! - INFO
2026-07-31 19:26:53,636 - Data for RISPERIDONE medicine has been loaded! - INFO
2026-07-31 19:26:53,636 - Data for Aripiprazole medicine has been loaded! - INFO
2026-07-31 19:26:53,636 - Data for Olanzapine medicine has been loaded! - INFO
2026-07-31 19:26:53,636 - Data for Olanzapine medicine has been loaded! - INFO
2026-07-31 19:26:53,636 - Data for RISPERIDONE medicine has been loaded! - INFO
2026-07-31 19:26:53,636 - Data for Aripiprazole medicine has been loaded! - INFO
2026-07-31 19:26:53,636 - Data for aripiprazole medicine has been loaded! - INFO
2026-07-31 19:26:53,636 - Data for OLANZAPINE medicine has been loaded! - INFO
2026-07-31 19:26:53,636 - Data for Aripiprazole medicine has been loaded! - INFO
2026-07-31 19:26:53,636 - Data for Olanzapine and Fluoxetine medicine has been loaded! - INFO
2026-07-31 19:26:53,636 - Data for RISPERIDONE medicine has been loaded! - INFO
2026-07-31 19:26:53,636 - Data for Risperidone medicine has been loaded! - INFO
2026-07-31 19:26:53,637 - Data for Paliperidone medicine has been loaded! - INFO
2026-07-31 19:26:53,637 - Data for Olanzapine medicine has been loaded! - INFO
2026-07-31 19:26:53,637 - Data for Risperidone medicine has been loaded! - INFO
2026-07-31 19:26:53,637 - Data for LYBALVI medicine has been loaded! - INFO
2026-07-31 19:26:53,637 - Data for Olanzapine medicine has been loaded! - INFO
2026-07-31 19:26:53,637 - Data for Risperidone medicine has been loaded! - INFO
2026-07-31 19:26:53,637 - Data for FANAPT medicine has been loaded! - INFO
2026-07-31 19:26:53,637 - Data for Aripiprazole medicine has been loaded! - INFO
2026-07-31 19:26:53,637 - Data for aripiprazole medicine has been loaded! - INFO
2026-07-31 19:26:53,637 - Data for Aripiprazole medicine has been loaded! - INFO
2026-07-31 19:26:53,637 - Data for Aripiprazole medicine has been loaded! - INFO
2026-07-31 19:26:53,637 - Data for Olanzapine medicine has been loaded! - INFO
2026-07-31 19:26:53,637 - Data for Aripiprazole medicine has been loaded! - INFO
2026-07-31 19:26:53,637 - Data for Olanzapine medicine has been loaded! - INFO
2026-07-31 19:26:53,637 - Data for Risperidone medicine has been loaded! - INFO
2026-07-31 19:26:53,637 - Data for RISPERIDONE medicine has been loaded! - INFO
2026-07-31 19:26:53,637 - Data for Aripiprazole medicine has been loaded! - INFO
2026-07-31 19:26:53,637 - Data for aripiprazole medicine has been loaded! - INFO
2026-07-31 19:26:53,637 - Data for Risperidone medicine has been loaded! - INFO
2026-07-31 19:26:53,637 - Data for Aripiprazole medicine has been loaded! - INFO
2026-07-31 19:26:53,637 - Data for Aripiprazole medicine has been loaded! - INFO
2026-07-31 19:26:53,637 - Data for Olanzapine and Fluoxetine medicine has been loaded! - INFO
2026-07-31 19:26:53,638 - Data for Olanzapine medicine has been loaded! - INFO
2026-07-31 19:26:53,638 - Data for Risperidone medicine has been loaded! - INFO
2026-07-31 19:26:53,638 - Data for risperidone medicine has been loaded! - INFO
2026-07-31 19:26:53,638 - Data for Aripiprazole medicine has been loaded! - INFO
2026-07-31 19:26:53,638 - Data for Risperidone medicine has been loaded! - INFO
2026-07-31 19:26:53,638 - Data for Olanzapine medicine has been loaded! - INFO
2026-07-31 19:26:53,638 - Data for Olanzapine medicine has been loaded! - INFO
2026-07-31 19:26:53,638 - Data for Olanzapine medicine has been loaded! - INFO
2026-07-31 19:26:53,638 - Data for Aripiprazole medicine has been loaded! - INFO
2026-07-31 19:26:53,638 - Data for RISPERIDONE medicine has been loaded! - INFO
2026-07-31 19:26:53,638 - Data for Olanzapine medicine has been loaded! - INFO
2026-07-31 19:26:53,638 - Data for Aripiprazole medicine has been loaded! - INFO
2026-07-31 19:26:53,638 - Data for Risperidone medicine has been loaded! - INFO
2026-07-31 19:26:53,638 - Data for Risperidone medicine has been loaded! - INFO
2026-07-31 19:26:53,638 - Data for paliperidone medicine has been loaded! - INFO
2026-07-31 19:26:53,638 - Data for Risperidone medicine has been loaded! - INFO
2026-07-31 19:26:53,638 - Data for Paliperidone medicine has been loaded! - INFO
2026-07-31 19:26:53,638 - Data for Aripiprazole medicine has been loaded! - INFO
2026-07-31 19:26:53,638 - Data for Aripiprazole medicine has been loaded! - INFO
2026-07-31 19:26:53,638 - Data for Aripiprazole medicine has been loaded! - INFO
2026-07-31 19:26:53,638 - Data for Olanzapine medicine has been loaded! - INFO
2026-07-31 19:26:53,638 - Data for Aripiprazole medicine has been loaded! - INFO
2026-07-31 19:26:53,638 - Data for Vraylar medicine has been loaded! - INFO
2026-07-31 19:26:53,638 - Data for Aripiprazole medicine has been loaded! - INFO
2026-07-31 19:26:53,638 - Data for Aripiprazole medicine has been loaded! - INFO
2026-07-31 19:26:53,639 - Data for Olanzapine medicine has been loaded! - INFO
2026-07-31 19:26:53,639 - Data for OLANZAPINE medicine has been loaded! - INFO
2026-07-31 19:26:53,639 - Data for Olanzapine medicine has been loaded! - INFO
2026-07-31 19:26:53,639 - Data for Olanzapine medicine has been loaded! - INFO
2026-07-31 19:26:53,639 - Data for Aripiprazole medicine has been loaded! - INFO
2026-07-31 19:26:53,639 - Data for CLOZAPINE medicine has been loaded! - INFO
2026-07-31 19:26:53,639 - Data for Aripiprazole medicine has been loaded! - INFO
2026-07-31 19:26:53,639 - Data for Olanzapine medicine has been loaded! - INFO
2026-07-31 19:26:53,639 - Data for Olanzapine medicine has been loaded! - INFO
2026-07-31 19:26:53,639 - Data for Olanzapine medicine has been loaded! - INFO
2026-07-31 19:26:53,639 - Data for RISPERIDONE medicine has been loaded! - INFO
2026-07-31 19:26:53,639 - Data for Paliperidone medicine has been loaded! - INFO
2026-07-31 19:26:53,639 - Data for Olanzapine medicine has been loaded! - INFO
2026-07-31 19:26:53,639 - Data for RISPERIDONE medicine has been loaded! - INFO
2026-07-31 19:26:53,639 - Data for Aripiprazole medicine has been loaded! - INFO
2026-07-31 19:26:53,639 - Data for Olanzapine medicine has been loaded! - INFO
2026-07-31 19:26:53,639 - Data for Aripiprazole medicine has been loaded! - INFO
2026-07-31 19:26:53,639 - Data for Aripiprazole medicine has been loaded! - INFO
2026-07-31 19:26:53,639 - Data for Olanzapine medicine has been loaded! - INFO
2026-07-31 19:26:53,639 - Data for Olanzapine medicine has been loaded! - INFO
2026-07-31 19:26:53,639 - Data for Olanzapine medicine has been loaded! - INFO
2026-07-31 19:26:53,639 - Data for Aripiprazole medicine has been loaded! - INFO
2026-07-31 19:26:53,639 - Data for Olanzapine medicine has been loaded! - INFO
2026-07-31 19:26:53,640 - Data for Olanzapine medicine has been loaded! - INFO
2026-07-31 19:26:53,640 - Data for Paliperidone medicine has been loaded! - INFO
2026-07-31 19:26:53,640 - Data for Aripiprazole medicine has been loaded! - INFO
2026-07-31 19:26:53,640 - Data for Risperidone medicine has been loaded! - INFO
2026-07-31 19:26:53,640 - Data for Aripiprazole medicine has been loaded! - INFO
2026-07-31 19:26:53,640 - Data for Aripiprazole medicine has been loaded! - INFO
2026-07-31 19:26:53,640 - Data for RISPERIDONE medicine has been loaded! - INFO
2026-07-31 19:26:53,640 - Data for Aripiprazole medicine has been loaded! - INFO
2026-07-31 19:26:53,640 - Data for Risperidone medicine has been loaded! - INFO
2026-07-31 19:26:53,640 - Data for Olanzapine medicine has been loaded! - INFO
2026-07-31 19:26:53,640 - Data for Olanzapine medicine has been loaded! - INFO
2026-07-31 19:26:53,640 - Data for RISPERIDONE medicine has been loaded! - INFO
2026-07-31 19:26:53,640 - Data for Olanzapine medicine has been loaded! - INFO
2026-07-31 19:26:53,640 - Data for Olanzapine medicine has been loaded! - INFO
2026-07-31 19:26:53,640 - Data for Olanzapine medicine has been loaded! - INFO
2026-07-31 19:26:53,640 - Data for Olanzapine medicine has been loaded! - INFO
2026-07-31 19:26:53,640 - Data for Risperidone medicine has been loaded! - INFO
2026-07-31 19:26:53,640 - Data for SECUADO medicine has been loaded! - INFO
2026-07-31 19:26:53,640 - Data for Olanzapine medicine has been loaded! - INFO
2026-07-31 19:26:53,640 - Data for Aripiprazole medicine has been loaded! - INFO
2026-07-31 19:26:53,640 - Data for Olanzapine Intramuscular medicine has been loaded! - INFO
2026-07-31 19:26:53,640 - Data for Aripiprazole medicine has been loaded! - INFO
2026-07-31 19:26:53,640 - Data for Aripiprazole medicine has been loaded! - INFO
2026-07-31 19:26:53,640 - Data for Clozapine medicine has been loaded! - INFO
2026-07-31 19:26:53,640 - Data for Risperidone medicine has been loaded! - INFO
2026-07-31 19:26:53,641 - Data for Aripiprazole medicine has been loaded! - INFO
2026-07-31 19:26:53,641 - Data for Olanzapine medicine has been loaded! - INFO
2026-07-31 19:26:53,641 - Data for risperidone medicine has been loaded! - INFO
2026-07-31 19:26:53,641 - Data for Paliperidone medicine has been loaded! - INFO
2026-07-31 19:26:53,641 - Data for Aripiprazole medicine has been loaded! - INFO
2026-07-31 19:26:53,641 - Data for UZEDY medicine has been loaded! - INFO
2026-07-31 19:26:53,641 - Data for Risperidone medicine has been loaded! - INFO
2026-07-31 19:26:53,641 - Data for Aripiprazole medicine has been loaded! - INFO
2026-07-31 19:26:53,641 - Data for Olanzapine medicine has been loaded! - INFO
2026-07-31 19:26:53,641 - Data for Olanzapine medicine has been loaded! - INFO
2026-07-31 19:26:53,641 - Data for Olanzapine medicine has been loaded! - INFO
2026-07-31 19:26:53,641 - Data for Aripiprazole medicine has been loaded! - INFO
2026-07-31 19:26:53,641 - Data for RISPERIDONE medicine has been loaded! - INFO
2026-07-31 19:26:53,641 - Data for Paliperidone medicine has been loaded! - INFO
2026-07-31 19:26:53,641 - Data for INVEGA medicine has been loaded! - INFO
2026-07-31 19:26:53,641 - Data for Risperidone medicine has been loaded! - INFO
2026-07-31 19:26:53,641 - Data for Aripiprazole medicine has been loaded! - INFO
2026-07-31 19:26:53,641 - Data for CLOZAPINE medicine has been loaded! - INFO
2026-07-31 19:26:53,641 - Data for Aripiprazole medicine has been loaded! - INFO
2026-07-31 19:26:53,641 - Data for RISPERDAL, RISPERDAL M-TAB medicine has been loaded! - INFO
2026-07-31 19:26:53,641 - Data for Aripiprazole medicine has been loaded! - INFO
2026-07-31 19:26:53,641 - Data for Geodon medicine has been loaded! - INFO
2026-07-31 19:26:53,641 - Data for Risperidone medicine has been loaded! - INFO
2026-07-31 19:26:53,641 - Data for Olanzapine medicine has been loaded! - INFO
2026-07-31 19:26:53,642 - Data for ARIPIPRAZOLE medicine has been loaded! - INFO
2026-07-31 19:26:53,642 - Data for Paliperidone medicine has been loaded! - INFO
2026-07-31 19:26:53,642 - Data for Olanzapine medicine has been loaded! - INFO
2026-07-31 19:26:53,642 - Data for Clozapine medicine has been loaded! - INFO
2026-07-31 19:26:53,642 - Data for Olanzapine medicine has been loaded! - INFO
2026-07-31 19:26:53,642 - Data for Aripiprazole medicine has been loaded! - INFO
2026-07-31 19:26:53,642 - Data for Risperidone medicine has been loaded! - INFO
2026-07-31 19:26:53,642 - Data for Aripiprazole medicine has been loaded! - INFO
2026-07-31 19:26:53,642 - Data for Olanzapine medicine has been loaded! - INFO
2026-07-31 19:26:53,642 - Data for Olanzapine medicine has been loaded! - INFO
2026-07-31 19:26:53,642 - Data for Clozaril medicine has been loaded! - INFO
2026-07-31 19:26:53,642 - Data for Aripiprazole medicine has been loaded! - INFO
2026-07-31 19:26:53,642 - Data for Olanzapine medicine has been loaded! - INFO
2026-07-31 19:26:53,642 - Data for Aripiprazole medicine has been loaded! - INFO
2026-07-31 19:26:53,642 - Data for aripiprazole medicine has been loaded! - INFO
2026-07-31 19:26:53,642 - Data for Clozapine medicine has been loaded! - INFO
2026-07-31 19:26:53,642 - Data for Olanzapine medicine has been loaded! - INFO
2026-07-31 19:26:53,643 - Data for Olanzapine medicine has been loaded! - INFO
2026-07-31 19:26:53,643 - Data for Brexpiprazole medicine has been loaded! - INFO
2026-07-31 19:26:53,643 - Data for Aripiprazole medicine has been loaded! - INFO
2026-07-31 19:26:53,643 - Data for Olanzapine medicine has been loaded! - INFO
2026-07-31 19:26:53,643 - Data for Clozapine medicine has been loaded! - INFO
2026-07-31 19:26:53,643 - Data for aripiprazole medicine has been loaded! - INFO
2026-07-31 19:26:53,643 - Data for OLANZAPINE medicine has been loaded! - INFO
2026-07-31 19:26:53,643 - Data for Olanzapine Intramuscular medicine has been loaded! - INFO
2026-07-31 19:26:53,643 - Data for CLOZAPINE medicine has been loaded! - INFO
2026-07-31 19:26:53,643 - Data for Olanzapine medicine has been loaded! - INFO
2026-07-31 19:26:53,643 - Data for Risperidone medicine has been loaded! - INFO
2026-07-31 19:26:53,643 - Data for Aripiprazole medicine has been loaded! - INFO
2026-07-31 19:26:53,643 - Data for Olanzapine medicine has been loaded! - INFO
2026-07-31 19:26:53,643 - Data for Geodon medicine has been loaded! - INFO
2026-07-31 19:26:53,643 - Data for aripiprazole medicine has been loaded! - INFO
2026-07-31 19:26:53,643 - Data for Olanzapine medicine has been loaded! - INFO
2026-07-31 19:26:53,643 - Data for Paliperidone medicine has been loaded! - INFO
2026-07-31 19:26:53,643 - Data for Risperidone medicine has been loaded! - INFO
2026-07-31 19:26:53,643 - Data for RISPERIDONE medicine has been loaded! - INFO
2026-07-31 19:26:53,643 - Data for Aripiprazole medicine has been loaded! - INFO
2026-07-31 19:26:53,643 - Data for Aripiprazole medicine has been loaded! - INFO
2026-07-31 19:26:53,643 - Data for RISPERIDONE medicine has been loaded! - INFO
2026-07-31 19:26:53,643 - Data for ARIPIPRAZOLE medicine has been loaded! - INFO
2026-07-31 19:26:53,644 - Data for Risperidone medicine has been loaded! - INFO
2026-07-31 19:26:53,644 - Data for aripiprazole medicine has been loaded! - INFO
2026-07-31 19:26:53,644 - Data for Aripiprazole medicine has been loaded! - INFO
2026-07-31 19:26:53,644 - Data for RISPERIDONE medicine has been loaded! - INFO
2026-07-31 19:26:53,644 - Data for Olanzapine medicine has been loaded! - INFO
2026-07-31 19:26:53,644 - Data for Olanzapine medicine has been loaded! - INFO
2026-07-31 19:26:53,644 - Data for QUETIAPINE medicine has been loaded! - INFO
2026-07-31 19:26:53,644 - Data for ARIPIPRAZOLE medicine has been loaded! - INFO
2026-07-31 19:26:53,644 - Data for Zyprexa, ZYPREXA Intramuscular, ZYPREXA Zydis medicine has been loaded! - INFO
2026-07-31 19:26:53,644 - Data for OPIPZA medicine has been loaded! - INFO
2026-07-31 19:26:53,644 - Data for Olanzapine medicine has been loaded! - INFO
2026-07-31 19:26:53,644 - Data for risperidone medicine has been loaded! - INFO
2026-07-31 19:26:53,644 - Data for aripiprazole medicine has been loaded! - INFO
2026-07-31 19:26:53,644 - Data for Olanzapine medicine has been loaded! - INFO
2026-07-31 19:26:53,644 - Data for Olanzapine medicine has been loaded! - INFO
2026-07-31 19:26:53,644 - Data for PALIPERIDONE medicine has been loaded! - INFO
2026-07-31 19:26:53,644 - Data for Aripiprazole medicine has been loaded! - INFO
2026-07-31 19:26:53,644 - Data for RISPERIDONE medicine has been loaded! - INFO
2026-07-31 19:26:53,644 - Data for RISPERIDONE medicine has been loaded! - INFO
2026-07-31 19:26:53,644 - Data for paliperidone medicine has been loaded! - INFO
2026-07-31 19:26:53,645 - Data for RISPERIDONE medicine has been loaded! - INFO
2026-07-31 19:26:53,645 - Data for Aripiprazole medicine has been loaded! - INFO
2026-07-31 19:26:53,645 - Data for ABILIFY medicine has been loaded! - INFO
2026-07-31 19:26:53,645 - Data for Aripiprazole medicine has been loaded! - INFO
2026-07-31 19:26:53,645 - Data for Olanzapine medicine has been loaded! - INFO
2026-07-31 19:26:53,645 - Data for Olanzapine medicine has been loaded! - INFO
2026-07-31 19:26:53,645 - Data for Olanzapine medicine has been loaded! - INFO
2026-07-31 19:26:53,645 - Data for RISPERIDONE medicine has been loaded! - INFO
2026-07-31 19:26:53,645 - Data for Olanzapine medicine has been loaded! - INFO
2026-07-31 19:26:53,645 - Data for Paliperidone medicine has been loaded! - INFO
2026-07-31 19:26:53,645 - Data for Aripiprazole medicine has been loaded! - INFO
2026-07-31 19:26:53,645 - Data for Paliperidone medicine has been loaded! - INFO
2026-07-31 19:26:53,645 - Data for Risperidone medicine has been loaded! - INFO
2026-07-31 19:26:53,645 - Data for Aripiprazole medicine has been loaded! - INFO
2026-07-31 19:26:53,645 - Data for Risperidone medicine has been loaded! - INFO
2026-07-31 19:26:53,645 - Data for Clozapine medicine has been loaded! - INFO
2026-07-31 19:26:53,645 - Data for Olanzapine medicine has been loaded! - INFO
2026-07-31 19:26:53,646 - Data for Asenapine medicine has been loaded! - INFO
2026-07-31 19:26:53,646 - Data for Olanzapine medicine has been loaded! - INFO
2026-07-31 19:26:53,646 - Data for Risperidone medicine has been loaded! - INFO
2026-07-31 19:26:53,646 - Data for Aripiprazole medicine has been loaded! - INFO
2026-07-31 19:26:53,646 - Data for aripiprazole medicine has been loaded! - INFO
2026-07-31 19:26:53,646 - Data for Olanzapine medicine has been loaded! - INFO
2026-07-31 19:26:53,646 - Data for Clozapine medicine has been loaded! - INFO
2026-07-31 19:26:53,646 - Data for Olanzapine medicine has been loaded! - INFO
2026-07-31 19:26:53,646 - Data for Olanzapine medicine has been loaded! - INFO
2026-07-31 19:26:53,646 - Data for Olanzapine medicine has been loaded! - INFO
2026-07-31 19:26:53,646 - Data for risperidone medicine has been loaded! - INFO
2026-07-31 19:26:53,646 - Data for Clozapine medicine has been loaded! - INFO
2026-07-31 19:26:53,646 - Data for Paliperidone medicine has been loaded! - INFO
2026-07-31 19:26:53,646 - Data for Aripiprazole medicine has been loaded! - INFO
2026-07-31 19:26:53,646 - Data for Aripiprazole medicine has been loaded! - INFO
2026-07-31 19:26:53,646 - Data for Abilify Asimtufii medicine has been loaded! - INFO
2026-07-31 19:26:53,647 - Data for CAPLYTA medicine has been loaded! - INFO
2026-07-31 19:26:53,647 - Data for Olanzapine medicine has been loaded! - INFO
2026-07-31 19:26:53,647 - Data for Olanzapine medicine has been loaded! - INFO
2026-07-31 19:26:53,647 - Data for Risperidone medicine has been loaded! - INFO
2026-07-31 19:26:53,647 - Data for Olanzapine medicine has been loaded! - INFO
2026-07-31 19:26:53,647 - Data for Olanzapine medicine has been loaded! - INFO
2026-07-31 19:26:53,647 - Data for Aripiprazole medicine has been loaded! - INFO
2026-07-31 19:26:53,647 - Data for PALIPERIDONE medicine has been loaded! - INFO
2026-07-31 19:26:53,647 - Data for Olanzapine medicine has been loaded! - INFO
2026-07-31 19:26:53,647 - Data for RISPERIDONE medicine has been loaded! - INFO
2026-07-31 19:26:53,647 - Data for Olanzapine medicine has been loaded! - INFO
2026-07-31 19:26:53,647 - Data for Paliperidone medicine has been loaded! - INFO
2026-07-31 19:26:53,647 - Data for Risperidone medicine has been loaded! - INFO
2026-07-31 19:26:53,647 - Data for aripiprazole medicine has been loaded! - INFO
2026-07-31 19:26:53,647 - Data for Olanzapine medicine has been loaded! - INFO
2026-07-31 19:26:53,648 - Data for Olanzapine medicine has been loaded! - INFO
2026-07-31 19:26:53,648 - Data for Risperidone medicine has been loaded! - INFO
2026-07-31 19:26:53,648 - Data for Olanzapine medicine has been loaded! - INFO
2026-07-31 19:26:53,648 - Data for Olanzapine medicine has been loaded! - INFO
2026-07-31 19:26:53,648 - Data for Olanzapine medicine has been loaded! - INFO
2026-07-31 19:26:53,648 - Data for Aripiprazole medicine has been loaded! - INFO
2026-07-31 19:26:53,648 - Data for RISPERIDONE medicine has been loaded! - INFO
2026-07-31 19:26:53,648 - Data for RISPERIDONE medicine has been loaded! - INFO
2026-07-31 19:26:53,648 - Data for ILOPERIDONE medicine has been loaded! - INFO
2026-07-31 19:26:53,648 - Data for Olanzapine medicine has been loaded! - INFO
2026-07-31 19:26:53,648 - Data for Paliperidone medicine has been loaded! - INFO
2026-07-31 19:26:53,648 - Data for Risperidone medicine has been loaded! - INFO
2026-07-31 19:26:53,648 - Data for Paliperidone medicine has been loaded! - INFO
2026-07-31 19:26:53,648 - Data for Olanzapine medicine has been loaded! - INFO
2026-07-31 19:26:53,648 - Data for Olanzapine and Fluoxetine medicine has been loaded! - INFO
2026-07-31 19:26:53,648 - Data for Olanzapine medicine has been loaded! - INFO
2026-07-31 19:26:53,648 - Data for Paliperidone medicine has been loaded! - INFO
2026-07-31 19:26:53,648 - Data for Aripiprazole medicine has been loaded! - INFO
2026-07-31 19:26:53,648 - Data for Risperidone medicine has been loaded! - INFO
2026-07-31 19:26:53,649 - Data for aripiprazole medicine has been loaded! - INFO
2026-07-31 19:26:53,649 - Data for Aripiprazole medicine has been loaded! - INFO
2026-07-31 19:26:53,649 - Data for Aripiprazole medicine has been loaded! - INFO
2026-07-31 19:26:53,649 - Data for Aripiprazole medicine has been loaded! - INFO
2026-07-31 19:26:53,649 - Data for Aripiprazole medicine has been loaded! - INFO
2026-07-31 19:26:53,649 - Data for Aripiprazole medicine has been loaded! - INFO
2026-07-31 19:26:53,649 - Data for Paliperidone medicine has been loaded! - INFO
2026-07-31 19:26:53,649 - Data for Aripiprazole medicine has been loaded! - INFO
2026-07-31 19:26:53,649 - Data for Atypical Antipsychotic [EPC] has been loaded! - INFO
2026-07-31 19:26:55,862 - Data for Standardized Insect Venom Allergenic Extract [EPC] has been loaded! - INFO
2026-07-31 19:27:03,317 - Data for Lamotrigine medicine has been loaded! - INFO
2026-07-31 19:27:03,317 - Data for VIGADRONE medicine has been loaded! - INFO
2026-07-31 19:27:03,317 - Data for SUBVENITE medicine has been loaded! - INFO
2026-07-31 19:27:03,318 - Data for Lamotrigine medicine has been loaded! - INFO
2026-07-31 19:27:03,318 - Data for Lamotrigine medicine has been loaded! - INFO
2026-07-31 19:27:03,318 - Data for Vigabatrin medicine has been loaded! - INFO
2026-07-31 19:27:03,318 - Data for lamotrigine medicine has been loaded! - INFO
2026-07-31 19:27:03,318 - Data for Lamotrigine medicine has been loaded! - INFO
2026-07-31 19:27:03,318 - Data for Vigabatrin medicine has been loaded! - INFO
2026-07-31 19:27:03,318 - Data for Lamotrigine medicine has been loaded! - INFO
2026-07-31 19:27:03,318 - Data for Lamotrigine medicine has been loaded! - INFO
2026-07-31 19:27:03,318 - Data for Vigabatrin medicine has been loaded! - INFO
2026-07-31 19:27:03,318 - Data for Valproic Acid medicine has been loaded! - INFO
2026-07-31 19:27:03,318 - Data for Lamotrigine medicine has been loaded! - INFO
2026-07-31 19:27:03,318 - Data for Lamotrigine medicine has been loaded! - INFO
2026-07-31 19:27:03,318 - Data for Lamotrigine medicine has been loaded! - INFO
2026-07-31 19:27:03,318 - Data for Lamotrigine medicine has been loaded! - INFO
2026-07-31 19:27:03,318 - Data for LAMOTRIGINE medicine has been loaded! - INFO
2026-07-31 19:27:03,318 - Data for Valproic Acid medicine has been loaded! - INFO
2026-07-31 19:27:03,319 - Data for Lamotrigine medicine has been loaded! - INFO
2026-07-31 19:27:03,319 - Data for LAMOTRIGINE medicine has been loaded! - INFO
2026-07-31 19:27:03,319 - Data for Valproic Acid medicine has been loaded! - INFO
2026-07-31 19:27:03,319 - Data for Lamotrigine medicine has been loaded! - INFO
2026-07-31 19:27:03,319 - Data for Lamotrigine medicine has been loaded! - INFO
2026-07-31 19:27:03,319 - Data for LAMOTRIGINE medicine has been loaded! - INFO
2026-07-31 19:27:03,319 - Data for Lamotrigine medicine has been loaded! - INFO
2026-07-31 19:27:03,319 - Data for Valproic medicine has been loaded! - INFO
2026-07-31 19:27:03,319 - Data for Lamotrigine medicine has been loaded! - INFO
2026-07-31 19:27:03,319 - Data for Lamotrigine medicine has been loaded! - INFO
2026-07-31 19:27:03,319 - Data for Valproic Acid medicine has been loaded! - INFO
2026-07-31 19:27:03,319 - Data for Lamotrigine medicine has been loaded! - INFO
2026-07-31 19:27:03,319 - Data for valproic acid medicine has been loaded! - INFO
2026-07-31 19:27:03,319 - Data for lamotrigine medicine has been loaded! - INFO
2026-07-31 19:27:03,319 - Data for Lamotrigine medicine has been loaded! - INFO
2026-07-31 19:27:03,319 - Data for LAMICTAL XR medicine has been loaded! - INFO
2026-07-31 19:27:03,319 - Data for Lamotrigine medicine has been loaded! - INFO
2026-07-31 19:27:03,320 - Data for Lamotrigine medicine has been loaded! - INFO
2026-07-31 19:27:03,320 - Data for Valproic Acid medicine has been loaded! - INFO
2026-07-31 19:27:03,320 - Data for LAMOTRIGINE Kit, LAMOTRIGINE medicine has been loaded! - INFO
2026-07-31 19:27:03,320 - Data for Lamotrigine medicine has been loaded! - INFO
2026-07-31 19:27:03,320 - Data for Vigabatrin medicine has been loaded! - INFO
2026-07-31 19:27:03,320 - Data for VALPROIC ACID medicine has been loaded! - INFO
2026-07-31 19:27:03,320 - Data for Lamotrigine medicine has been loaded! - INFO
2026-07-31 19:27:03,320 - Data for Lamotrigine medicine has been loaded! - INFO
2026-07-31 19:27:03,320 - Data for Lamotrigine medicine has been loaded! - INFO
2026-07-31 19:27:03,320 - Data for Lamotrigine medicine has been loaded! - INFO
2026-07-31 19:27:03,320 - Data for LAMOTRIGINE medicine has been loaded! - INFO
2026-07-31 19:27:03,320 - Data for LAMOTRIGINE medicine has been loaded! - INFO
2026-07-31 19:27:03,320 - Data for Lamotrigine medicine has been loaded! - INFO
2026-07-31 19:27:03,320 - Data for Lamotrigine medicine has been loaded! - INFO
2026-07-31 19:27:03,320 - Data for Lamotrigine medicine has been loaded! - INFO
2026-07-31 19:27:03,320 - Data for Lamotrigine medicine has been loaded! - INFO
2026-07-31 19:27:03,321 - Data for VALPROIC ACID medicine has been loaded! - INFO
2026-07-31 19:27:03,321 - Data for Lamotrigine medicine has been loaded! - INFO
2026-07-31 19:27:03,321 - Data for Lamotrigine medicine has been loaded! - INFO
2026-07-31 19:27:03,321 - Data for Lamotrigine medicine has been loaded! - INFO
2026-07-31 19:27:03,321 - Data for Lamotrigine medicine has been loaded! - INFO
2026-07-31 19:27:03,321 - Data for Lamotrigine medicine has been loaded! - INFO
2026-07-31 19:27:03,321 - Data for Vigabatrin medicine has been loaded! - INFO
2026-07-31 19:27:03,321 - Data for VIGADRONE medicine has been loaded! - INFO
2026-07-31 19:27:03,321 - Data for Vigabatrin medicine has been loaded! - INFO
2026-07-31 19:27:03,321 - Data for Lamotrigine medicine has been loaded! - INFO
2026-07-31 19:27:03,321 - Data for Lamotrigine medicine has been loaded! - INFO
2026-07-31 19:27:03,321 - Data for Lamotrigine medicine has been loaded! - INFO
2026-07-31 19:27:03,321 - Data for Lamotrigine medicine has been loaded! - INFO
2026-07-31 19:27:03,321 - Data for lamotrigine medicine has been loaded! - INFO
2026-07-31 19:27:03,321 - Data for VALPROIC ACID medicine has been loaded! - INFO
2026-07-31 19:27:03,321 - Data for Lamotrigine medicine has been loaded! - INFO
2026-07-31 19:27:03,321 - Data for Lamotrigine medicine has been loaded! - INFO
2026-07-31 19:27:03,321 - Data for vigabatrin medicine has been loaded! - INFO
2026-07-31 19:27:03,322 - Data for vigabatrin medicine has been loaded! - INFO
2026-07-31 19:27:03,322 - Data for Lamotrigine medicine has been loaded! - INFO
2026-07-31 19:27:03,322 - Data for Lamotrigine medicine has been loaded! - INFO
2026-07-31 19:27:03,322 - Data for lamotrigine medicine has been loaded! - INFO
2026-07-31 19:27:03,322 - Data for Lamotrigine medicine has been loaded! - INFO
2026-07-31 19:27:03,322 - Data for Lamotrigine medicine has been loaded! - INFO
2026-07-31 19:27:03,322 - Data for SUBVENITE medicine has been loaded! - INFO
2026-07-31 19:27:03,322 - Data for valproic acid medicine has been loaded! - INFO
2026-07-31 19:27:03,322 - Data for VALPROIC ACID medicine has been loaded! - INFO
2026-07-31 19:27:03,322 - Data for Lamotrigine medicine has been loaded! - INFO
2026-07-31 19:27:03,322 - Data for Lamotrigine medicine has been loaded! - INFO
2026-07-31 19:27:03,322 - Data for VIGABATRIN medicine has been loaded! - INFO
2026-07-31 19:27:03,322 - Data for LAMOTRIGINE medicine has been loaded! - INFO
2026-07-31 19:27:03,322 - Data for vigabatrin medicine has been loaded! - INFO
2026-07-31 19:27:03,322 - Data for Lamotrigine medicine has been loaded! - INFO
2026-07-31 19:27:03,322 - Data for Valproic Acid medicine has been loaded! - INFO
2026-07-31 19:27:03,322 - Data for Lamotrigine medicine has been loaded! - INFO
2026-07-31 19:27:03,322 - Data for Lamotrigine medicine has been loaded! - INFO
2026-07-31 19:27:03,322 - Data for VIGAFYDE medicine has been loaded! - INFO
2026-07-31 19:27:03,322 - Data for Vigabatrin medicine has been loaded! - INFO
2026-07-31 19:27:03,322 - Data for Lamotrigine medicine has been loaded! - INFO
2026-07-31 19:27:03,323 - Data for Vigabatrin medicine has been loaded! - INFO
2026-07-31 19:27:03,323 - Data for Vigabatrin medicine has been loaded! - INFO
2026-07-31 19:27:03,323 - Data for Lamotrigine medicine has been loaded! - INFO
2026-07-31 19:27:03,323 - Data for Lamotrigine medicine has been loaded! - INFO
2026-07-31 19:27:03,323 - Data for Lamotrigine medicine has been loaded! - INFO
2026-07-31 19:27:03,323 - Data for Lamotrigine medicine has been loaded! - INFO
2026-07-31 19:27:03,323 - Data for Lamotrigine medicine has been loaded! - INFO
2026-07-31 19:27:03,323 - Data for Lamotrigine medicine has been loaded! - INFO
2026-07-31 19:27:03,323 - Data for Valproic Acid medicine has been loaded! - INFO
2026-07-31 19:27:03,323 - Data for Lamotrigine medicine has been loaded! - INFO
2026-07-31 19:27:03,323 - Data for lamotrigine medicine has been loaded! - INFO
2026-07-31 19:27:03,323 - Data for Lamotrigine medicine has been loaded! - INFO
2026-07-31 19:27:03,323 - Data for Lamotrigine medicine has been loaded! - INFO
2026-07-31 19:27:03,323 - Data for Lamotrigine medicine has been loaded! - INFO
2026-07-31 19:27:03,323 - Data for vigabatrin for oral solution medicine has been loaded! - INFO
2026-07-31 19:27:03,324 - Data for Lamotrigine medicine has been loaded! - INFO
2026-07-31 19:27:03,324 - Data for LAMOTRIGINE medicine has been loaded! - INFO
2026-07-31 19:27:03,324 - Data for Vigabatrin medicine has been loaded! - INFO
2026-07-31 19:27:03,324 - Data for Lamotrigine medicine has been loaded! - INFO
2026-07-31 19:27:03,324 - Data for vigabatrin medicine has been loaded! - INFO
2026-07-31 19:27:03,324 - Data for Valproic Acid medicine has been loaded! - INFO
2026-07-31 19:27:03,324 - Data for Valproic medicine has been loaded! - INFO
2026-07-31 19:27:03,324 - Data for Lamotrigine medicine has been loaded! - INFO
2026-07-31 19:27:03,324 - Data for Lamotrigine medicine has been loaded! - INFO
2026-07-31 19:27:03,324 - Data for Lamotrigine Extended-Release medicine has been loaded! - INFO
2026-07-31 19:27:03,324 - Data for LAMICTAL, LAMICTAL ODT medicine has been loaded! - INFO
2026-07-31 19:27:03,324 - Data for VALPROIC ACID medicine has been loaded! - INFO
2026-07-31 19:27:03,324 - Data for Lamotrigine medicine has been loaded! - INFO
2026-07-31 19:27:03,324 - Data for Lamotrigine medicine has been loaded! - INFO
2026-07-31 19:27:03,325 - Data for Lamotrigine medicine has been loaded! - INFO
2026-07-31 19:27:03,325 - Data for Lamotrigine medicine has been loaded! - INFO
2026-07-31 19:27:03,325 - Data for Lamotrigine medicine has been loaded! - INFO
2026-07-31 19:27:03,325 - Data for Lamotrigine medicine has been loaded! - INFO
2026-07-31 19:27:03,325 - Data for Lamotrigine medicine has been loaded! - INFO
2026-07-31 19:27:03,325 - Data for Lamotrigine medicine has been loaded! - INFO
2026-07-31 19:27:03,325 - Data for lamotrigine medicine has been loaded! - INFO
2026-07-31 19:27:03,325 - Data for VIGABATRIN medicine has been loaded! - INFO
2026-07-31 19:27:03,325 - Data for Lamotrigine medicine has been loaded! - INFO
2026-07-31 19:27:03,325 - Data for vigabatrin medicine has been loaded! - INFO
2026-07-31 19:27:03,325 - Data for Lamotrigine medicine has been loaded! - INFO
2026-07-31 19:27:03,325 - Data for Valproic Acid medicine has been loaded! - INFO
2026-07-31 19:27:03,325 - Data for VIGABATRIN medicine has been loaded! - INFO
2026-07-31 19:27:03,326 - Data for LAMOTRIGINE medicine has been loaded! - INFO
2026-07-31 19:27:03,326 - Data for Lamotrigine medicine has been loaded! - INFO
2026-07-31 19:27:03,326 - Data for Lamotrigine medicine has been loaded! - INFO
2026-07-31 19:27:03,326 - Data for Vigabatrin medicine has been loaded! - INFO
2026-07-31 19:27:03,326 - Data for LAMOTRIGINE medicine has been loaded! - INFO
2026-07-31 19:27:03,326 - Data for lamotrigine medicine has been loaded! - INFO
2026-07-31 19:27:03,326 - Data for Lamotrigine medicine has been loaded! - INFO
2026-07-31 19:27:03,326 - Data for Lamotrigine medicine has been loaded! - INFO
2026-07-31 19:27:03,326 - Data for Lamotrigine Extended Release medicine has been loaded! - INFO
2026-07-31 19:27:03,326 - Data for Lamotrigine medicine has been loaded! - INFO
2026-07-31 19:27:03,326 - Data for Anti-epileptic Agent [EPC] has been loaded! - INFO
2026-07-31 19:27:05,531 - Data for Non-Standardized Chemical Allergen [EPC] has been loaded! - INFO
2026-07-31 19:27:08,044 - Data for Arteriolar Vasodilator [EPC] has been loaded! - INFO
2026-07-31 19:27:11,076 - Data for Muscle Relaxant [EPC] has been loaded! - INFO
2026-07-31 19:27:19,492 - Data for ENTRESTO medicine has been loaded! - INFO
2026-07-31 19:27:19,492 - Data for Valsartan medicine has been loaded! - INFO
2026-07-31 19:27:19,493 - Data for Valsartan medicine has been loaded! - INFO
2026-07-31 19:27:19,493 - Data for Valsartan and Hydrochlorothiazide medicine has been loaded! - INFO
2026-07-31 19:27:19,493 - Data for Sacubitril and Valsartan medicine has been loaded! - INFO
2026-07-31 19:27:19,493 - Data for Valsartan medicine has been loaded! - INFO
2026-07-31 19:27:19,493 - Data for IRBESARTAN medicine has been loaded! - INFO
2026-07-31 19:27:19,493 - Data for Irbesartan medicine has been loaded! - INFO
2026-07-31 19:27:19,493 - Data for Valsartan medicine has been loaded! - INFO
2026-07-31 19:27:19,493 - Data for Valsartan and Hydrochlorothiazide medicine has been loaded! - INFO
2026-07-31 19:27:19,493 - Data for telmisartan medicine has been loaded! - INFO
2026-07-31 19:27:19,493 - Data for Irbesartan medicine has been loaded! - INFO
2026-07-31 19:27:19,493 - Data for Avalide medicine has been loaded! - INFO
2026-07-31 19:27:19,493 - Data for Irbesartan medicine has been loaded! - INFO
2026-07-31 19:27:19,493 - Data for Valsartan medicine has been loaded! - INFO
2026-07-31 19:27:19,493 - Data for Sacubitril and Valsartan medicine has been loaded! - INFO
2026-07-31 19:27:19,493 - Data for Valsartan medicine has been loaded! - INFO
2026-07-31 19:27:19,493 - Data for ENTRESTO medicine has been loaded! - INFO
2026-07-31 19:27:19,493 - Data for ENTRESTO medicine has been loaded! - INFO
2026-07-31 19:27:19,493 - Data for ENTRESTO medicine has been loaded! - INFO
2026-07-31 19:27:19,493 - Data for Telmisartan and Amlodipine medicine has been loaded! - INFO
2026-07-31 19:27:19,493 - Data for Valsartan and Hydrochlorothiazide medicine has been loaded! - INFO
2026-07-31 19:27:19,493 - Data for Irbesartan and Hydrochlorothiazide medicine has been loaded! - INFO
2026-07-31 19:27:19,493 - Data for Irbesartan and Hydrochlorothiazide medicine has been loaded! - INFO
2026-07-31 19:27:19,493 - Data for Exforge HCT medicine has been loaded! - INFO
2026-07-31 19:27:19,493 - Data for Valsartan and Hydrochlorothiazide medicine has been loaded! - INFO
2026-07-31 19:27:19,493 - Data for Irbesartan medicine has been loaded! - INFO
2026-07-31 19:27:19,493 - Data for Valsartan and Hydrochlorothiazide medicine has been loaded! - INFO
2026-07-31 19:27:19,493 - Data for amlodipine,valsartan and hydrochlorothiazide medicine has been loaded! - INFO
2026-07-31 19:27:19,493 - Data for Valsartan and Hydrochlorothiazide medicine has been loaded! - INFO
2026-07-31 19:27:19,493 - Data for Irbesartan medicine has been loaded! - INFO
2026-07-31 19:27:19,494 - Data for Amlodipine and Valsartan medicine has been loaded! - INFO
2026-07-31 19:27:19,494 - Data for Irbesartan medicine has been loaded! - INFO
2026-07-31 19:27:19,494 - Data for Irbesartan medicine has been loaded! - INFO
2026-07-31 19:27:19,494 - Data for Valsartan medicine has been loaded! - INFO
2026-07-31 19:27:19,494 - Data for telmisartan medicine has been loaded! - INFO
2026-07-31 19:27:19,494 - Data for Sacubitril and Valsartan medicine has been loaded! - INFO
2026-07-31 19:27:19,494 - Data for telmisartan medicine has been loaded! - INFO
2026-07-31 19:27:19,494 - Data for Irbesartan medicine has been loaded! - INFO
2026-07-31 19:27:19,494 - Data for Amlodipine and Valsartan medicine has been loaded! - INFO
2026-07-31 19:27:19,494 - Data for Telmisartan medicine has been loaded! - INFO
2026-07-31 19:27:19,494 - Data for Valsartan and Hydrochlorothiazide medicine has been loaded! - INFO
2026-07-31 19:27:19,494 - Data for Valsartan and Hydrochlorothiazide medicine has been loaded! - INFO
2026-07-31 19:27:19,494 - Data for Sacubitril and Valsartan medicine has been loaded! - INFO
2026-07-31 19:27:19,494 - Data for Sacubitril and Valsartan medicine has been loaded! - INFO
2026-07-31 19:27:19,494 - Data for Valsartan medicine has been loaded! - INFO
2026-07-31 19:27:19,494 - Data for Telmisartan medicine has been loaded! - INFO
2026-07-31 19:27:19,494 - Data for Sacubitril and Valsartan medicine has been loaded! - INFO
2026-07-31 19:27:19,494 - Data for Valsartan and Hydrochlorothiazide medicine has been loaded! - INFO
2026-07-31 19:27:19,494 - Data for Sacubitril and Valsartan medicine has been loaded! - INFO
2026-07-31 19:27:19,494 - Data for Sacubitril and Valsartan medicine has been loaded! - INFO
2026-07-31 19:27:19,494 - Data for Irbesartan medicine has been loaded! - INFO
2026-07-31 19:27:19,494 - Data for Sacubitril and Valsartan medicine has been loaded! - INFO
2026-07-31 19:27:19,494 - Data for telmisartan medicine has been loaded! - INFO
2026-07-31 19:27:19,494 - Data for sacubitril and valsartan medicine has been loaded! - INFO
2026-07-31 19:27:19,495 - Data for Irbesartan and Hydrochlorothiazide medicine has been loaded! - INFO
2026-07-31 19:27:19,495 - Data for Sacubitril and Valsartan medicine has been loaded! - INFO
2026-07-31 19:27:19,495 - Data for Sacubitril and Valsartan medicine has been loaded! - INFO
2026-07-31 19:27:19,495 - Data for Sacubitril and Valsartan medicine has been loaded! - INFO
2026-07-31 19:27:19,495 - Data for Valsartan and Hydrochlorothiazide medicine has been loaded! - INFO
2026-07-31 19:27:19,495 - Data for Telmisartan medicine has been loaded! - INFO
2026-07-31 19:27:19,495 - Data for Valsartan medicine has been loaded! - INFO
2026-07-31 19:27:19,495 - Data for sacubitril and valsartan medicine has been loaded! - INFO
2026-07-31 19:27:19,495 - Data for Sacubitril and Valsartan medicine has been loaded! - INFO
2026-07-31 19:27:19,495 - Data for Irbesartan and Hydrochlorothiazide medicine has been loaded! - INFO
2026-07-31 19:27:19,495 - Data for Valsartan medicine has been loaded! - INFO
2026-07-31 19:27:19,495 - Data for Telmisartan medicine has been loaded! - INFO
2026-07-31 19:27:19,495 - Data for Amlodipine and Valsartan medicine has been loaded! - INFO
2026-07-31 19:27:19,495 - Data for telmisartan medicine has been loaded! - INFO
2026-07-31 19:27:19,495 - Data for Telmisartan medicine has been loaded! - INFO
2026-07-31 19:27:19,495 - Data for Telmisartan medicine has been loaded! - INFO
2026-07-31 19:27:19,495 - Data for sacubitril and valsartan medicine has been loaded! - INFO
2026-07-31 19:27:19,495 - Data for telmisartan medicine has been loaded! - INFO
2026-07-31 19:27:19,495 - Data for valsartan medicine has been loaded! - INFO
2026-07-31 19:27:19,495 - Data for Irbesartan medicine has been loaded! - INFO
2026-07-31 19:27:19,495 - Data for Irbesartan medicine has been loaded! - INFO
2026-07-31 19:27:19,495 - Data for Amlodipine, Valsartan and Hydrochlorothiazide medicine has been loaded! - INFO
2026-07-31 19:27:19,495 - Data for Diovan medicine has been loaded! - INFO
2026-07-31 19:27:19,495 - Data for amlodipine and valsartan medicine has been loaded! - INFO
2026-07-31 19:27:19,495 - Data for Irbesartan and Hydrochlorothiazide medicine has been loaded! - INFO
2026-07-31 19:27:19,495 - Data for Valsartan medicine has been loaded! - INFO
2026-07-31 19:27:19,495 - Data for Sacubitril and valsartan medicine has been loaded! - INFO
2026-07-31 19:27:19,495 - Data for Telmisartan medicine has been loaded! - INFO
2026-07-31 19:27:19,495 - Data for Telmisartan and Hydrochlorothiazide medicine has been loaded! - INFO
2026-07-31 19:27:19,495 - Data for Valsartan medicine has been loaded! - INFO
2026-07-31 19:27:19,495 - Data for Amlodipine and Valsartan medicine has been loaded! - INFO
2026-07-31 19:27:19,495 - Data for Valsartan and Hydrochlorothiazide medicine has been loaded! - INFO
2026-07-31 19:27:19,495 - Data for Valsartan medicine has been loaded! - INFO
2026-07-31 19:27:19,495 - Data for Valsartan medicine has been loaded! - INFO
2026-07-31 19:27:19,495 - Data for Valsartan medicine has been loaded! - INFO
2026-07-31 19:27:19,496 - Data for Amlodipine, Valsartan and Hydrochlorothiazide medicine has been loaded! - INFO
2026-07-31 19:27:19,496 - Data for Valsartan medicine has been loaded! - INFO
2026-07-31 19:27:19,496 - Data for Sacubitril and Valsartan medicine has been loaded! - INFO
2026-07-31 19:27:19,496 - Data for Valsartan medicine has been loaded! - INFO
2026-07-31 19:27:19,496 - Data for Valsartan and Hydrochlorothiazide medicine has been loaded! - INFO
2026-07-31 19:27:19,496 - Data for sacubitril and valsartan medicine has been loaded! - INFO
2026-07-31 19:27:19,496 - Data for Valsartan and Hydrochlorothiazide medicine has been loaded! - INFO
2026-07-31 19:27:19,496 - Data for Telmisartan medicine has been loaded! - INFO
2026-07-31 19:27:19,496 - Data for Avapro medicine has been loaded! - INFO
2026-07-31 19:27:19,496 - Data for Valsartan and Hydrochlorothiazide medicine has been loaded! - INFO
2026-07-31 19:27:19,496 - Data for Valsartan medicine has been loaded! - INFO
2026-07-31 19:27:19,496 - Data for Valsartan medicine has been loaded! - INFO
2026-07-31 19:27:19,496 - Data for Valsartan medicine has been loaded! - INFO
2026-07-31 19:27:19,496 - Data for Sacubitril and Valsartan medicine has been loaded! - INFO
2026-07-31 19:27:19,496 - Data for Irbesartan medicine has been loaded! - INFO
2026-07-31 19:27:19,496 - Data for Valsartan medicine has been loaded! - INFO
2026-07-31 19:27:19,496 - Data for Amlodipine and valsartan medicine has been loaded! - INFO
2026-07-31 19:27:19,496 - Data for valsartan medicine has been loaded! - INFO
2026-07-31 19:27:19,496 - Data for sacubitril and valsartan medicine has been loaded! - INFO
2026-07-31 19:27:19,496 - Data for Telmisartan medicine has been loaded! - INFO
2026-07-31 19:27:19,496 - Data for Irbesartan and Hydrochlorothiazide medicine has been loaded! - INFO
2026-07-31 19:27:19,496 - Data for IRBESARTAN medicine has been loaded! - INFO
2026-07-31 19:27:19,496 - Data for Valsartan medicine has been loaded! - INFO
2026-07-31 19:27:19,496 - Data for Irbesartan medicine has been loaded! - INFO
2026-07-31 19:27:19,496 - Data for Valsartan and Hydrochlorothiazide medicine has been loaded! - INFO
2026-07-31 19:27:19,496 - Data for Irbesartan medicine has been loaded! - INFO
2026-07-31 19:27:19,496 - Data for Telmisartan medicine has been loaded! - INFO
2026-07-31 19:27:19,496 - Data for Valsartan medicine has been loaded! - INFO
2026-07-31 19:27:19,496 - Data for valsartan medicine has been loaded! - INFO
2026-07-31 19:27:19,496 - Data for Irbesartan and Hydrochlorothiazide medicine has been loaded! - INFO
2026-07-31 19:27:19,496 - Data for Irbesartan medicine has been loaded! - INFO
2026-07-31 19:27:19,496 - Data for Valsartan medicine has been loaded! - INFO
2026-07-31 19:27:19,496 - Data for telmisartan medicine has been loaded! - INFO
2026-07-31 19:27:19,496 - Data for Irbesartan medicine has been loaded! - INFO
2026-07-31 19:27:19,496 - Data for Valsartan and Hydrochlorothiazide medicine has been loaded! - INFO
2026-07-31 19:27:19,496 - Data for Sacubitril and Valsartan medicine has been loaded! - INFO
2026-07-31 19:27:19,497 - Data for Sacubitril and Valsartan medicine has been loaded! - INFO
2026-07-31 19:27:19,497 - Data for AMLODIPINE, VALSARTAN, HYDROCHLOROTHIAZIDE medicine has been loaded! - INFO
2026-07-31 19:27:19,497 - Data for Irbesartan medicine has been loaded! - INFO
2026-07-31 19:27:19,497 - Data for Telmisartan medicine has been loaded! - INFO
2026-07-31 19:27:19,497 - Data for Valsartan medicine has been loaded! - INFO
2026-07-31 19:27:19,497 - Data for valsartan medicine has been loaded! - INFO
2026-07-31 19:27:19,497 - Data for Telmisartan medicine has been loaded! - INFO
2026-07-31 19:27:19,497 - Data for Valsartan and Hydrochlorothiazide medicine has been loaded! - INFO
2026-07-31 19:27:19,497 - Data for Telmisartan medicine has been loaded! - INFO
2026-07-31 19:27:19,497 - Data for Sacubitril and Valsartan medicine has been loaded! - INFO
2026-07-31 19:27:19,497 - Data for Sacubitril and Valsartan medicine has been loaded! - INFO
2026-07-31 19:27:19,497 - Data for WIDAPLIK medicine has been loaded! - INFO
2026-07-31 19:27:19,497 - Data for Telmisartan medicine has been loaded! - INFO
2026-07-31 19:27:19,497 - Data for Irbesartan medicine has been loaded! - INFO
2026-07-31 19:27:19,497 - Data for Valsartan medicine has been loaded! - INFO
2026-07-31 19:27:19,497 - Data for Valsartan and Hydrochlorothiazide medicine has been loaded! - INFO
2026-07-31 19:27:19,497 - Data for Telmisartan and Amlodipine medicine has been loaded! - INFO
2026-07-31 19:27:19,497 - Data for Amlodipine and Valsartan medicine has been loaded! - INFO
2026-07-31 19:27:19,497 - Data for AMLODIPINE AND VALSARTAN medicine has been loaded! - INFO
2026-07-31 19:27:19,497 - Data for VALSARTAN medicine has been loaded! - INFO
2026-07-31 19:27:19,497 - Data for Irbesartan medicine has been loaded! - INFO
2026-07-31 19:27:19,497 - Data for Micardis HCT medicine has been loaded! - INFO
2026-07-31 19:27:19,497 - Data for Valsartan medicine has been loaded! - INFO
2026-07-31 19:27:19,497 - Data for Sacubitril and Valsartan medicine has been loaded! - INFO
2026-07-31 19:27:19,497 - Data for Telmisartan medicine has been loaded! - INFO
2026-07-31 19:27:19,498 - Data for Valsartan medicine has been loaded! - INFO
2026-07-31 19:27:19,498 - Data for Irbesartan medicine has been loaded! - INFO
2026-07-31 19:27:19,498 - Data for Irbesartan medicine has been loaded! - INFO
2026-07-31 19:27:19,498 - Data for Valsartan medicine has been loaded! - INFO
2026-07-31 19:27:19,498 - Data for Valsartan and Hydrochlorothiazide medicine has been loaded! - INFO
2026-07-31 19:27:19,498 - Data for Telmisartan medicine has been loaded! - INFO
2026-07-31 19:27:19,498 - Data for Valsartan medicine has been loaded! - INFO
2026-07-31 19:27:19,498 - Data for Telmisartan medicine has been loaded! - INFO
2026-07-31 19:27:19,498 - Data for Telmisartan medicine has been loaded! - INFO
2026-07-31 19:27:19,498 - Data for Valsartan and Hydrochlorothiazide medicine has been loaded! - INFO
2026-07-31 19:27:19,498 - Data for Irbesartan and Hydrochlorothiazide medicine has been loaded! - INFO
2026-07-31 19:27:19,498 - Data for Telmisartan medicine has been loaded! - INFO
2026-07-31 19:27:19,498 - Data for Telmisartan medicine has been loaded! - INFO
2026-07-31 19:27:19,498 - Data for Irbesartan and Hydrochlorothiazide medicine has been loaded! - INFO
2026-07-31 19:27:19,498 - Data for Telmisartan and Amlodipine medicine has been loaded! - INFO
2026-07-31 19:27:19,498 - Data for Exforge medicine has been loaded! - INFO
2026-07-31 19:27:19,498 - Data for Telmisartan medicine has been loaded! - INFO
2026-07-31 19:27:19,498 - Data for Valsartan and Hydrochlorothiazide medicine has been loaded! - INFO
2026-07-31 19:27:19,498 - Data for Valsartan and Hydrochlorothiazide medicine has been loaded! - INFO
2026-07-31 19:27:19,498 - Data for Valsartan medicine has been loaded! - INFO
2026-07-31 19:27:19,499 - Data for FILSPARI medicine has been loaded! - INFO
2026-07-31 19:27:19,499 - Data for Valsartan and Hydrochlorothiazide medicine has been loaded! - INFO
2026-07-31 19:27:19,499 - Data for Diovan HCT medicine has been loaded! - INFO
2026-07-31 19:27:19,499 - Data for TELMISARTAN medicine has been loaded! - INFO
2026-07-31 19:27:19,499 - Data for Sacubitril and Valsartan medicine has been loaded! - INFO
2026-07-31 19:27:19,499 - Data for Valsartan and Hydrochlorothiazide medicine has been loaded! - INFO
2026-07-31 19:27:19,499 - Data for valsartan medicine has been loaded! - INFO
2026-07-31 19:27:19,499 - Data for Valsartan and Hydrochlorothiazide medicine has been loaded! - INFO
2026-07-31 19:27:19,499 - Data for telmisartan medicine has been loaded! - INFO
2026-07-31 19:27:19,499 - Data for Valsartan and Hydrochlorothiazide medicine has been loaded! - INFO
2026-07-31 19:27:19,499 - Data for Irbesartan medicine has been loaded! - INFO
2026-07-31 19:27:19,499 - Data for Valsartan and Hydrochlorothiazide medicine has been loaded! - INFO
2026-07-31 19:27:19,499 - Data for AMLODIPINE AND VALSARTAN medicine has been loaded! - INFO
2026-07-31 19:27:19,499 - Data for Telmisartan medicine has been loaded! - INFO
2026-07-31 19:27:19,499 - Data for Valsartan and Hydrochlorothiazide medicine has been loaded! - INFO
2026-07-31 19:27:19,499 - Data for Telmisartan medicine has been loaded! - INFO
2026-07-31 19:27:19,499 - Data for valsartan medicine has been loaded! - INFO
2026-07-31 19:27:19,499 - Data for Sacubitril and Valsartan medicine has been loaded! - INFO
2026-07-31 19:27:19,499 - Data for sacubitril and valsartan medicine has been loaded! - INFO
2026-07-31 19:27:19,499 - Data for telmisartan medicine has been loaded! - INFO
2026-07-31 19:27:19,499 - Data for Irbesartan and Hydrochlorothiazide medicine has been loaded! - INFO
2026-07-31 19:27:19,499 - Data for Telmisartan and Hydrochlorothiazide medicine has been loaded! - INFO
2026-07-31 19:27:19,499 - Data for Irbesartan and Hydrochlorothiazide medicine has been loaded! - INFO
2026-07-31 19:27:19,499 - Data for Irbesartan medicine has been loaded! - INFO
2026-07-31 19:27:19,499 - Data for AMLODIPINE, VALSARTAN, HYDROCHLOROTHIAZIDE medicine has been loaded! - INFO
2026-07-31 19:27:19,499 - Data for Telmisartan medicine has been loaded! - INFO
2026-07-31 19:27:19,499 - Data for Valsartan and Hydrochlorothiazide medicine has been loaded! - INFO
2026-07-31 19:27:19,499 - Data for Sacubitril and Valsartan medicine has been loaded! - INFO
2026-07-31 19:27:19,500 - Data for Irbesartan medicine has been loaded! - INFO
2026-07-31 19:27:19,500 - Data for Valsartan and Hydrochlorothiazide medicine has been loaded! - INFO
2026-07-31 19:27:19,500 - Data for Irbesartan medicine has been loaded! - INFO
2026-07-31 19:27:19,500 - Data for Telmisartan medicine has been loaded! - INFO
2026-07-31 19:27:19,500 - Data for Valsartan and Hydrochlorothiazide medicine has been loaded! - INFO
2026-07-31 19:27:19,500 - Data for Valsartan and Hydrochlorothiazide medicine has been loaded! - INFO
2026-07-31 19:27:19,500 - Data for Valsartan medicine has been loaded! - INFO
2026-07-31 19:27:19,500 - Data for Sacubitril and Valsartan medicine has been loaded! - INFO
2026-07-31 19:27:19,500 - Data for Valsartan medicine has been loaded! - INFO
2026-07-31 19:27:19,500 - Data for Sacubitril and Valsartan Sacubitril and Valsartan medicine has been loaded! - INFO
2026-07-31 19:27:19,500 - Data for Valsartan medicine has been loaded! - INFO
2026-07-31 19:27:19,500 - Data for telmisartan medicine has been loaded! - INFO
2026-07-31 19:27:19,500 - Data for Valsartan medicine has been loaded! - INFO
2026-07-31 19:27:19,500 - Data for Valsartan and Hydrochlorothiazide medicine has been loaded! - INFO
2026-07-31 19:27:19,500 - Data for Valsartan medicine has been loaded! - INFO
2026-07-31 19:27:19,500 - Data for Irbesartan medicine has been loaded! - INFO
2026-07-31 19:27:19,500 - Data for Amlodipine and Valsartan medicine has been loaded! - INFO
2026-07-31 19:27:19,500 - Data for Telmisartan medicine has been loaded! - INFO
2026-07-31 19:27:19,500 - Data for Angiotensin 2 Receptor Blocker [EPC] has been loaded! - INFO
2026-07-31 19:27:24,415 - Data for beta-Adrenergic Blocker [EPC] has been loaded! - INFO
2026-07-31 19:27:29,813 - Data for Loop Diuretic [EPC] has been loaded! - INFO
2026-07-31 19:27:33,211 - Data for Catecholamine [EPC] has been loaded! - INFO
2026-07-31 19:27:36,951 - Data for glyburide and metformin hydrochloride medicine has been loaded! - INFO
2026-07-31 19:27:36,951 - Data for Glyburide and Metformin Hydrochloride medicine has been loaded! - INFO
2026-07-31 19:27:36,951 - Data for glyburide-metformin hydrochloride medicine has been loaded! - INFO
2026-07-31 19:27:36,951 - Data for Glyburide and Metformin Hydrochloride medicine has been loaded! - INFO
2026-07-31 19:27:36,951 - Data for Glyburide and Metformin Hydrochloride medicine has been loaded! - INFO
2026-07-31 19:27:36,951 - Data for Glyburide and Metformin Hydrochloride medicine has been loaded! - INFO
2026-07-31 19:27:36,952 - Data for glyburide-metformin hydrochloride medicine has been loaded! - INFO
2026-07-31 19:27:36,952 - Data for glyburide-metformin hydrochloride medicine has been loaded! - INFO
2026-07-31 19:27:36,952 - Data for Glyburide and Metformin Hydrochloride medicine has been loaded! - INFO
2026-07-31 19:27:36,952 - Data for Glyburide and Metformin Hydrochloride medicine has been loaded! - INFO
2026-07-31 19:27:36,952 - Data for glyburide-metformin hydrochloride medicine has been loaded! - INFO
2026-07-31 19:27:36,952 - Data for glyburide-metformin hydrochloride medicine has been loaded! - INFO
2026-07-31 19:27:36,952 - Data for Glyburide and Metformin Hydrochloride medicine has been loaded! - INFO
2026-07-31 19:27:36,952 - Data for Glyburide and Metformin Hydrochloride medicine has been loaded! - INFO
2026-07-31 19:27:36,952 - Data for Glyburide and Metformin Hydrochloride medicine has been loaded! - INFO
2026-07-31 19:27:36,952 - Data for glyburide and metformin hydrochloride medicine has been loaded! - INFO
2026-07-31 19:27:36,952 - Data for pioglitazone and glimepiride medicine has been loaded! - INFO
2026-07-31 19:27:36,952 - Data for glyburide-metformin hydrochloride medicine has been loaded! - INFO
2026-07-31 19:27:36,952 - Data for Duetact medicine has been loaded! - INFO
2026-07-31 19:27:36,952 - Data for glyburide-metformin hydrochloride medicine has been loaded! - INFO
2026-07-31 19:27:36,953 - Data for Sulfonylurea [EPC] has been loaded! - INFO
2026-07-31 19:27:38,945 - Data for Antiseptic [EPC] has been loaded! - INFO
2026-07-31 19:27:41,024 - Data for Bismuth [EPC] has been loaded! - INFO
2026-07-31 19:27:43,977 - Data for alpha-Adrenergic Agonist [EPC] has been loaded! - INFO
2026-07-31 19:27:46,904 - Data for beta-Adrenergic Agonist [EPC] has been loaded! - INFO
2026-07-31 19:27:51,340 - Data for Estradiol medicine has been loaded! - INFO
2026-07-31 19:27:51,340 - Data for LYLLANA medicine has been loaded! - INFO
2026-07-31 19:27:51,340 - Data for ESTRADIOL medicine has been loaded! - INFO
2026-07-31 19:27:51,340 - Data for IMVEXXY medicine has been loaded! - INFO
2026-07-31 19:27:51,340 - Data for norelgestromin and ethinyl estradiol medicine has been loaded! - INFO
2026-07-31 19:27:51,340 - Data for Estradiol medicine has been loaded! - INFO
2026-07-31 19:27:51,340 - Data for Estradiol and Norethindrone Acetate medicine has been loaded! - INFO
2026-07-31 19:27:51,340 - Data for Climara Pro medicine has been loaded! - INFO
2026-07-31 19:27:51,340 - Data for NuvaRing medicine has been loaded! - INFO
2026-07-31 19:27:51,340 - Data for Estradiol medicine has been loaded! - INFO
2026-07-31 19:27:51,340 - Data for Estradiol medicine has been loaded! - INFO
2026-07-31 19:27:51,340 - Data for Climara medicine has been loaded! - INFO
2026-07-31 19:27:51,340 - Data for Premarin medicine has been loaded! - INFO
2026-07-31 19:27:51,340 - Data for PREMARIN medicine has been loaded! - INFO
2026-07-31 19:27:51,340 - Data for Norethindrone Acetate and Ethinyl Estradiol medicine has been loaded! - INFO
2026-07-31 19:27:51,341 - Data for YUVAFEM medicine has been loaded! - INFO
2026-07-31 19:27:51,341 - Data for Estradiol medicine has been loaded! - INFO
2026-07-31 19:27:51,341 - Data for Estradiol medicine has been loaded! - INFO
2026-07-31 19:27:51,341 - Data for Norelgestromin and Ethinly Estradiol medicine has been loaded! - INFO
2026-07-31 19:27:51,341 - Data for ESTRADIOL medicine has been loaded! - INFO
2026-07-31 19:27:51,341 - Data for Estradiol / Norethindrone Acetate medicine has been loaded! - INFO
2026-07-31 19:27:51,341 - Data for Estradiol and Norethindrone Acetate medicine has been loaded! - INFO
2026-07-31 19:27:51,341 - Data for NUVARING medicine has been loaded! - INFO
2026-07-31 19:27:51,341 - Data for DOTTI medicine has been loaded! - INFO
2026-07-31 19:27:51,341 - Data for ESTRADIOL medicine has been loaded! - INFO
2026-07-31 19:27:51,341 - Data for NuvaRing medicine has been loaded! - INFO
2026-07-31 19:27:51,341 - Data for DIVIGEL medicine has been loaded! - INFO
2026-07-31 19:27:51,341 - Data for Vivelle-Dot medicine has been loaded! - INFO
2026-07-31 19:27:51,341 - Data for ZAFEMY medicine has been loaded! - INFO
2026-07-31 19:27:51,341 - Data for Estradiol medicine has been loaded! - INFO
2026-07-31 19:27:51,341 - Data for estradiol medicine has been loaded! - INFO
2026-07-31 19:27:51,341 - Data for ESTRADIOL medicine has been loaded! - INFO
2026-07-31 19:27:51,341 - Data for Minivelle medicine has been loaded! - INFO
2026-07-31 19:27:51,341 - Data for Imvexxy medicine has been loaded! - INFO
2026-07-31 19:27:51,341 - Data for estrogens, conjugated medicine has been loaded! - INFO
2026-07-31 19:27:51,341 - Data for DOTTI medicine has been loaded! - INFO
2026-07-31 19:27:51,341 - Data for Angeliq medicine has been loaded! - INFO
2026-07-31 19:27:51,341 - Data for EstroGel medicine has been loaded! - INFO
2026-07-31 19:27:51,341 - Data for ZAFEMY medicine has been loaded! - INFO
2026-07-31 19:27:51,341 - Data for Fyavolv medicine has been loaded! - INFO
2026-07-31 19:27:51,341 - Data for DOTTI medicine has been loaded! - INFO
2026-07-31 19:27:51,341 - Data for Estradiol medicine has been loaded! - INFO
2026-07-31 19:27:51,341 - Data for Estradiol medicine has been loaded! - INFO
2026-07-31 19:27:51,341 - Data for ESTRADIOL VAGINAL INSERTS medicine has been loaded! - INFO
2026-07-31 19:27:51,341 - Data for Estradiol medicine has been loaded! - INFO
2026-07-31 19:27:51,341 - Data for Premarin Vaginal medicine has been loaded! - INFO
2026-07-31 19:27:51,342 - Data for Estradiol medicine has been loaded! - INFO
2026-07-31 19:27:51,342 - Data for LOPREEZA medicine has been loaded! - INFO
2026-07-31 19:27:51,342 - Data for DOTTI medicine has been loaded! - INFO
2026-07-31 19:27:51,342 - Data for Evamist medicine has been loaded! - INFO
2026-07-31 19:27:51,342 - Data for Premarin medicine has been loaded! - INFO
2026-07-31 19:27:51,342 - Data for Menostar medicine has been loaded! - INFO
2026-07-31 19:27:51,342 - Data for Etonogestrel and Ethinyl Estradiol medicine has been loaded! - INFO
2026-07-31 19:27:51,342 - Data for XULANE medicine has been loaded! - INFO
2026-07-31 19:27:51,342 - Data for Etyqa medicine has been loaded! - INFO
2026-07-31 19:27:51,342 - Data for DOTTI medicine has been loaded! - INFO
2026-07-31 19:27:51,342 - Data for estrogens, conjugated medicine has been loaded! - INFO
2026-07-31 19:27:51,342 - Data for Mimvey medicine has been loaded! - INFO
2026-07-31 19:27:51,342 - Data for Estradiol medicine has been loaded! - INFO
2026-07-31 19:27:51,342 - Data for Twirla medicine has been loaded! - INFO
2026-07-31 19:27:51,342 - Data for Lopreeza medicine has been loaded! - INFO
2026-07-31 19:27:51,342 - Data for Estradiol medicine has been loaded! - INFO
2026-07-31 19:27:51,342 - Data for Estradiol medicine has been loaded! - INFO
2026-07-31 19:27:51,342 - Data for EluRyng medicine has been loaded! - INFO
2026-07-31 19:27:51,342 - Data for Estradiol Transdermal System medicine has been loaded! - INFO
2026-07-31 19:27:51,342 - Data for Conjugated Estrogens medicine has been loaded! - INFO
2026-07-31 19:27:51,342 - Data for Norethindrone Acetate and Ethinyl Estradiol medicine has been loaded! - INFO
2026-07-31 19:27:51,342 - Data for Estradiol medicine has been loaded! - INFO
2026-07-31 19:27:51,342 - Data for Estradiol Gel medicine has been loaded! - INFO
2026-07-31 19:27:51,342 - Data for Activella medicine has been loaded! - INFO
2026-07-31 19:27:51,342 - Data for Jinteli medicine has been loaded! - INFO
2026-07-31 19:27:51,342 - Data for Estradiol medicine has been loaded! - INFO
2026-07-31 19:27:51,342 - Data for estradiol medicine has been loaded! - INFO
2026-07-31 19:27:51,342 - Data for ABIGALE LO, ABIGALE medicine has been loaded! - INFO
2026-07-31 19:27:51,343 - Data for NUVARING medicine has been loaded! - INFO
2026-07-31 19:27:51,343 - Data for Estradiol / Norethindrone Acetate medicine has been loaded! - INFO
2026-07-31 19:27:51,343 - Data for Duavee medicine has been loaded! - INFO
2026-07-31 19:27:51,343 - Data for Duavee medicine has been loaded! - INFO
2026-07-31 19:27:51,343 - Data for Vagifem medicine has been loaded! - INFO
2026-07-31 19:27:51,343 - Data for ESTRADIOL medicine has been loaded! - INFO
2026-07-31 19:27:51,343 - Data for Estradiol medicine has been loaded! - INFO
2026-07-31 19:27:51,343 - Data for Estradiol medicine has been loaded! - INFO
2026-07-31 19:27:51,343 - Data for Estradiol medicine has been loaded! - INFO
2026-07-31 19:27:51,343 - Data for ESTRADIOL medicine has been loaded! - INFO
2026-07-31 19:27:51,343 - Data for Estradiol medicine has been loaded! - INFO
2026-07-31 19:27:51,343 - Data for Annovera medicine has been loaded! - INFO
2026-07-31 19:27:51,343 - Data for Estradiol medicine has been loaded! - INFO
2026-07-31 19:27:51,343 - Data for ELESTRIN medicine has been loaded! - INFO
2026-07-31 19:27:51,343 - Data for Etonogestrel/Ethinyl Estradiol medicine has been loaded! - INFO
2026-07-31 19:27:51,343 - Data for DOTTI medicine has been loaded! - INFO
2026-07-31 19:27:51,343 - Data for Estradiol medicine has been loaded! - INFO
2026-07-31 19:27:51,343 - Data for ESTRADIOL AND NORETHINDRONE ACETATE medicine has been loaded! - INFO
2026-07-31 19:27:51,343 - Data for XULANE medicine has been loaded! - INFO
2026-07-31 19:27:51,343 - Data for ZAFEMY medicine has been loaded! - INFO
2026-07-31 19:27:51,343 - Data for Etonogestrel/Ethinyl Estradiol medicine has been loaded! - INFO
2026-07-31 19:27:51,343 - Data for Prempro, Premphase medicine has been loaded! - INFO
2026-07-31 19:27:51,343 - Data for Estradiol medicine has been loaded! - INFO
2026-07-31 19:27:51,343 - Data for Estrogen [EPC] has been loaded! - INFO
2026-07-31 19:27:57,552 - Data for Lamotrigine medicine has been loaded! - INFO
2026-07-31 19:27:57,553 - Data for SUBVENITE medicine has been loaded! - INFO
2026-07-31 19:27:57,553 - Data for Lamotrigine medicine has been loaded! - INFO
2026-07-31 19:27:57,553 - Data for Lamotrigine medicine has been loaded! - INFO
2026-07-31 19:27:57,553 - Data for lamotrigine medicine has been loaded! - INFO
2026-07-31 19:27:57,553 - Data for Lamotrigine medicine has been loaded! - INFO
2026-07-31 19:27:57,553 - Data for Lamotrigine medicine has been loaded! - INFO
2026-07-31 19:27:57,553 - Data for Lamotrigine medicine has been loaded! - INFO
2026-07-31 19:27:57,553 - Data for Valproic Acid medicine has been loaded! - INFO
2026-07-31 19:27:57,553 - Data for Lamotrigine medicine has been loaded! - INFO
2026-07-31 19:27:57,553 - Data for Lamotrigine medicine has been loaded! - INFO
2026-07-31 19:27:57,553 - Data for Lamotrigine medicine has been loaded! - INFO
2026-07-31 19:27:57,553 - Data for Lamotrigine medicine has been loaded! - INFO
2026-07-31 19:27:57,553 - Data for LAMOTRIGINE medicine has been loaded! - INFO
2026-07-31 19:27:57,553 - Data for Valproic Acid medicine has been loaded! - INFO
2026-07-31 19:27:57,553 - Data for Lamotrigine medicine has been loaded! - INFO
2026-07-31 19:27:57,553 - Data for LAMOTRIGINE medicine has been loaded! - INFO
2026-07-31 19:27:57,553 - Data for Valproic Acid medicine has been loaded! - INFO
2026-07-31 19:27:57,553 - Data for Lamotrigine medicine has been loaded! - INFO
2026-07-31 19:27:57,553 - Data for Lamotrigine medicine has been loaded! - INFO
2026-07-31 19:27:57,553 - Data for LAMOTRIGINE medicine has been loaded! - INFO
2026-07-31 19:27:57,553 - Data for Lamotrigine medicine has been loaded! - INFO
2026-07-31 19:27:57,553 - Data for Valproic medicine has been loaded! - INFO
2026-07-31 19:27:57,554 - Data for Lamotrigine medicine has been loaded! - INFO
2026-07-31 19:27:57,554 - Data for Lamotrigine medicine has been loaded! - INFO
2026-07-31 19:27:57,554 - Data for Valproic Acid medicine has been loaded! - INFO
2026-07-31 19:27:57,554 - Data for Lamotrigine medicine has been loaded! - INFO
2026-07-31 19:27:57,554 - Data for valproic acid medicine has been loaded! - INFO
2026-07-31 19:27:57,554 - Data for lamotrigine medicine has been loaded! - INFO
2026-07-31 19:27:57,554 - Data for Lamotrigine medicine has been loaded! - INFO
2026-07-31 19:27:57,554 - Data for LAMICTAL XR medicine has been loaded! - INFO
2026-07-31 19:27:57,554 - Data for Lamotrigine medicine has been loaded! - INFO
2026-07-31 19:27:57,554 - Data for Lamotrigine medicine has been loaded! - INFO
2026-07-31 19:27:57,554 - Data for Valproic Acid medicine has been loaded! - INFO
2026-07-31 19:27:57,554 - Data for LAMOTRIGINE Kit, LAMOTRIGINE medicine has been loaded! - INFO
2026-07-31 19:27:57,554 - Data for Lamotrigine medicine has been loaded! - INFO
2026-07-31 19:27:57,554 - Data for VALPROIC ACID medicine has been loaded! - INFO
2026-07-31 19:27:57,554 - Data for Lamotrigine medicine has been loaded! - INFO
2026-07-31 19:27:57,554 - Data for Lamotrigine medicine has been loaded! - INFO
2026-07-31 19:27:57,554 - Data for Lamotrigine medicine has been loaded! - INFO
2026-07-31 19:27:57,554 - Data for Lamotrigine medicine has been loaded! - INFO
2026-07-31 19:27:57,554 - Data for LAMOTRIGINE medicine has been loaded! - INFO
2026-07-31 19:27:57,554 - Data for LAMOTRIGINE medicine has been loaded! - INFO
2026-07-31 19:27:57,554 - Data for Lamotrigine medicine has been loaded! - INFO
2026-07-31 19:27:57,554 - Data for Lamotrigine medicine has been loaded! - INFO
2026-07-31 19:27:57,554 - Data for Lamotrigine medicine has been loaded! - INFO
2026-07-31 19:27:57,554 - Data for Lamotrigine medicine has been loaded! - INFO
2026-07-31 19:27:57,555 - Data for VALPROIC ACID medicine has been loaded! - INFO
2026-07-31 19:27:57,555 - Data for Lamotrigine medicine has been loaded! - INFO
2026-07-31 19:27:57,555 - Data for Lamotrigine medicine has been loaded! - INFO
2026-07-31 19:27:57,555 - Data for Lamotrigine medicine has been loaded! - INFO
2026-07-31 19:27:57,555 - Data for Lamotrigine medicine has been loaded! - INFO
2026-07-31 19:27:57,555 - Data for Lamotrigine medicine has been loaded! - INFO
2026-07-31 19:27:57,555 - Data for Lamotrigine medicine has been loaded! - INFO
2026-07-31 19:27:57,555 - Data for Lamotrigine medicine has been loaded! - INFO
2026-07-31 19:27:57,555 - Data for Lamotrigine medicine has been loaded! - INFO
2026-07-31 19:27:57,555 - Data for Lamotrigine medicine has been loaded! - INFO
2026-07-31 19:27:57,555 - Data for lamotrigine medicine has been loaded! - INFO
2026-07-31 19:27:57,555 - Data for VALPROIC ACID medicine has been loaded! - INFO
2026-07-31 19:27:57,555 - Data for Lamotrigine medicine has been loaded! - INFO
2026-07-31 19:27:57,555 - Data for Lamotrigine medicine has been loaded! - INFO
2026-07-31 19:27:57,555 - Data for Lamotrigine medicine has been loaded! - INFO
2026-07-31 19:27:57,555 - Data for Lamotrigine medicine has been loaded! - INFO
2026-07-31 19:27:57,555 - Data for lamotrigine medicine has been loaded! - INFO
2026-07-31 19:27:57,555 - Data for Lamotrigine medicine has been loaded! - INFO
2026-07-31 19:27:57,555 - Data for Lamotrigine medicine has been loaded! - INFO
2026-07-31 19:27:57,555 - Data for SUBVENITE medicine has been loaded! - INFO
2026-07-31 19:27:57,555 - Data for valproic acid medicine has been loaded! - INFO
2026-07-31 19:27:57,555 - Data for VALPROIC ACID medicine has been loaded! - INFO
2026-07-31 19:27:57,555 - Data for Lamotrigine medicine has been loaded! - INFO
2026-07-31 19:27:57,556 - Data for Lamotrigine medicine has been loaded! - INFO
2026-07-31 19:27:57,556 - Data for LAMOTRIGINE medicine has been loaded! - INFO
2026-07-31 19:27:57,556 - Data for Lamotrigine medicine has been loaded! - INFO
2026-07-31 19:27:57,556 - Data for Valproic Acid medicine has been loaded! - INFO
2026-07-31 19:27:57,556 - Data for Lamotrigine medicine has been loaded! - INFO
2026-07-31 19:27:57,556 - Data for Lamotrigine medicine has been loaded! - INFO
2026-07-31 19:27:57,556 - Data for Lamotrigine medicine has been loaded! - INFO
2026-07-31 19:27:57,556 - Data for Lamotrigine medicine has been loaded! - INFO
2026-07-31 19:27:57,556 - Data for Lamotrigine medicine has been loaded! - INFO
2026-07-31 19:27:57,556 - Data for Lamotrigine medicine has been loaded! - INFO
2026-07-31 19:27:57,556 - Data for Lamotrigine medicine has been loaded! - INFO
2026-07-31 19:27:57,556 - Data for Lamotrigine medicine has been loaded! - INFO
2026-07-31 19:27:57,556 - Data for Lamotrigine medicine has been loaded! - INFO
2026-07-31 19:27:57,556 - Data for Valproic Acid medicine has been loaded! - INFO
2026-07-31 19:27:57,556 - Data for Lamotrigine medicine has been loaded! - INFO
2026-07-31 19:27:57,556 - Data for lamotrigine medicine has been loaded! - INFO
2026-07-31 19:27:57,556 - Data for Lamotrigine medicine has been loaded! - INFO
2026-07-31 19:27:57,556 - Data for Lamotrigine medicine has been loaded! - INFO
2026-07-31 19:27:57,556 - Data for Lamotrigine medicine has been loaded! - INFO
2026-07-31 19:27:57,556 - Data for EQUETRO medicine has been loaded! - INFO
2026-07-31 19:27:57,556 - Data for Lamotrigine medicine has been loaded! - INFO
2026-07-31 19:27:57,556 - Data for LAMOTRIGINE medicine has been loaded! - INFO
2026-07-31 19:27:57,557 - Data for Lamotrigine medicine has been loaded! - INFO
2026-07-31 19:27:57,557 - Data for Valproic Acid medicine has been loaded! - INFO
2026-07-31 19:27:57,557 - Data for Valproic medicine has been loaded! - INFO
2026-07-31 19:27:57,557 - Data for Lamotrigine medicine has been loaded! - INFO
2026-07-31 19:27:57,557 - Data for Lamotrigine medicine has been loaded! - INFO
2026-07-31 19:27:57,557 - Data for Lamotrigine Extended-Release medicine has been loaded! - INFO
2026-07-31 19:27:57,557 - Data for LAMICTAL, LAMICTAL ODT medicine has been loaded! - INFO
2026-07-31 19:27:57,557 - Data for VALPROIC ACID medicine has been loaded! - INFO
2026-07-31 19:27:57,557 - Data for Lamotrigine medicine has been loaded! - INFO
2026-07-31 19:27:57,557 - Data for Lamotrigine medicine has been loaded! - INFO
2026-07-31 19:27:57,557 - Data for Lamotrigine medicine has been loaded! - INFO
2026-07-31 19:27:57,557 - Data for Lamotrigine medicine has been loaded! - INFO
2026-07-31 19:27:57,557 - Data for Lamotrigine medicine has been loaded! - INFO
2026-07-31 19:27:57,557 - Data for Lamotrigine medicine has been loaded! - INFO
2026-07-31 19:27:57,557 - Data for Lamotrigine medicine has been loaded! - INFO
2026-07-31 19:27:57,557 - Data for Lamotrigine medicine has been loaded! - INFO
2026-07-31 19:27:57,557 - Data for lamotrigine medicine has been loaded! - INFO
2026-07-31 19:27:57,557 - Data for Lamotrigine medicine has been loaded! - INFO
2026-07-31 19:27:57,557 - Data for Lamotrigine medicine has been loaded! - INFO
2026-07-31 19:27:57,557 - Data for Valproic Acid medicine has been loaded! - INFO
2026-07-31 19:27:57,557 - Data for LAMOTRIGINE medicine has been loaded! - INFO
2026-07-31 19:27:57,557 - Data for Lamotrigine medicine has been loaded! - INFO
2026-07-31 19:27:57,557 - Data for Lamotrigine medicine has been loaded! - INFO
2026-07-31 19:27:57,558 - Data for LAMOTRIGINE medicine has been loaded! - INFO
2026-07-31 19:27:57,558 - Data for lamotrigine medicine has been loaded! - INFO
2026-07-31 19:27:57,558 - Data for Lamotrigine medicine has been loaded! - INFO
2026-07-31 19:27:57,558 - Data for Lamotrigine medicine has been loaded! - INFO
2026-07-31 19:27:57,558 - Data for Lamotrigine Extended Release medicine has been loaded! - INFO
2026-07-31 19:27:57,558 - Data for Lamotrigine medicine has been loaded! - INFO
2026-07-31 19:27:57,558 - Data for Mood Stabilizer [EPC] has been loaded! - INFO
2026-07-31 19:28:03,484 - Data for HMG-CoA Reductase Inhibitor [EPC] has been loaded! - INFO
2026-07-31 19:28:05,914 - Data for Vitamin C [EPC] has been loaded! - INFO
2026-07-31 19:28:08,897 - Data for Nitrate Vasodilator [EPC] has been loaded! - INFO
2026-07-31 19:28:11,127 - Data for Copper-containing Intrauterine Device [EPC] has been loaded! - INFO
2026-07-31 19:28:13,100 - Data for Non-Standardized Fungal Allergenic Extract [EPC] has been loaded! - INFO
2026-07-31 19:28:16,562 - Data for Tretinoin medicine has been loaded! - INFO
2026-07-31 19:28:16,562 - Data for Isotretinoin medicine has been loaded! - INFO
2026-07-31 19:28:16,562 - Data for Isotretinoin medicine has been loaded! - INFO
2026-07-31 19:28:16,562 - Data for Targretin medicine has been loaded! - INFO
2026-07-31 19:28:16,562 - Data for Tretinoin medicine has been loaded! - INFO
2026-07-31 19:28:16,563 - Data for Bexarotene medicine has been loaded! - INFO
2026-07-31 19:28:16,563 - Data for Isotretinoin medicine has been loaded! - INFO
2026-07-31 19:28:16,563 - Data for bexarotene medicine has been loaded! - INFO
2026-07-31 19:28:16,563 - Data for Bexarotene medicine has been loaded! - INFO
2026-07-31 19:28:16,563 - Data for Absorica LD, Absorica medicine has been loaded! - INFO
2026-07-31 19:28:16,563 - Data for ISOTRETINOIN medicine has been loaded! - INFO
2026-07-31 19:28:16,563 - Data for SOHONOS medicine has been loaded! - INFO
2026-07-31 19:28:16,563 - Data for Isotretinoin medicine has been loaded! - INFO
2026-07-31 19:28:16,563 - Data for Bexarotene medicine has been loaded! - INFO
2026-07-31 19:28:16,563 - Data for Tretinoin medicine has been loaded! - INFO
2026-07-31 19:28:16,563 - Data for Tretinoin medicine has been loaded! - INFO
2026-07-31 19:28:16,563 - Data for Isotretinoin medicine has been loaded! - INFO
2026-07-31 19:28:16,563 - Data for Tretinoin medicine has been loaded! - INFO
2026-07-31 19:28:16,563 - Data for Isotretinoin medicine has been loaded! - INFO
2026-07-31 19:28:16,564 - Data for Bexarotene medicine has been loaded! - INFO
2026-07-31 19:28:16,564 - Data for Bexarotene medicine has been loaded! - INFO
2026-07-31 19:28:16,564 - Data for Isotretinoin medicine has been loaded! - INFO
2026-07-31 19:28:16,564 - Data for Bexarotene medicine has been loaded! - INFO
2026-07-31 19:28:16,564 - Data for Isotretinoin medicine has been loaded! - INFO
2026-07-31 19:28:16,564 - Data for Retinoid [EPC] has been loaded! - INFO
2026-07-31 19:28:21,397 - Data for Peroxisome Proliferator Receptor alpha Agonist [EPC] has been loaded! - INFO
2026-07-31 19:28:24,571 - Data for Herpes Simplex Virus Nucleoside Analog DNA Polymerase Inhibitor [EPC] has been loaded! - INFO
2026-07-31 19:28:27,620 - Data for Herpesvirus Nucleoside Analog DNA Polymerase Inhibitor [EPC] has been loaded! - INFO
2026-07-31 19:28:30,458 - Data for Herpes Zoster Virus Nucleoside Analog DNA Polymerase Inhibitor [EPC] has been loaded! - INFO
2026-07-31 19:28:33,529 - Data for Tindazole medicine has been loaded! - INFO
2026-07-31 19:28:33,529 - Data for PYLERA medicine has been loaded! - INFO
2026-07-31 19:28:33,529 - Data for Tinidazole medicine has been loaded! - INFO
2026-07-31 19:28:33,529 - Data for Bismuth Subcitrate Potassium, Metronidazole and Tetracycline Hydrochloride medicine has been loaded! - INFO
2026-07-31 19:28:33,529 - Data for Bismuth Subcitrate Potassium, Metronidazole and Tetracycline Hydrochloride medicine has been loaded! - INFO
2026-07-31 19:28:33,529 - Data for PYLERA medicine has been loaded! - INFO
2026-07-31 19:28:33,529 - Data for Nitroimidazole Antimicrobial [EPC] has been loaded! - INFO
2026-07-31 19:28:35,829 - Data for Gablofen medicine has been loaded! - INFO
2026-07-31 19:28:35,829 - Data for BACLOFEN medicine has been loaded! - INFO
2026-07-31 19:28:35,829 - Data for Baclofen medicine has been loaded! - INFO
2026-07-31 19:28:35,829 - Data for BACLOFEN medicine has been loaded! - INFO
2026-07-31 19:28:35,829 - Data for Baclofen medicine has been loaded! - INFO
2026-07-31 19:28:35,830 - Data for gamma-Aminobutyric Acid-ergic Agonist [EPC] has been loaded! - INFO
2026-07-31 19:28:39,254 - Data for Aldosterone Antagonist [EPC] has been loaded! - INFO
2026-07-31 19:28:42,805 - Data for Allopurinol medicine has been loaded! - INFO
2026-07-31 19:28:42,806 - Data for Febuxostat medicine has been loaded! - INFO
2026-07-31 19:28:42,806 - Data for Febuxostat medicine has been loaded! - INFO
2026-07-31 19:28:42,806 - Data for Febuxostat medicine has been loaded! - INFO
2026-07-31 19:28:42,806 - Data for Febuxostat medicine has been loaded! - INFO
2026-07-31 19:28:42,806 - Data for Febuxostat medicine has been loaded! - INFO
2026-07-31 19:28:42,806 - Data for Febuxostat medicine has been loaded! - INFO
2026-07-31 19:28:42,806 - Data for Febuxostat medicine has been loaded! - INFO
2026-07-31 19:28:42,806 - Data for Febuxostat medicine has been loaded! - INFO
2026-07-31 19:28:42,806 - Data for febuxostat medicine has been loaded! - INFO
2026-07-31 19:28:42,806 - Data for Febuxostat medicine has been loaded! - INFO
2026-07-31 19:28:42,806 - Data for FEBUXOSTAT medicine has been loaded! - INFO
2026-07-31 19:28:42,806 - Data for FEBUXOSTAT medicine has been loaded! - INFO
2026-07-31 19:28:42,807 - Data for ULORIC medicine has been loaded! - INFO
2026-07-31 19:28:42,807 - Data for Allopurinol medicine has been loaded! - INFO
2026-07-31 19:28:42,807 - Data for FEBUXOSTAT medicine has been loaded! - INFO
2026-07-31 19:28:42,807 - Data for Febuxostat medicine has been loaded! - INFO
2026-07-31 19:28:42,807 - Data for Allopurinol medicine has been loaded! - INFO
2026-07-31 19:28:42,807 - Data for Febuxostat medicine has been loaded! - INFO
2026-07-31 19:28:42,807 - Data for Febuxostat medicine has been loaded! - INFO
2026-07-31 19:28:42,807 - Data for Febuxostat medicine has been loaded! - INFO
2026-07-31 19:28:42,807 - Data for Febuxostat medicine has been loaded! - INFO
2026-07-31 19:28:42,807 - Data for febuxostat medicine has been loaded! - INFO
2026-07-31 19:28:42,807 - Data for Febuxostat medicine has been loaded! - INFO
2026-07-31 19:28:42,807 - Data for Febuxostat medicine has been loaded! - INFO
2026-07-31 19:28:42,807 - Data for Febuxostat medicine has been loaded! - INFO
2026-07-31 19:28:42,807 - Data for Febuxostat medicine has been loaded! - INFO
2026-07-31 19:28:42,807 - Data for Febuxostat medicine has been loaded! - INFO
2026-07-31 19:28:42,807 - Data for Allopurinol medicine has been loaded! - INFO
2026-07-31 19:28:42,807 - Data for febuxostat medicine has been loaded! - INFO
2026-07-31 19:28:42,807 - Data for Allopurinol medicine has been loaded! - INFO
2026-07-31 19:28:42,807 - Data for Xanthine Oxidase Inhibitor [EPC] has been loaded! - INFO
2026-07-31 19:28:46,174 - Data for capecitabine medicine has been loaded! - INFO
2026-07-31 19:28:46,175 - Data for NELARABINE medicine has been loaded! - INFO
2026-07-31 19:28:46,175 - Data for Capecitabine medicine has been loaded! - INFO
2026-07-31 19:28:46,175 - Data for capecitabine medicine has been loaded! - INFO
2026-07-31 19:28:46,175 - Data for Capecitabine medicine has been loaded! - INFO
2026-07-31 19:28:46,175 - Data for Arranon medicine has been loaded! - INFO
2026-07-31 19:28:46,175 - Data for Nelarabine medicine has been loaded! - INFO
2026-07-31 19:28:46,175 - Data for Capecitabine medicine has been loaded! - INFO
2026-07-31 19:28:46,175 - Data for Capecitabine medicine has been loaded! - INFO
2026-07-31 19:28:46,175 - Data for Capecitabine medicine has been loaded! - INFO
2026-07-31 19:28:46,175 - Data for capecitabine medicine has been loaded! - INFO
2026-07-31 19:28:46,175 - Data for Capecitabine medicine has been loaded! - INFO
2026-07-31 19:28:46,175 - Data for Capecitabine medicine has been loaded! - INFO
2026-07-31 19:28:46,175 - Data for Nelarabine medicine has been loaded! - INFO
2026-07-31 19:28:46,175 - Data for Capecitabine medicine has been loaded! - INFO
2026-07-31 19:28:46,175 - Data for Nelarabine medicine has been loaded! - INFO
2026-07-31 19:28:46,175 - Data for Capecitabine 150mg medicine has been loaded! - INFO
2026-07-31 19:28:46,175 - Data for CAPECITABINE medicine has been loaded! - INFO
2026-07-31 19:28:46,175 - Data for Capecitabine medicine has been loaded! - INFO
2026-07-31 19:28:46,175 - Data for Nelarabine medicine has been loaded! - INFO
2026-07-31 19:28:46,175 - Data for Nelarabine medicine has been loaded! - INFO
2026-07-31 19:28:46,175 - Data for Nelarabine medicine has been loaded! - INFO
2026-07-31 19:28:46,175 - Data for NELARABINE medicine has been loaded! - INFO
2026-07-31 19:28:46,175 - Data for CAPECITABINE medicine has been loaded! - INFO
2026-07-31 19:28:46,176 - Data for Capecitabine medicine has been loaded! - INFO
2026-07-31 19:28:46,176 - Data for NELARABINE medicine has been loaded! - INFO
2026-07-31 19:28:46,176 - Data for Capecitabine medicine has been loaded! - INFO
2026-07-31 19:28:46,176 - Data for Capecitabine medicine has been loaded! - INFO
2026-07-31 19:28:46,176 - Data for Nelarabine medicine has been loaded! - INFO
2026-07-31 19:28:46,176 - Data for XELODA medicine has been loaded! - INFO
2026-07-31 19:28:46,176 - Data for Capecitabine 500mg medicine has been loaded! - INFO
2026-07-31 19:28:46,176 - Data for Nelarabine medicine has been loaded! - INFO
2026-07-31 19:28:46,176 - Data for Arranon medicine has been loaded! - INFO
2026-07-31 19:28:46,176 - Data for Nucleoside Metabolic Inhibitor [EPC] has been loaded! - INFO
2026-07-31 19:28:48,341 - Data for Osmotic Laxative [EPC] has been loaded! - INFO
2026-07-31 19:28:52,857 - Data for OPSYNVI medicine has been loaded! - INFO
2026-07-31 19:28:52,858 - Data for Tadalafil medicine has been loaded! - INFO
2026-07-31 19:28:52,858 - Data for Phosphodiesterase 5 Inhibitor [EPC] has been loaded! - INFO
2026-07-31 19:28:56,018 - Data for Amlodipine and Valsartan medicine has been loaded! - INFO
2026-07-31 19:28:56,019 - Data for Amlodipine and Valsartan medicine has been loaded! - INFO
2026-07-31 19:28:56,019 - Data for Amlodipine and Valsartan medicine has been loaded! - INFO
2026-07-31 19:28:56,019 - Data for Dihydropyridine Calcium Channel Blocker [EPC] has been loaded! - INFO
2026-07-31 19:28:58,987 - Data for Anti-coagulant [EPC] has been loaded! - INFO
2026-07-31 19:29:02,033 - Data for WIDAPLIK medicine has been loaded! - INFO
2026-07-31 19:29:02,033 - Data for Edarbyclor medicine has been loaded! - INFO
2026-07-31 19:29:02,034 - Data for Thiazide-like Diuretic [EPC] has been loaded! - INFO
2026-07-31 19:29:05,097 - Data for Polyene Antifungal [EPC] has been loaded! - INFO
2026-07-31 19:29:07,354 - Data for Vitamin B12 [EPC] has been loaded! - INFO
2026-07-31 19:29:09,065 - Data for Stimulant Laxative [EPC] has been loaded! - INFO
2026-07-31 19:29:13,061 - Data for alpha-Adrenergic Blocker [EPC] has been loaded! - INFO
2026-07-31 19:29:15,553 - Data for Nitrofuran Antibacterial [EPC] has been loaded! - INFO
2026-07-31 19:29:32,194 - Data for sirolimus medicine has been loaded! - INFO
2026-07-31 19:29:32,194 - Data for Pazopanib medicine has been loaded! - INFO
2026-07-31 19:29:32,194 - Data for nilotinib medicine has been loaded! - INFO
2026-07-31 19:29:32,194 - Data for CIBINQO medicine has been loaded! - INFO
2026-07-31 19:29:32,194 - Data for Sirolimus medicine has been loaded! - INFO
2026-07-31 19:29:32,194 - Data for Sirolimus medicine has been loaded! - INFO
2026-07-31 19:29:32,194 - Data for Everolimus medicine has been loaded! - INFO
2026-07-31 19:29:32,194 - Data for Sirolimus medicine has been loaded! - INFO
2026-07-31 19:29:32,194 - Data for Sirolimus medicine has been loaded! - INFO
2026-07-31 19:29:32,195 - Data for Nilotinib medicine has been loaded! - INFO
2026-07-31 19:29:32,195 - Data for Cibinqo medicine has been loaded! - INFO
2026-07-31 19:29:32,195 - Data for Sirolimus medicine has been loaded! - INFO
2026-07-31 19:29:32,195 - Data for Everolimus medicine has been loaded! - INFO
2026-07-31 19:29:32,195 - Data for everolimus medicine has been loaded! - INFO
2026-07-31 19:29:32,195 - Data for nilotinib medicine has been loaded! - INFO
2026-07-31 19:29:32,195 - Data for sirolimus medicine has been loaded! - INFO
2026-07-31 19:29:32,195 - Data for sirolimus medicine has been loaded! - INFO
2026-07-31 19:29:32,195 - Data for Sirolimus medicine has been loaded! - INFO
2026-07-31 19:29:32,195 - Data for Everolimus medicine has been loaded! - INFO
2026-07-31 19:29:32,195 - Data for Sirolimus medicine has been loaded! - INFO
2026-07-31 19:29:32,195 - Data for Sirolimus medicine has been loaded! - INFO
2026-07-31 19:29:32,195 - Data for Sirolimus medicine has been loaded! - INFO
2026-07-31 19:29:32,195 - Data for Tofacitinib medicine has been loaded! - INFO
2026-07-31 19:29:32,195 - Data for SIROLIMUS medicine has been loaded! - INFO
2026-07-31 19:29:32,195 - Data for Nilotinib medicine has been loaded! - INFO
2026-07-31 19:29:32,195 - Data for sirolimus medicine has been loaded! - INFO
2026-07-31 19:29:32,195 - Data for Olumiant medicine has been loaded! - INFO
2026-07-31 19:29:32,195 - Data for Nilotinib medicine has been loaded! - INFO
2026-07-31 19:29:32,195 - Data for sirolimus medicine has been loaded! - INFO
2026-07-31 19:29:32,195 - Data for Sirolimus medicine has been loaded! - INFO
2026-07-31 19:29:32,195 - Data for Sirolimus medicine has been loaded! - INFO
2026-07-31 19:29:32,195 - Data for sirolimus medicine has been loaded! - INFO
2026-07-31 19:29:32,195 - Data for sirolimus medicine has been loaded! - INFO
2026-07-31 19:29:32,195 - Data for Pazopanib medicine has been loaded! - INFO
2026-07-31 19:29:32,195 - Data for Everolimus medicine has been loaded! - INFO
2026-07-31 19:29:32,195 - Data for Sirolimus medicine has been loaded! - INFO
2026-07-31 19:29:32,195 - Data for Everolimus medicine has been loaded! - INFO
2026-07-31 19:29:32,195 - Data for DANZITEN medicine has been loaded! - INFO
2026-07-31 19:29:32,195 - Data for Everolimus medicine has been loaded! - INFO
2026-07-31 19:29:32,196 - Data for Zortress medicine has been loaded! - INFO
2026-07-31 19:29:32,196 - Data for Nilotinib medicine has been loaded! - INFO
2026-07-31 19:29:32,196 - Data for CAPRELSA medicine has been loaded! - INFO
2026-07-31 19:29:32,196 - Data for sirolimus medicine has been loaded! - INFO
2026-07-31 19:29:32,196 - Data for sirolimus medicine has been loaded! - INFO
2026-07-31 19:29:32,196 - Data for Sirolimus medicine has been loaded! - INFO
2026-07-31 19:29:32,196 - Data for Kinase Inhibitor [EPC] has been loaded! - INFO
2026-07-31 19:29:34,533 - Data for Adenosine Receptor Agonist [EPC] has been loaded! - INFO
2026-07-31 19:29:36,146 - Data for Non-narcotic Antitussive [EPC] has been loaded! - INFO
2026-07-31 19:29:38,900 - Data for norelgestromin and ethinyl estradiol medicine has been loaded! - INFO
2026-07-31 19:29:38,901 - Data for Climara Pro medicine has been loaded! - INFO
2026-07-31 19:29:38,901 - Data for NuvaRing medicine has been loaded! - INFO
2026-07-31 19:29:38,901 - Data for Norelgestromin and Ethinly Estradiol medicine has been loaded! - INFO
2026-07-31 19:29:38,901 - Data for Nexplanon medicine has been loaded! - INFO
2026-07-31 19:29:38,901 - Data for NUVARING medicine has been loaded! - INFO
2026-07-31 19:29:38,901 - Data for NuvaRing medicine has been loaded! - INFO
2026-07-31 19:29:38,901 - Data for ZAFEMY medicine has been loaded! - INFO
2026-07-31 19:29:38,901 - Data for Angeliq medicine has been loaded! - INFO
2026-07-31 19:29:38,901 - Data for ZAFEMY medicine has been loaded! - INFO
2026-07-31 19:29:38,901 - Data for Etonogestrel and Ethinyl Estradiol medicine has been loaded! - INFO
2026-07-31 19:29:38,901 - Data for XULANE medicine has been loaded! - INFO
2026-07-31 19:29:38,901 - Data for Twirla medicine has been loaded! - INFO
2026-07-31 19:29:38,901 - Data for EluRyng medicine has been loaded! - INFO
2026-07-31 19:29:38,901 - Data for NUVARING medicine has been loaded! - INFO
2026-07-31 19:29:38,901 - Data for Etonogestrel/Ethinyl Estradiol medicine has been loaded! - INFO
2026-07-31 19:29:38,901 - Data for XULANE medicine has been loaded! - INFO
2026-07-31 19:29:38,901 - Data for ZAFEMY medicine has been loaded! - INFO
2026-07-31 19:29:38,901 - Data for Etonogestrel/Ethinyl Estradiol medicine has been loaded! - INFO
2026-07-31 19:29:38,901 - Data for Progestin [EPC] has been loaded! - INFO
2026-07-31 19:29:41,632 - Data for Progesterone [EPC] has been loaded! - INFO
2026-07-31 19:29:43,712 - Data for Calculi Dissolution Agent [EPC] has been loaded! - INFO
2026-07-31 19:29:47,558 - Data for LAMIVUDINE and ZIDOVUDINE medicine has been loaded! - INFO
2026-07-31 19:29:47,558 - Data for Biktarvy medicine has been loaded! - INFO
2026-07-31 19:29:47,559 - Data for DESCOVY medicine has been loaded! - INFO
2026-07-31 19:29:47,559 - Data for Emtricitabine and tenofovir disoproxil fumarate medicine has been loaded! - INFO
2026-07-31 19:29:47,559 - Data for COMBIVIR medicine has been loaded! - INFO
2026-07-31 19:29:47,559 - Data for EMTRICITABINE AND TENOFOVIR DISOPROXIL FUMARATE medicine has been loaded! - INFO
2026-07-31 19:29:47,559 - Data for Efavirenz, Emtricitabine And Tenofovir Disoproxil Fumarate medicine has been loaded! - INFO
2026-07-31 19:29:47,559 - Data for Lamivudine medicine has been loaded! - INFO
2026-07-31 19:29:47,559 - Data for Abacavir and Lamivudine medicine has been loaded! - INFO
2026-07-31 19:29:47,559 - Data for Efavirenz, Lamivudine and Tenofovir Disoproxil Fumarate medicine has been loaded! - INFO
2026-07-31 19:29:47,559 - Data for Emtricitabine and tenofovir disoproxil fumarate medicine has been loaded! - INFO
2026-07-31 19:29:47,559 - Data for Triumeq, Triumeq PD medicine has been loaded! - INFO
2026-07-31 19:29:47,559 - Data for Lamivudine medicine has been loaded! - INFO
2026-07-31 19:29:47,559 - Data for EMTRICITABINE AND TENOFOVIR DISOPROXIL FUMARATE medicine has been loaded! - INFO
2026-07-31 19:29:47,559 - Data for Emtricitabine and tenofovir disoproxil fumarate medicine has been loaded! - INFO
2026-07-31 19:29:47,559 - Data for Genvoya medicine has been loaded! - INFO
2026-07-31 19:29:47,559 - Data for LAMIVUDINE medicine has been loaded! - INFO
2026-07-31 19:29:47,559 - Data for Emtricitabine and Tenofovir Disoproxil Fumarate medicine has been loaded! - INFO
2026-07-31 19:29:47,559 - Data for Efavirenz, Emtricitabine and Tenofovir Disoproxil Fumarate medicine has been loaded! - INFO
2026-07-31 19:29:47,559 - Data for Lamivudine medicine has been loaded! - INFO
2026-07-31 19:29:47,559 - Data for Zidovudine medicine has been loaded! - INFO
2026-07-31 19:29:47,559 - Data for Emtricitabine and tenofovir disoproxil fumarate medicine has been loaded! - INFO
2026-07-31 19:29:47,559 - Data for Truvada medicine has been loaded! - INFO
2026-07-31 19:29:47,559 - Data for Lamivudine medicine has been loaded! - INFO
2026-07-31 19:29:47,559 - Data for Lamivudine medicine has been loaded! - INFO
2026-07-31 19:29:47,559 - Data for Emtricitabine and Tenofovir Disoproxil Fumarate medicine has been loaded! - INFO
2026-07-31 19:29:47,559 - Data for Emtricitabine and Tenofovir Disoproxil Fumarate medicine has been loaded! - INFO
2026-07-31 19:29:47,559 - Data for Lamivudine and Zidovudine medicine has been loaded! - INFO
2026-07-31 19:29:47,560 - Data for Emtricitabine and tenofovir disoproxil fumarate medicine has been loaded! - INFO
2026-07-31 19:29:47,560 - Data for Emtricitabine and Tenofovir Disoproxil Fumarate medicine has been loaded! - INFO
2026-07-31 19:29:47,560 - Data for Zidovudine medicine has been loaded! - INFO
2026-07-31 19:29:47,560 - Data for Truvada medicine has been loaded! - INFO
2026-07-31 19:29:47,560 - Data for Efavirenz, Emtricitabine and Tenofovir Disoproxil Fumarate medicine has been loaded! - INFO
2026-07-31 19:29:47,560 - Data for Lamivudine and Zidovudine medicine has been loaded! - INFO
2026-07-31 19:29:47,560 - Data for Lamivudine and Zidovudine medicine has been loaded! - INFO
2026-07-31 19:29:47,560 - Data for Biktarvy medicine has been loaded! - INFO
2026-07-31 19:29:47,560 - Data for Dovato medicine has been loaded! - INFO
2026-07-31 19:29:47,560 - Data for RETROVIR medicine has been loaded! - INFO
2026-07-31 19:29:47,560 - Data for LAMIVUDINE medicine has been loaded! - INFO
2026-07-31 19:29:47,560 - Data for emtricitabine, rilpivirine and tenofovir disoproxil fumarate medicine has been loaded! - INFO
2026-07-31 19:29:47,560 - Data for Stribild medicine has been loaded! - INFO
2026-07-31 19:29:47,560 - Data for Lamivudine medicine has been loaded! - INFO
2026-07-31 19:29:47,560 - Data for Emtricitabine and Tenofovir Disoproxil Fumarate medicine has been loaded! - INFO
2026-07-31 19:29:47,560 - Data for Emtricitabine and tenofovir disoproxil fumarate medicine has been loaded! - INFO
2026-07-31 19:29:47,560 - Data for Emtricitabine and Tenofovir Disoproxil Fumarate medicine has been loaded! - INFO
2026-07-31 19:29:47,560 - Data for Emtricitabine and tenofovir disoproxil fumarate medicine has been loaded! - INFO
2026-07-31 19:29:47,560 - Data for SYMFI medicine has been loaded! - INFO
2026-07-31 19:29:47,560 - Data for Symtuza medicine has been loaded! - INFO
2026-07-31 19:29:47,560 - Data for Lamivudine medicine has been loaded! - INFO
2026-07-31 19:29:47,560 - Data for EPIVIR medicine has been loaded! - INFO
2026-07-31 19:29:47,560 - Data for Emtricitabine and Tenofovir Disoproxil Fumarate medicine has been loaded! - INFO
2026-07-31 19:29:47,560 - Data for Emtricitabine and Tenofovir Disoproxil Fumarate medicine has been loaded! - INFO
2026-07-31 19:29:47,560 - Data for Efavirenz, Lamivudine and Tenofovir Disoproxil Fumarate medicine has been loaded! - INFO
2026-07-31 19:29:47,560 - Data for Zidovudine medicine has been loaded! - INFO
2026-07-31 19:29:47,560 - Data for emtricitabine medicine has been loaded! - INFO
2026-07-31 19:29:47,560 - Data for CIMDUO medicine has been loaded! - INFO
2026-07-31 19:29:47,561 - Data for Emtricitabine and Tenofovir Disoproxil Fumarate medicine has been loaded! - INFO
2026-07-31 19:29:47,561 - Data for efavirenz, emtricitabine and tenofovir disoproxil fumarate medicine has been loaded! - INFO
2026-07-31 19:29:47,561 - Data for Lamivudine medicine has been loaded! - INFO
2026-07-31 19:29:47,561 - Data for Lamivudine medicine has been loaded! - INFO
2026-07-31 19:29:47,561 - Data for Efavirenz, emtricitabine and tenofovir disoproxil fumarate medicine has been loaded! - INFO
2026-07-31 19:29:47,561 - Data for Emtricitabine and Tenofovir Disoproxil Fumarate medicine has been loaded! - INFO
2026-07-31 19:29:47,561 - Data for Emtricitabine and Tenofovir Disoproxil Fumarate medicine has been loaded! - INFO
2026-07-31 19:29:47,561 - Data for Lamivudine medicine has been loaded! - INFO
2026-07-31 19:29:47,561 - Data for Emtricitabine and Tenofovir Disoproxil Fumarate medicine has been loaded! - INFO
2026-07-31 19:29:47,561 - Data for Emtricitabine and tenofovir disoproxil fumarate medicine has been loaded! - INFO
2026-07-31 19:29:47,561 - Data for Emtricitabine and Tenofovir Disoproxil Fumarate medicine has been loaded! - INFO
2026-07-31 19:29:47,561 - Data for Lamivudine medicine has been loaded! - INFO
2026-07-31 19:29:47,561 - Data for Abacavir and Lamivudine medicine has been loaded! - INFO
2026-07-31 19:29:47,561 - Data for Zidovudine medicine has been loaded! - INFO
2026-07-31 19:29:47,561 - Data for DELSTRIGO medicine has been loaded! - INFO
2026-07-31 19:29:47,561 - Data for Emtricitabine medicine has been loaded! - INFO
2026-07-31 19:29:47,561 - Data for EMTRICITABINE AND TENOFOVIR DISOPROXIL FUMARATE medicine has been loaded! - INFO
2026-07-31 19:29:47,561 - Data for Abacavir and Lamivudine medicine has been loaded! - INFO
2026-07-31 19:29:47,561 - Data for Abacavir and Lamivudine medicine has been loaded! - INFO
2026-07-31 19:29:47,561 - Data for Emtricitabine and Tenofovir Disoproxil Fumarate medicine has been loaded! - INFO
2026-07-31 19:29:47,561 - Data for Lamivudine and Zidovudine medicine has been loaded! - INFO
2026-07-31 19:29:47,561 - Data for COMPLERA medicine has been loaded! - INFO
2026-07-31 19:29:47,561 - Data for Emtriva medicine has been loaded! - INFO
2026-07-31 19:29:47,561 - Data for Emtricitabine and Tenofovir Disoproxil Fumarate medicine has been loaded! - INFO
2026-07-31 19:29:47,561 - Data for Emtricitabine, Rilpivirine, Tenofovir Disoproxil Fumarate medicine has been loaded! - INFO
2026-07-31 19:29:47,561 - Data for Abacavir and Lamivudine medicine has been loaded! - INFO
2026-07-31 19:29:47,561 - Data for Emtricitabine and Tenofovir Disoproxil Fumarate medicine has been loaded! - INFO
2026-07-31 19:29:47,562 - Data for EMTRICITABINE AND TENOFOVIR DISOPROXIL FUMARATE medicine has been loaded! - INFO
2026-07-31 19:29:47,562 - Data for Zidovudine medicine has been loaded! - INFO
2026-07-31 19:29:47,562 - Data for Lamivudine and Zidovudine medicine has been loaded! - INFO
2026-07-31 19:29:47,562 - Data for ABACAVIR and LAMIVUDINE medicine has been loaded! - INFO
2026-07-31 19:29:47,562 - Data for lamivudine medicine has been loaded! - INFO
2026-07-31 19:29:47,562 - Data for ODEFSEY medicine has been loaded! - INFO
2026-07-31 19:29:47,562 - Data for Efavirenz, Emtricitabine And Tenofovir Disoproxil Fumarate medicine has been loaded! - INFO
2026-07-31 19:29:47,562 - Data for LAMIVUDINE medicine has been loaded! - INFO
2026-07-31 19:29:47,562 - Data for ABACAVIR, LAMIVUDINE AND ZIDOVUDINE medicine has been loaded! - INFO
2026-07-31 19:29:47,562 - Data for LAMIVUDINE and ZIDOVUDINE medicine has been loaded! - INFO
2026-07-31 19:29:47,562 - Data for Emtricitabine and tenofovir disoproxil fumarate medicine has been loaded! - INFO
2026-07-31 19:29:47,562 - Data for Efavirenz, Emtricitabine and Tenofovir Disoproxil Fumarate medicine has been loaded! - INFO
2026-07-31 19:29:47,562 - Data for Lamivudine medicine has been loaded! - INFO
2026-07-31 19:29:47,562 - Data for LAMIVUDINE and ZIDOVUDINE medicine has been loaded! - INFO
2026-07-31 19:29:47,562 - Data for Human Immunodeficiency Virus Nucleoside Analog Reverse Transcriptase Inhibitor [EPC] has been loaded! - INFO
2026-07-31 19:29:50,922 - Data for 5-alpha Reductase Inhibitor [EPC] has been loaded! - INFO
2026-07-31 19:29:53,695 - Data for Iodixanol medicine has been loaded! - INFO
2026-07-31 19:29:53,695 - Data for Omnipaque medicine has been loaded! - INFO
2026-07-31 19:29:53,695 - Data for Visipaque medicine has been loaded! - INFO
2026-07-31 19:29:53,695 - Data for OMNIPAQUE medicine has been loaded! - INFO
2026-07-31 19:29:53,695 - Data for OMNIPAQUE medicine has been loaded! - INFO
2026-07-31 19:29:53,695 - Data for IOMERVU medicine has been loaded! - INFO
2026-07-31 19:29:53,695 - Data for Ultravist medicine has been loaded! - INFO
2026-07-31 19:29:53,695 - Data for Visipaque medicine has been loaded! - INFO
2026-07-31 19:29:53,695 - Data for OMNIPAQUE medicine has been loaded! - INFO
2026-07-31 19:29:53,695 - Data for Iohexol medicine has been loaded! - INFO
2026-07-31 19:29:53,695 - Data for Radiographic Contrast Agent [EPC] has been loaded! - INFO
2026-07-31 19:29:56,578 - Data for Testosterone medicine has been loaded! - INFO
2026-07-31 19:29:56,578 - Data for TESTOSTERONE medicine has been loaded! - INFO
2026-07-31 19:29:56,578 - Data for Testosterone medicine has been loaded! - INFO
2026-07-31 19:29:56,579 - Data for Testosterone medicine has been loaded! - INFO
2026-07-31 19:29:56,579 - Data for testosterone medicine has been loaded! - INFO
2026-07-31 19:29:56,579 - Data for Vogelxo medicine has been loaded! - INFO
2026-07-31 19:29:56,579 - Data for Testosterone Gel, 1% medicine has been loaded! - INFO
2026-07-31 19:29:56,579 - Data for TESTOSTERONE medicine has been loaded! - INFO
2026-07-31 19:29:56,579 - Data for Testosterone medicine has been loaded! - INFO
2026-07-31 19:29:56,579 - Data for testosterone medicine has been loaded! - INFO
2026-07-31 19:29:56,579 - Data for Testosterone medicine has been loaded! - INFO
2026-07-31 19:29:56,579 - Data for testosterone medicine has been loaded! - INFO
2026-07-31 19:29:56,579 - Data for Testosterone medicine has been loaded! - INFO
2026-07-31 19:29:56,579 - Data for Testosterone medicine has been loaded! - INFO
2026-07-31 19:29:56,579 - Data for Testosterone medicine has been loaded! - INFO
2026-07-31 19:29:56,579 - Data for Testosterone medicine has been loaded! - INFO
2026-07-31 19:29:56,579 - Data for Testosterone medicine has been loaded! - INFO
2026-07-31 19:29:56,579 - Data for Testosterone medicine has been loaded! - INFO
2026-07-31 19:29:56,579 - Data for testosterone medicine has been loaded! - INFO
2026-07-31 19:29:56,579 - Data for Testosterone Gel, 1% medicine has been loaded! - INFO
2026-07-31 19:29:56,579 - Data for testosterone medicine has been loaded! - INFO
2026-07-31 19:29:56,579 - Data for testosterone medicine has been loaded! - INFO
2026-07-31 19:29:56,579 - Data for Testim medicine has been loaded! - INFO
2026-07-31 19:29:56,579 - Data for Testosterone medicine has been loaded! - INFO
2026-07-31 19:29:56,579 - Data for testosterone medicine has been loaded! - INFO
2026-07-31 19:29:56,579 - Data for Testosterone medicine has been loaded! - INFO
2026-07-31 19:29:56,579 - Data for Testosterone medicine has been loaded! - INFO
2026-07-31 19:29:56,579 - Data for Testosterone medicine has been loaded! - INFO
2026-07-31 19:29:56,579 - Data for testosterone medicine has been loaded! - INFO
2026-07-31 19:29:56,579 - Data for Testosterone medicine has been loaded! - INFO
2026-07-31 19:29:56,579 - Data for TESTOSTERONE medicine has been loaded! - INFO
2026-07-31 19:29:56,579 - Data for Testosterone medicine has been loaded! - INFO
2026-07-31 19:29:56,580 - Data for AndroGel medicine has been loaded! - INFO
2026-07-31 19:29:56,580 - Data for AndroGel medicine has been loaded! - INFO
2026-07-31 19:29:56,580 - Data for Testosterone medicine has been loaded! - INFO
2026-07-31 19:29:56,580 - Data for Androgen [EPC] has been loaded! - INFO
2026-07-31 19:29:59,723 - Data for Macrolide Antimicrobial [EPC] has been loaded! - INFO
2026-07-31 19:30:01,914 - Data for Vitamin D [EPC] has been loaded! - INFO
2026-07-31 19:30:13,462 - Data for Ascomp with Codeine medicine has been loaded! - INFO
2026-07-31 19:30:13,462 - Data for BUTALBITAL, ASPIRIN, CAFFEINE and CODEINE PHOSPHATE medicine has been loaded! - INFO
2026-07-31 19:30:13,462 - Data for BUTALBITAL, ASPIRIN, CAFFEINE AND CODEINE PHOSPHATE medicine has been loaded! - INFO
2026-07-31 19:30:13,463 - Data for Barbiturate [EPC] has been loaded! - INFO
2026-07-31 19:30:18,827 - Data for Dihydrofolate Reductase Inhibitor Antibacterial [EPC] has been loaded! - INFO
2026-07-31 19:30:21,504 - Data for Aromatic Amino Acid [EPC] has been loaded! - INFO
2026-07-31 19:30:26,832 - Data for Sulfonamide Antimicrobial [EPC] has been loaded! - INFO
2026-07-31 19:30:33,829 - Data for Serotonin-3 Receptor Antagonist [EPC] has been loaded! - INFO
2026-07-31 19:30:36,397 - Data for ARIKAYCE medicine has been loaded! - INFO
2026-07-31 19:30:36,397 - Data for Aminoglycoside Antibacterial [EPC] has been loaded! - INFO
2026-07-31 19:30:40,733 - Data for Levofloxacin medicine has been loaded! - INFO
2026-07-31 19:30:40,733 - Data for levofloxacin medicine has been loaded! - INFO
2026-07-31 19:30:40,733 - Data for Levofloxacin medicine has been loaded! - INFO
2026-07-31 19:30:40,734 - Data for levofloxacin medicine has been loaded! - INFO
2026-07-31 19:30:40,734 - Data for Levofloxacin medicine has been loaded! - INFO
2026-07-31 19:30:40,734 - Data for Levofloxacin medicine has been loaded! - INFO
2026-07-31 19:30:40,734 - Data for Levofloxacin medicine has been loaded! - INFO
2026-07-31 19:30:40,734 - Data for Levofloxacin medicine has been loaded! - INFO
2026-07-31 19:30:40,734 - Data for Levofloxacin medicine has been loaded! - INFO
2026-07-31 19:30:40,734 - Data for levofloxacin medicine has been loaded! - INFO
2026-07-31 19:30:40,734 - Data for Levofloxacin medicine has been loaded! - INFO
2026-07-31 19:30:40,734 - Data for Levofloxacin medicine has been loaded! - INFO
2026-07-31 19:30:40,734 - Data for levofloxacin medicine has been loaded! - INFO
2026-07-31 19:30:40,734 - Data for Levofloxacin medicine has been loaded! - INFO
2026-07-31 19:30:40,734 - Data for levofloxacin medicine has been loaded! - INFO
2026-07-31 19:30:40,734 - Data for Levofloxacin medicine has been loaded! - INFO
2026-07-31 19:30:40,734 - Data for Levofloxacin medicine has been loaded! - INFO
2026-07-31 19:30:40,734 - Data for Levofloxacin medicine has been loaded! - INFO
2026-07-31 19:30:40,734 - Data for Ciprofloxacin in Dextrose medicine has been loaded! - INFO
2026-07-31 19:30:40,734 - Data for levofloxacin medicine has been loaded! - INFO
2026-07-31 19:30:40,734 - Data for Levofloxacin medicine has been loaded! - INFO
2026-07-31 19:30:40,734 - Data for Levofloxacin medicine has been loaded! - INFO
2026-07-31 19:30:40,734 - Data for Levofloxacin medicine has been loaded! - INFO
2026-07-31 19:30:40,734 - Data for Levofloxacin medicine has been loaded! - INFO
2026-07-31 19:30:40,734 - Data for levofloxacin medicine has been loaded! - INFO
2026-07-31 19:30:40,734 - Data for Levofloxacin medicine has been loaded! - INFO
2026-07-31 19:30:40,734 - Data for Levofloxacin medicine has been loaded! - INFO
2026-07-31 19:30:40,734 - Data for Levofloxacin medicine has been loaded! - INFO
2026-07-31 19:30:40,734 - Data for Levofloxacin medicine has been loaded! - INFO
2026-07-31 19:30:40,734 - Data for Levofloxacin medicine has been loaded! - INFO
2026-07-31 19:30:40,734 - Data for Levofloxacin medicine has been loaded! - INFO
2026-07-31 19:30:40,734 - Data for Ciprofloxacin medicine has been loaded! - INFO
2026-07-31 19:30:40,735 - Data for Levofloxacin medicine has been loaded! - INFO
2026-07-31 19:30:40,735 - Data for Levofloxacin medicine has been loaded! - INFO
2026-07-31 19:30:40,735 - Data for levofloxacin medicine has been loaded! - INFO
2026-07-31 19:30:40,735 - Data for Levofloxacin medicine has been loaded! - INFO
2026-07-31 19:30:40,735 - Data for Levofloxacin medicine has been loaded! - INFO
2026-07-31 19:30:40,735 - Data for Levofloxacin medicine has been loaded! - INFO
2026-07-31 19:30:40,735 - Data for Levofloxacin medicine has been loaded! - INFO
2026-07-31 19:30:40,735 - Data for Levofloxacin medicine has been loaded! - INFO
2026-07-31 19:30:40,735 - Data for Levofloxacin medicine has been loaded! - INFO
2026-07-31 19:30:40,735 - Data for Levofloxacin medicine has been loaded! - INFO
2026-07-31 19:30:40,735 - Data for Levofloxacin medicine has been loaded! - INFO
2026-07-31 19:30:40,735 - Data for Levofloxacin, levofloxacin medicine has been loaded! - INFO
2026-07-31 19:30:40,735 - Data for Levofloxacin medicine has been loaded! - INFO
2026-07-31 19:30:40,735 - Data for Levofloxacin medicine has been loaded! - INFO
2026-07-31 19:30:40,735 - Data for Levofloxacin medicine has been loaded! - INFO
2026-07-31 19:30:40,735 - Data for Levofloxacin medicine has been loaded! - INFO
2026-07-31 19:30:40,735 - Data for Levofloxacin medicine has been loaded! - INFO
2026-07-31 19:30:40,735 - Data for Levofloxacin medicine has been loaded! - INFO
2026-07-31 19:30:40,735 - Data for Levofloxacin medicine has been loaded! - INFO
2026-07-31 19:30:40,735 - Data for levofloxacin medicine has been loaded! - INFO
2026-07-31 19:30:40,735 - Data for Levofloxacin medicine has been loaded! - INFO
2026-07-31 19:30:40,735 - Data for Levofloxacin medicine has been loaded! - INFO
2026-07-31 19:30:40,735 - Data for LEVOFLOXACIN medicine has been loaded! - INFO
2026-07-31 19:30:40,735 - Data for Levofloxacin medicine has been loaded! - INFO
2026-07-31 19:30:40,735 - Data for Levofloxacin medicine has been loaded! - INFO
2026-07-31 19:30:40,736 - Data for Levofloxacin medicine has been loaded! - INFO
2026-07-31 19:30:40,736 - Data for Levofloxacin medicine has been loaded! - INFO
2026-07-31 19:30:40,736 - Data for Ciprofloxacin in Dextrose medicine has been loaded! - INFO
2026-07-31 19:30:40,736 - Data for levofloxacin medicine has been loaded! - INFO
2026-07-31 19:30:40,736 - Data for Levofloxacin medicine has been loaded! - INFO
2026-07-31 19:30:40,736 - Data for Levofloxacin medicine has been loaded! - INFO
2026-07-31 19:30:40,736 - Data for Levofloxacin medicine has been loaded! - INFO
2026-07-31 19:30:40,736 - Data for Levofloxacin medicine has been loaded! - INFO
2026-07-31 19:30:40,736 - Data for Levofloxacin medicine has been loaded! - INFO
2026-07-31 19:30:40,736 - Data for Levofloxacin medicine has been loaded! - INFO
2026-07-31 19:30:40,736 - Data for Levofloxacin medicine has been loaded! - INFO
2026-07-31 19:30:40,736 - Data for Ciprofloxacin medicine has been loaded! - INFO
2026-07-31 19:30:40,736 - Data for Levofloxacin medicine has been loaded! - INFO
2026-07-31 19:30:40,736 - Data for Levofloxacin medicine has been loaded! - INFO
2026-07-31 19:30:40,736 - Data for Fluoroquinolone Antibacterial [EPC] has been loaded! - INFO
2026-07-31 19:30:42,474 - Data for Nitrogen Binding Agent [EPC] has been loaded! - INFO
2026-07-31 19:30:44,911 - Data for Quinolone Antimicrobial [EPC] has been loaded! - INFO
2026-07-31 19:30:48,053 - Data for Busulfan medicine has been loaded! - INFO
2026-07-31 19:30:48,053 - Data for Busulfan medicine has been loaded! - INFO
2026-07-31 19:30:48,053 - Data for Thiotepa medicine has been loaded! - INFO
2026-07-31 19:30:48,053 - Data for Thiotepa medicine has been loaded! - INFO
2026-07-31 19:30:48,053 - Data for BUSULFEX medicine has been loaded! - INFO
2026-07-31 19:30:48,053 - Data for Thiotepa medicine has been loaded! - INFO
2026-07-31 19:30:48,053 - Data for Busulfan medicine has been loaded! - INFO
2026-07-31 19:30:48,054 - Data for IFOSFAMIDE medicine has been loaded! - INFO
2026-07-31 19:30:48,054 - Data for Thiotepa medicine has been loaded! - INFO
2026-07-31 19:30:48,054 - Data for Ifosfamide medicine has been loaded! - INFO
2026-07-31 19:30:48,054 - Data for Thiotepa medicine has been loaded! - INFO
2026-07-31 19:30:48,054 - Data for Busulfan medicine has been loaded! - INFO
2026-07-31 19:30:48,054 - Data for Thiotepa medicine has been loaded! - INFO
2026-07-31 19:30:48,054 - Data for IFEX medicine has been loaded! - INFO
2026-07-31 19:30:48,054 - Data for BUSULFAN medicine has been loaded! - INFO
2026-07-31 19:30:48,054 - Data for Ifosfamide medicine has been loaded! - INFO
2026-07-31 19:30:48,054 - Data for Busulfan medicine has been loaded! - INFO
2026-07-31 19:30:48,054 - Data for Busulfan medicine has been loaded! - INFO
2026-07-31 19:30:48,054 - Data for IFOSFAMIDE medicine has been loaded! - INFO
2026-07-31 19:30:48,054 - Data for Busulfan medicine has been loaded! - INFO
2026-07-31 19:30:48,054 - Data for Alkylating Drug [EPC] has been loaded! - INFO
2026-07-31 19:30:51,523 - Data for Cephalosporin Antibacterial [EPC] has been loaded! - INFO
2026-07-31 19:30:54,449 - Data for Typical Antipsychotic [EPC] has been loaded! - INFO
2026-07-31 19:30:57,100 - Data for Aminosalicylate [EPC] has been loaded! - INFO
2026-07-31 19:30:59,822 - Data for Antifibrinolytic Agent [EPC] has been loaded! - INFO
2026-07-31 19:31:03,777 - Data for Aromatase Inhibitor [EPC] has been loaded! - INFO
2026-07-31 19:31:06,691 - Data for Radioactive Diagnostic Agent [EPC] has been loaded! - INFO
2026-07-31 19:31:09,404 - Data for Aromatic Amino Acid Decarboxylation Inhibitor [EPC] has been loaded! - INFO
2026-07-31 19:31:11,292 - Data for Aluminum Complex [EPC] has been loaded! - INFO
2026-07-31 19:31:13,424 - Data for Pediculicide [EPC] has been loaded! - INFO
2026-07-31 19:31:16,782 - Data for Prostaglandin Analog [EPC] has been loaded! - INFO
2026-07-31 19:31:18,718 - Data for Non-Standardized Pollen Allergenic Extract [EPC] has been loaded! - INFO
2026-07-31 19:31:20,675 - Data for Adrenocorticotropic Hormone [EPC] has been loaded! - INFO
2026-07-31 19:31:23,117 - Data for Potassium-sparing Diuretic [EPC] has been loaded! - INFO
2026-07-31 19:31:26,350 - Data for General Anesthetic [EPC] has been loaded! - INFO
2026-07-31 19:31:29,448 - Data for Tetracycline-class Drug [EPC] has been loaded! - INFO
2026-07-31 19:31:32,590 - Data for Ramipril medicine has been loaded! - INFO
2026-07-31 19:31:32,590 - Data for Ramipril medicine has been loaded! - INFO
2026-07-31 19:31:32,590 - Data for Ramipril medicine has been loaded! - INFO
2026-07-31 19:31:32,590 - Data for Ramipril medicine has been loaded! - INFO
2026-07-31 19:31:32,590 - Data for Ramipril medicine has been loaded! - INFO
2026-07-31 19:31:32,591 - Data for Ramipril medicine has been loaded! - INFO
2026-07-31 19:31:32,591 - Data for Ramipril medicine has been loaded! - INFO
2026-07-31 19:31:32,591 - Data for Ramipril medicine has been loaded! - INFO
2026-07-31 19:31:32,591 - Data for Ramipril medicine has been loaded! - INFO
2026-07-31 19:31:32,591 - Data for Ramipril medicine has been loaded! - INFO
2026-07-31 19:31:32,591 - Data for Ramipril medicine has been loaded! - INFO
2026-07-31 19:31:32,591 - Data for Ramipril medicine has been loaded! - INFO
2026-07-31 19:31:32,591 - Data for Ramipril medicine has been loaded! - INFO
2026-07-31 19:31:32,591 - Data for Ramipril medicine has been loaded! - INFO
2026-07-31 19:31:32,591 - Data for Ramipril medicine has been loaded! - INFO
2026-07-31 19:31:32,591 - Data for Ramipril medicine has been loaded! - INFO
2026-07-31 19:31:32,591 - Data for Ramipril medicine has been loaded! - INFO
2026-07-31 19:31:32,591 - Data for Ramipril medicine has been loaded! - INFO
2026-07-31 19:31:32,591 - Data for Ramipril medicine has been loaded! - INFO
2026-07-31 19:31:32,591 - Data for Ramipril medicine has been loaded! - INFO
2026-07-31 19:31:32,591 - Data for Ramipril medicine has been loaded! - INFO
2026-07-31 19:31:32,591 - Data for Ramipril medicine has been loaded! - INFO
2026-07-31 19:31:32,591 - Data for Ramipril medicine has been loaded! - INFO
2026-07-31 19:31:32,591 - Data for Ramipril medicine has been loaded! - INFO
2026-07-31 19:31:32,591 - Data for Ramipril medicine has been loaded! - INFO
2026-07-31 19:31:32,591 - Data for Ramipril medicine has been loaded! - INFO
2026-07-31 19:31:32,592 - Data for Ramipril medicine has been loaded! - INFO
2026-07-31 19:31:32,592 - Data for Ramipril medicine has been loaded! - INFO
2026-07-31 19:31:32,592 - Data for Ramipril medicine has been loaded! - INFO
2026-07-31 19:31:32,592 - Data for Ramipril medicine has been loaded! - INFO
2026-07-31 19:31:32,592 - Data for Ramipril medicine has been loaded! - INFO
2026-07-31 19:31:32,592 - Data for Ramipril medicine has been loaded! - INFO
2026-07-31 19:31:32,592 - Data for Ramipril medicine has been loaded! - INFO
2026-07-31 19:31:32,592 - Data for Ramipril medicine has been loaded! - INFO
2026-07-31 19:31:32,592 - Data for Ramipril medicine has been loaded! - INFO
2026-07-31 19:31:32,592 - Data for Ramipril medicine has been loaded! - INFO
2026-07-31 19:31:32,592 - Data for Ramipril medicine has been loaded! - INFO
2026-07-31 19:31:32,592 - Data for Ramipril medicine has been loaded! - INFO
2026-07-31 19:31:32,592 - Data for Benazepril Hydrochloride medicine has been loaded! - INFO
2026-07-31 19:31:32,592 - Data for Angiotensin Converting Enzyme Inhibitor [EPC] has been loaded! - INFO
2026-07-31 19:31:34,737 - Data for Climara Pro medicine has been loaded! - INFO
2026-07-31 19:31:34,737 - Data for Twirla medicine has been loaded! - INFO
2026-07-31 19:31:34,737 - Data for Progestin-containing Intrauterine System [EPC] has been loaded! - INFO
2026-07-31 19:31:37,728 - Data for Xultophy 100/3.6 medicine has been loaded! - INFO
2026-07-31 19:31:37,728 - Data for Insulin Analog [EPC] has been loaded! - INFO
2026-07-31 19:31:39,709 - Data for Carbonic Anhydrase Inhibitor [EPC] has been loaded! - INFO
2026-07-31 19:31:41,842 - Data for Nicotinic Acid [EPC] has been loaded! - INFO
2026-07-31 19:31:44,092 - Data for Macrolide [EPC] has been loaded! - INFO
2026-07-31 19:31:47,115 - Data for Alkaloid [EPC] has been loaded! - INFO
2026-07-31 19:31:50,102 - Data for Dietary Cholesterol Absorption Inhibitor [EPC] has been loaded! - INFO
2026-07-31 19:31:52,886 - Data for Oxaliplatin medicine has been loaded! - INFO
2026-07-31 19:31:52,886 - Data for Oxaliplatin medicine has been loaded! - INFO
2026-07-31 19:31:52,886 - Data for Oxaliplatin medicine has been loaded! - INFO
2026-07-31 19:31:52,886 - Data for oxaliplatin medicine has been loaded! - INFO
2026-07-31 19:31:52,886 - Data for Oxaliplatin medicine has been loaded! - INFO
2026-07-31 19:31:52,886 - Data for oxaliplatin medicine has been loaded! - INFO
2026-07-31 19:31:52,886 - Data for OXALIPLATIN medicine has been loaded! - INFO
2026-07-31 19:31:52,886 - Data for Oxaliplatin medicine has been loaded! - INFO
2026-07-31 19:31:52,886 - Data for Oxaliplatin medicine has been loaded! - INFO
2026-07-31 19:31:52,886 - Data for Oxaliplatin medicine has been loaded! - INFO
2026-07-31 19:31:52,886 - Data for Oxaliplatin medicine has been loaded! - INFO
2026-07-31 19:31:52,886 - Data for Oxaliplatin medicine has been loaded! - INFO
2026-07-31 19:31:52,886 - Data for Oxaliplatin medicine has been loaded! - INFO
2026-07-31 19:31:52,886 - Data for Oxaliplatin medicine has been loaded! - INFO
2026-07-31 19:31:52,886 - Data for Oxaliplatin medicine has been loaded! - INFO
2026-07-31 19:31:52,886 - Data for Oxaliplatin medicine has been loaded! - INFO
2026-07-31 19:31:52,886 - Data for Oxaliplatin medicine has been loaded! - INFO
2026-07-31 19:31:52,886 - Data for Oxaliplatin medicine has been loaded! - INFO
2026-07-31 19:31:52,887 - Data for Oxaliplatin medicine has been loaded! - INFO
2026-07-31 19:31:52,887 - Data for Oxaliplatin medicine has been loaded! - INFO
2026-07-31 19:31:52,887 - Data for Oxaliplatin medicine has been loaded! - INFO
2026-07-31 19:31:52,887 - Data for Oxaliplatin medicine has been loaded! - INFO
2026-07-31 19:31:52,887 - Data for Oxaliplatin medicine has been loaded! - INFO
2026-07-31 19:31:52,887 - Data for KYXATA medicine has been loaded! - INFO
2026-07-31 19:31:52,887 - Data for Oxaliplatin medicine has been loaded! - INFO
2026-07-31 19:31:52,887 - Data for Platinum-based Drug [EPC] has been loaded! - INFO
2026-07-31 19:31:54,745 - Data for Standardized Pollen Allergenic Extract [EPC] has been loaded! - INFO
2026-07-31 19:31:56,600 - Data for l-Thyroxine [EPC] has been loaded! - INFO
2026-07-31 19:31:59,341 - Data for LAMIVUDINE and ZIDOVUDINE medicine has been loaded! - INFO
2026-07-31 19:31:59,341 - Data for Entecavir medicine has been loaded! - INFO
2026-07-31 19:31:59,341 - Data for COMBIVIR medicine has been loaded! - INFO
2026-07-31 19:31:59,341 - Data for Lamivudine medicine has been loaded! - INFO
2026-07-31 19:31:59,341 - Data for Abacavir and Lamivudine medicine has been loaded! - INFO
2026-07-31 19:31:59,341 - Data for Efavirenz, Lamivudine and Tenofovir Disoproxil Fumarate medicine has been loaded! - INFO
2026-07-31 19:31:59,341 - Data for Triumeq, Triumeq PD medicine has been loaded! - INFO
2026-07-31 19:31:59,341 - Data for Lamivudine medicine has been loaded! - INFO
2026-07-31 19:31:59,341 - Data for LAMIVUDINE medicine has been loaded! - INFO
2026-07-31 19:31:59,341 - Data for Lamivudine medicine has been loaded! - INFO
2026-07-31 19:31:59,341 - Data for Lamivudine medicine has been loaded! - INFO
2026-07-31 19:31:59,341 - Data for Lamivudine medicine has been loaded! - INFO
2026-07-31 19:31:59,341 - Data for Lamivudine and Zidovudine medicine has been loaded! - INFO
2026-07-31 19:31:59,341 - Data for Lamivudine and Zidovudine medicine has been loaded! - INFO
2026-07-31 19:31:59,341 - Data for Lamivudine and Zidovudine medicine has been loaded! - INFO
2026-07-31 19:31:59,341 - Data for Dovato medicine has been loaded! - INFO
2026-07-31 19:31:59,341 - Data for LAMIVUDINE medicine has been loaded! - INFO
2026-07-31 19:31:59,341 - Data for Lamivudine medicine has been loaded! - INFO
2026-07-31 19:31:59,341 - Data for SYMFI medicine has been loaded! - INFO
2026-07-31 19:31:59,341 - Data for Lamivudine medicine has been loaded! - INFO
2026-07-31 19:31:59,341 - Data for EPIVIR medicine has been loaded! - INFO
2026-07-31 19:31:59,341 - Data for ENTECAVIR medicine has been loaded! - INFO
2026-07-31 19:31:59,341 - Data for Efavirenz, Lamivudine and Tenofovir Disoproxil Fumarate medicine has been loaded! - INFO
2026-07-31 19:31:59,341 - Data for CIMDUO medicine has been loaded! - INFO
2026-07-31 19:31:59,341 - Data for Lamivudine medicine has been loaded! - INFO
2026-07-31 19:31:59,341 - Data for Lamivudine medicine has been loaded! - INFO
2026-07-31 19:31:59,341 - Data for Lamivudine medicine has been loaded! - INFO
2026-07-31 19:31:59,341 - Data for Lamivudine medicine has been loaded! - INFO
2026-07-31 19:31:59,341 - Data for Abacavir and Lamivudine medicine has been loaded! - INFO
2026-07-31 19:31:59,341 - Data for DELSTRIGO medicine has been loaded! - INFO
2026-07-31 19:31:59,341 - Data for Abacavir and Lamivudine medicine has been loaded! - INFO
2026-07-31 19:31:59,341 - Data for Abacavir and Lamivudine medicine has been loaded! - INFO
2026-07-31 19:31:59,341 - Data for Lamivudine and Zidovudine medicine has been loaded! - INFO
2026-07-31 19:31:59,341 - Data for Entecavir medicine has been loaded! - INFO
2026-07-31 19:31:59,341 - Data for Abacavir and Lamivudine medicine has been loaded! - INFO
2026-07-31 19:31:59,341 - Data for Lamivudine and Zidovudine medicine has been loaded! - INFO
2026-07-31 19:31:59,341 - Data for ABACAVIR and LAMIVUDINE medicine has been loaded! - INFO
2026-07-31 19:31:59,341 - Data for lamivudine medicine has been loaded! - INFO
2026-07-31 19:31:59,341 - Data for LAMIVUDINE medicine has been loaded! - INFO
2026-07-31 19:31:59,341 - Data for ABACAVIR, LAMIVUDINE AND ZIDOVUDINE medicine has been loaded! - INFO
2026-07-31 19:31:59,342 - Data for LAMIVUDINE and ZIDOVUDINE medicine has been loaded! - INFO
2026-07-31 19:31:59,342 - Data for Lamivudine medicine has been loaded! - INFO
2026-07-31 19:31:59,342 - Data for LAMIVUDINE and ZIDOVUDINE medicine has been loaded! - INFO
2026-07-31 19:31:59,342 - Data for Hepatitis B Virus Nucleoside Analog Reverse Transcriptase Inhibitor [EPC] has been loaded! - INFO
2026-07-31 19:32:02,371 - Data for Lipopeptide Antibacterial [EPC] has been loaded! - INFO
2026-07-31 19:32:04,302 - Data for Non-Standardized Insect Allergenic Extract [EPC] has been loaded! - INFO
2026-07-31 19:32:07,652 - Data for sirolimus medicine has been loaded! - INFO
2026-07-31 19:32:07,652 - Data for Sirolimus medicine has been loaded! - INFO
2026-07-31 19:32:07,652 - Data for Sirolimus medicine has been loaded! - INFO
2026-07-31 19:32:07,652 - Data for Everolimus medicine has been loaded! - INFO
2026-07-31 19:32:07,652 - Data for Sirolimus medicine has been loaded! - INFO
2026-07-31 19:32:07,652 - Data for Sirolimus medicine has been loaded! - INFO
2026-07-31 19:32:07,652 - Data for Sirolimus medicine has been loaded! - INFO
2026-07-31 19:32:07,652 - Data for Everolimus medicine has been loaded! - INFO
2026-07-31 19:32:07,652 - Data for everolimus medicine has been loaded! - INFO
2026-07-31 19:32:07,652 - Data for sirolimus medicine has been loaded! - INFO
2026-07-31 19:32:07,652 - Data for sirolimus medicine has been loaded! - INFO
2026-07-31 19:32:07,652 - Data for Sirolimus medicine has been loaded! - INFO
2026-07-31 19:32:07,652 - Data for Everolimus medicine has been loaded! - INFO
2026-07-31 19:32:07,652 - Data for Sirolimus medicine has been loaded! - INFO
2026-07-31 19:32:07,653 - Data for Sirolimus medicine has been loaded! - INFO
2026-07-31 19:32:07,653 - Data for Sirolimus medicine has been loaded! - INFO
2026-07-31 19:32:07,653 - Data for SIROLIMUS medicine has been loaded! - INFO
2026-07-31 19:32:07,653 - Data for sirolimus medicine has been loaded! - INFO
2026-07-31 19:32:07,653 - Data for sirolimus medicine has been loaded! - INFO
2026-07-31 19:32:07,653 - Data for Sirolimus medicine has been loaded! - INFO
2026-07-31 19:32:07,653 - Data for Sirolimus medicine has been loaded! - INFO
2026-07-31 19:32:07,653 - Data for sirolimus medicine has been loaded! - INFO
2026-07-31 19:32:07,653 - Data for sirolimus medicine has been loaded! - INFO
2026-07-31 19:32:07,653 - Data for Everolimus medicine has been loaded! - INFO
2026-07-31 19:32:07,653 - Data for Sirolimus medicine has been loaded! - INFO
2026-07-31 19:32:07,653 - Data for Everolimus medicine has been loaded! - INFO
2026-07-31 19:32:07,653 - Data for Everolimus medicine has been loaded! - INFO
2026-07-31 19:32:07,653 - Data for Zortress medicine has been loaded! - INFO
2026-07-31 19:32:07,653 - Data for sirolimus medicine has been loaded! - INFO
2026-07-31 19:32:07,653 - Data for sirolimus medicine has been loaded! - INFO
2026-07-31 19:32:07,653 - Data for Sirolimus medicine has been loaded! - INFO
2026-07-31 19:32:07,653 - Data for mTOR Inhibitor Immunosuppressant [EPC] has been loaded! - INFO
2026-07-31 19:32:10,380 - Data for Melatonin Receptor Agonist [EPC] has been loaded! - INFO
2026-07-31 19:32:12,302 - Data for Thyroid Hormone Synthesis Inhibitor [EPC] has been loaded! - INFO
2026-07-31 19:32:14,041 - Data for Vitamin A [EPC] has been loaded! - INFO
2026-07-31 19:32:16,143 - Data for Bile Acid [EPC] has been loaded! - INFO
2026-07-31 19:32:18,810 - Data for Cardiac Glycoside [EPC] has been loaded! - INFO
2026-07-31 19:32:21,722 - Data for Liraglutide medicine has been loaded! - INFO
2026-07-31 19:32:21,722 - Data for MOUNJARO medicine has been loaded! - INFO
2026-07-31 19:32:21,722 - Data for TRULICITY medicine has been loaded! - INFO
2026-07-31 19:32:21,722 - Data for Liraglutide medicine has been loaded! - INFO
2026-07-31 19:32:21,722 - Data for Liraglutide medicine has been loaded! - INFO
2026-07-31 19:32:21,722 - Data for Liraglutide medicine has been loaded! - INFO
2026-07-31 19:32:21,722 - Data for Liraglutide medicine has been loaded! - INFO
2026-07-31 19:32:21,722 - Data for Victoza medicine has been loaded! - INFO
2026-07-31 19:32:21,722 - Data for Liraglutide medicine has been loaded! - INFO
2026-07-31 19:32:21,722 - Data for Xultophy 100/3.6 medicine has been loaded! - INFO
2026-07-31 19:32:21,722 - Data for liraglutide medicine has been loaded! - INFO
2026-07-31 19:32:21,722 - Data for OZEMPIC, RYBELSUS medicine has been loaded! - INFO
2026-07-31 19:32:21,722 - Data for Victoza medicine has been loaded! - INFO
2026-07-31 19:32:21,722 - Data for Saxenda medicine has been loaded! - INFO
2026-07-31 19:32:21,722 - Data for Liraglutide medicine has been loaded! - INFO
2026-07-31 19:32:21,722 - Data for Trulicity medicine has been loaded! - INFO
2026-07-31 19:32:21,722 - Data for Zepbound, ZEPBOUND, Zepbound KwikPen medicine has been loaded! - INFO
2026-07-31 19:32:21,722 - Data for Trulicity medicine has been loaded! - INFO
2026-07-31 19:32:21,722 - Data for Victoza medicine has been loaded! - INFO
2026-07-31 19:32:21,722 - Data for Trulicity medicine has been loaded! - INFO
2026-07-31 19:32:21,722 - Data for Liraglutide medicine has been loaded! - INFO
2026-07-31 19:32:21,722 - Data for MOUNJARO medicine has been loaded! - INFO
2026-07-31 19:32:21,722 - Data for MOUNJARO medicine has been loaded! - INFO
2026-07-31 19:32:21,722 - Data for Saxenda medicine has been loaded! - INFO
2026-07-31 19:32:21,723 - Data for MOUNJARO medicine has been loaded! - INFO
2026-07-31 19:32:21,723 - Data for TRULICITY medicine has been loaded! - INFO
2026-07-31 19:32:21,723 - Data for LIRAGLUTIDE medicine has been loaded! - INFO
2026-07-31 19:32:21,723 - Data for Ozempic medicine has been loaded! - INFO
2026-07-31 19:32:21,723 - Data for TRULICITY medicine has been loaded! - INFO
2026-07-31 19:32:21,723 - Data for TRULICITY medicine has been loaded! - INFO
2026-07-31 19:32:21,723 - Data for LIRAGLUTIDE medicine has been loaded! - INFO
2026-07-31 19:32:21,723 - Data for MOUNJARO medicine has been loaded! - INFO
2026-07-31 19:32:21,723 - Data for Liraglutide medicine has been loaded! - INFO
2026-07-31 19:32:21,723 - Data for liraglutide medicine has been loaded! - INFO
2026-07-31 19:32:21,723 - Data for Mounjaro, Mounjaro KwikPen medicine has been loaded! - INFO
2026-07-31 19:32:21,723 - Data for OZEMPIC medicine has been loaded! - INFO
2026-07-31 19:32:21,723 - Data for MOUNJARO medicine has been loaded! - INFO
2026-07-31 19:32:21,723 - Data for WEGOVY medicine has been loaded! - INFO
2026-07-31 19:32:21,723 - Data for GLP-1 Receptor Agonist [EPC] has been loaded! - INFO
2026-07-31 19:32:24,863 - Data for Docetaxel medicine has been loaded! - INFO
2026-07-31 19:32:24,864 - Data for Docetaxel medicine has been loaded! - INFO
2026-07-31 19:32:24,864 - Data for Docetaxel medicine has been loaded! - INFO
2026-07-31 19:32:24,864 - Data for Paclitaxel medicine has been loaded! - INFO
2026-07-31 19:32:24,864 - Data for Paclitaxel medicine has been loaded! - INFO
2026-07-31 19:32:24,864 - Data for Paclitaxel protein-bound particles medicine has been loaded! - INFO
2026-07-31 19:32:24,864 - Data for Paclitaxel protein-bound particles for injectable suspension (albumin-bound) medicine has been loaded! - INFO
2026-07-31 19:32:24,864 - Data for ABRAXANE medicine has been loaded! - INFO
2026-07-31 19:32:24,864 - Data for Docetaxel medicine has been loaded! - INFO
2026-07-31 19:32:24,864 - Data for Docetaxel medicine has been loaded! - INFO
2026-07-31 19:32:24,864 - Data for Docetaxel medicine has been loaded! - INFO
2026-07-31 19:32:24,864 - Data for Paclitaxel protein-bound particles for injectable suspension (albumin-bound) medicine has been loaded! - INFO
2026-07-31 19:32:24,864 - Data for Paclitaxel protein-bound particles for injectable suspension (albumin-bound) medicine has been loaded! - INFO
2026-07-31 19:32:24,864 - Data for Docetaxel medicine has been loaded! - INFO
2026-07-31 19:32:24,864 - Data for Paclitaxel medicine has been loaded! - INFO
2026-07-31 19:32:24,864 - Data for Docetaxel medicine has been loaded! - INFO
2026-07-31 19:32:24,864 - Data for Docetaxel medicine has been loaded! - INFO
2026-07-31 19:32:24,864 - Data for Docetaxel medicine has been loaded! - INFO
2026-07-31 19:32:24,864 - Data for Docetaxel medicine has been loaded! - INFO
2026-07-31 19:32:24,864 - Data for Docetaxel medicine has been loaded! - INFO
2026-07-31 19:32:24,864 - Data for BEIZRAY medicine has been loaded! - INFO
2026-07-31 19:32:24,864 - Data for Docetaxel anhydrous medicine has been loaded! - INFO
2026-07-31 19:32:24,864 - Data for Docetaxel medicine has been loaded! - INFO
2026-07-31 19:32:24,864 - Data for PACLITAXEL medicine has been loaded! - INFO
2026-07-31 19:32:24,864 - Data for Docetaxel medicine has been loaded! - INFO
2026-07-31 19:32:24,864 - Data for PACLITAXEL PROTEIN BOUND PARTICLES ALBUMIN BOUND medicine has been loaded! - INFO
2026-07-31 19:32:24,864 - Data for DOCETAXEL medicine has been loaded! - INFO
2026-07-31 19:32:24,864 - Data for Microtubule Inhibitor [EPC] has been loaded! - INFO
2026-07-31 19:32:28,097 - Data for Synjardy medicine has been loaded! - INFO
2026-07-31 19:32:28,097 - Data for DAPAGLIFLOZIN AND METFORMIN HYDROCHLORIDE medicine has been loaded! - INFO
2026-07-31 19:32:28,097 - Data for Dapagliflozin and Metformin hydrochloride medicine has been loaded! - INFO
2026-07-31 19:32:28,097 - Data for Trijardy XR medicine has been loaded! - INFO
2026-07-31 19:32:28,097 - Data for Dapagliflozin and Metformin Hydrochloride medicine has been loaded! - INFO
2026-07-31 19:32:28,097 - Data for Synjardy XR medicine has been loaded! - INFO
2026-07-31 19:32:28,097 - Data for DAPAGLIFLOZIN AND METFORMIN HYDROCHLORIDE medicine has been loaded! - INFO
2026-07-31 19:32:28,097 - Data for dapagliflozin and metformin hydrochloride medicine has been loaded! - INFO
2026-07-31 19:32:28,097 - Data for Sodium-Glucose Cotransporter 2 Inhibitor [EPC] has been loaded! - INFO
2026-07-31 19:32:30,562 - Data for Sulfone [EPC] has been loaded! - INFO
2026-07-31 19:32:32,321 - Data for l-Triiodothyronine [EPC] has been loaded! - INFO
2026-07-31 19:32:35,033 - Data for Phenothiazine [EPC] has been loaded! - INFO
2026-07-31 19:32:37,473 - Data for Provitamin D2 Compound [EPC] has been loaded! - INFO
2026-07-31 19:32:39,436 - Data for Antiparasitic [EPC] has been loaded! - INFO
2026-07-31 19:32:42,450 - Data for apixaban medicine has been loaded! - INFO
2026-07-31 19:32:42,450 - Data for Xarelto, XARELTO medicine has been loaded! - INFO
2026-07-31 19:32:42,451 - Data for Rivaroxaban medicine has been loaded! - INFO
2026-07-31 19:32:42,451 - Data for ELIQUIS medicine has been loaded! - INFO
2026-07-31 19:32:42,451 - Data for Apixaban medicine has been loaded! - INFO
2026-07-31 19:32:42,451 - Data for RIVAROXABAN medicine has been loaded! - INFO
2026-07-31 19:32:42,451 - Data for ELIQUIS medicine has been loaded! - INFO
2026-07-31 19:32:42,451 - Data for ELIQUIS medicine has been loaded! - INFO
2026-07-31 19:32:42,451 - Data for ELIQUIS medicine has been loaded! - INFO
2026-07-31 19:32:42,451 - Data for Xarelto medicine has been loaded! - INFO
2026-07-31 19:32:42,451 - Data for Apixaban medicine has been loaded! - INFO
2026-07-31 19:32:42,451 - Data for XARELTO medicine has been loaded! - INFO
2026-07-31 19:32:42,451 - Data for ELIQUIS medicine has been loaded! - INFO
2026-07-31 19:32:42,451 - Data for RIVAROXABAN medicine has been loaded! - INFO
2026-07-31 19:32:42,451 - Data for RIVAROXABAN medicine has been loaded! - INFO
2026-07-31 19:32:42,451 - Data for RIVAROXABAN medicine has been loaded! - INFO
2026-07-31 19:32:42,451 - Data for Rivaroxaban medicine has been loaded! - INFO
2026-07-31 19:32:42,451 - Data for Xarelto medicine has been loaded! - INFO
2026-07-31 19:32:42,451 - Data for RIVAROXABAN medicine has been loaded! - INFO
2026-07-31 19:32:42,451 - Data for ELIQUIS medicine has been loaded! - INFO
2026-07-31 19:32:42,451 - Data for Xarelto medicine has been loaded! - INFO
2026-07-31 19:32:42,451 - Data for Rivaroxaban medicine has been loaded! - INFO
2026-07-31 19:32:42,451 - Data for rivaroxaban medicine has been loaded! - INFO
2026-07-31 19:32:42,451 - Data for Rivaroxaban medicine has been loaded! - INFO
2026-07-31 19:32:42,451 - Data for Rivaroxaban medicine has been loaded! - INFO
2026-07-31 19:32:42,451 - Data for ELIQUIS medicine has been loaded! - INFO
2026-07-31 19:32:42,451 - Data for rivaroxaban granule medicine has been loaded! - INFO
2026-07-31 19:32:42,451 - Data for Rivaroxaban medicine has been loaded! - INFO
2026-07-31 19:32:42,451 - Data for Rivaroxaban medicine has been loaded! - INFO
2026-07-31 19:32:42,451 - Data for Xarelto medicine has been loaded! - INFO
2026-07-31 19:32:42,451 - Data for RIVAROXABAN medicine has been loaded! - INFO
2026-07-31 19:32:42,451 - Data for Xarelto medicine has been loaded! - INFO
2026-07-31 19:32:42,451 - Data for Rivaroxaban medicine has been loaded! - INFO
2026-07-31 19:32:42,452 - Data for Rivaroxaban medicine has been loaded! - INFO
2026-07-31 19:32:42,452 - Data for rivaroxaban medicine has been loaded! - INFO
2026-07-31 19:32:42,452 - Data for ELIQUIS medicine has been loaded! - INFO
2026-07-31 19:32:42,452 - Data for Factor Xa Inhibitor [EPC] has been loaded! - INFO
2026-07-31 19:32:45,209 - Data for Deferasirox medicine has been loaded! - INFO
2026-07-31 19:32:45,209 - Data for Deferasirox medicine has been loaded! - INFO
2026-07-31 19:32:45,209 - Data for Deferasorox medicine has been loaded! - INFO
2026-07-31 19:32:45,209 - Data for Deferasirox medicine has been loaded! - INFO
2026-07-31 19:32:45,209 - Data for Deferasirox oral medicine has been loaded! - INFO
2026-07-31 19:32:45,209 - Data for Deferasirox medicine has been loaded! - INFO
2026-07-31 19:32:45,209 - Data for Exjade medicine has been loaded! - INFO
2026-07-31 19:32:45,209 - Data for Deferasirox medicine has been loaded! - INFO
2026-07-31 19:32:45,209 - Data for Deferasirox medicine has been loaded! - INFO
2026-07-31 19:32:45,209 - Data for deferasirox medicine has been loaded! - INFO
2026-07-31 19:32:45,209 - Data for deferasirox medicine has been loaded! - INFO
2026-07-31 19:32:45,209 - Data for Deferasirox medicine has been loaded! - INFO
2026-07-31 19:32:45,209 - Data for DEFERASIROX medicine has been loaded! - INFO
2026-07-31 19:32:45,209 - Data for deferasirox medicine has been loaded! - INFO
2026-07-31 19:32:45,209 - Data for Deferiprone medicine has been loaded! - INFO
2026-07-31 19:32:45,209 - Data for Deferasirox medicine has been loaded! - INFO
2026-07-31 19:32:45,209 - Data for DEFERIPRONE medicine has been loaded! - INFO
2026-07-31 19:32:45,209 - Data for Deferasirox Oral Granules medicine has been loaded! - INFO
2026-07-31 19:32:45,209 - Data for Deferasirox medicine has been loaded! - INFO
2026-07-31 19:32:45,209 - Data for FERRIPROX medicine has been loaded! - INFO
2026-07-31 19:32:45,209 - Data for Deferasirox medicine has been loaded! - INFO
2026-07-31 19:32:45,209 - Data for Deferasirox medicine has been loaded! - INFO
2026-07-31 19:32:45,210 - Data for DEFERASIROX medicine has been loaded! - INFO
2026-07-31 19:32:45,210 - Data for Deferiprone medicine has been loaded! - INFO
2026-07-31 19:32:45,210 - Data for DEFERASIROX medicine has been loaded! - INFO
2026-07-31 19:32:45,210 - Data for Deferiprone medicine has been loaded! - INFO
2026-07-31 19:32:45,210 - Data for Deferasirox medicine has been loaded! - INFO
2026-07-31 19:32:45,210 - Data for Deferasirox medicine has been loaded! - INFO
2026-07-31 19:32:45,210 - Data for DEFERASIROX medicine has been loaded! - INFO
2026-07-31 19:32:45,210 - Data for Deferasirox medicine has been loaded! - INFO
2026-07-31 19:32:45,210 - Data for Deferasirox medicine has been loaded! - INFO
2026-07-31 19:32:45,210 - Data for Deferasirox medicine has been loaded! - INFO
2026-07-31 19:32:45,210 - Data for DEFERASIROX medicine has been loaded! - INFO
2026-07-31 19:32:45,210 - Data for FERRIPROX medicine has been loaded! - INFO
2026-07-31 19:32:45,210 - Data for DEFERASIROX medicine has been loaded! - INFO
2026-07-31 19:32:45,210 - Data for Jadenu medicine has been loaded! - INFO
2026-07-31 19:32:45,210 - Data for Iron Chelator [EPC] has been loaded! - INFO
2026-07-31 19:32:47,947 - Data for Diclofenac Sodium/Misoprostol DICLOFENAC-SODIUM-MISOPROSTOL medicine has been loaded! - INFO
2026-07-31 19:32:47,947 - Data for Diclofenac sodium and Misoprostol DR medicine has been loaded! - INFO
2026-07-31 19:32:47,948 - Data for Diclofenac Sodium Misoprostol medicine has been loaded! - INFO
2026-07-31 19:32:47,948 - Data for Diclofenac Sodium Misoprostol medicine has been loaded! - INFO
2026-07-31 19:32:47,948 - Data for Diclofenac Sodium and Misoprostol medicine has been loaded! - INFO
2026-07-31 19:32:47,948 - Data for ARTHROTEC medicine has been loaded! - INFO
2026-07-31 19:32:47,948 - Data for Diclofenac Sodium Misoprostol medicine has been loaded! - INFO
2026-07-31 19:32:47,948 - Data for Diclofenac Sodium Misoprostol medicine has been loaded! - INFO
2026-07-31 19:32:47,948 - Data for Diclofenac Sodium/Misoprostol DICLOFENAC-SODIUM-MISOPROSTOL medicine has been loaded! - INFO
2026-07-31 19:32:47,948 - Data for Diclofenac Sodium and Misoprostol medicine has been loaded! - INFO
2026-07-31 19:32:47,948 - Data for Diclofenac sodium and Misoprostol medicine has been loaded! - INFO
2026-07-31 19:32:47,948 - Data for Diclofenac Sodium and Misoprostol medicine has been loaded! - INFO
2026-07-31 19:32:47,948 - Data for Diclofenac Sodium/Misoprostol DICLOFENAC-SODIUM-MISOPROSTOL medicine has been loaded! - INFO
2026-07-31 19:32:47,948 - Data for Diclofenac Sodium and Misoprostol medicine has been loaded! - INFO
2026-07-31 19:32:47,948 - Data for Diclofenac Sodium Misoprostol medicine has been loaded! - INFO
2026-07-31 19:32:47,948 - Data for Diclofenac Sodium and Misoprostol medicine has been loaded! - INFO
2026-07-31 19:32:47,948 - Data for Prostaglandin E1 Analog [EPC] has been loaded! - INFO
2026-07-31 19:32:49,786 - Data for Vitamin K [EPC] has been loaded! - INFO
2026-07-31 19:32:51,730 - Data for Warfarin Reversal Agent [EPC] has been loaded! - INFO
2026-07-31 19:32:54,177 - Data for Leflunomide medicine has been loaded! - INFO
2026-07-31 19:32:54,177 - Data for Leflunomide medicine has been loaded! - INFO
2026-07-31 19:32:54,177 - Data for Leflunomide medicine has been loaded! - INFO
2026-07-31 19:32:54,177 - Data for leflunomide medicine has been loaded! - INFO
2026-07-31 19:32:54,177 - Data for Arava medicine has been loaded! - INFO
2026-07-31 19:32:54,177 - Data for Leflunomide medicine has been loaded! - INFO
2026-07-31 19:32:54,177 - Data for Leflunomide medicine has been loaded! - INFO
2026-07-31 19:32:54,177 - Data for leflunomide medicine has been loaded! - INFO
2026-07-31 19:32:54,177 - Data for leflunomide medicine has been loaded! - INFO
2026-07-31 19:32:54,177 - Data for Leflunomide medicine has been loaded! - INFO
2026-07-31 19:32:54,177 - Data for Leflunomide medicine has been loaded! - INFO
2026-07-31 19:32:54,177 - Data for leflunomide medicine has been loaded! - INFO
2026-07-31 19:32:54,178 - Data for leflunomide medicine has been loaded! - INFO
2026-07-31 19:32:54,178 - Data for Leflunomide medicine has been loaded! - INFO
2026-07-31 19:32:54,178 - Data for Leflunomide medicine has been loaded! - INFO
2026-07-31 19:32:54,178 - Data for Leflunomide medicine has been loaded! - INFO
2026-07-31 19:32:54,178 - Data for Antirheumatic Agent [EPC] has been loaded! - INFO
2026-07-31 19:32:56,408 - Data for Anticholinergic [EPC] has been loaded! - INFO
2026-07-31 19:32:59,655 - Data for Oxazolidinone Antibacterial [EPC] has been loaded! - INFO
2026-07-31 19:33:02,386 - Data for Ticagrelor medicine has been loaded! - INFO
2026-07-31 19:33:02,386 - Data for BRILINTA medicine has been loaded! - INFO
2026-07-31 19:33:02,386 - Data for Ticagrelor medicine has been loaded! - INFO
2026-07-31 19:33:02,386 - Data for Ticagrelor medicine has been loaded! - INFO
2026-07-31 19:33:02,386 - Data for Ticagrelor medicine has been loaded! - INFO
2026-07-31 19:33:02,386 - Data for Ticagrelor medicine has been loaded! - INFO
2026-07-31 19:33:02,386 - Data for Ticagrelor medicine has been loaded! - INFO
2026-07-31 19:33:02,386 - Data for Ticagrelor medicine has been loaded! - INFO
2026-07-31 19:33:02,386 - Data for TICAGRELOR medicine has been loaded! - INFO
2026-07-31 19:33:02,386 - Data for TICAGRELOR medicine has been loaded! - INFO
2026-07-31 19:33:02,386 - Data for Ticagrelor medicine has been loaded! - INFO
2026-07-31 19:33:02,386 - Data for ticagrelor medicine has been loaded! - INFO
2026-07-31 19:33:02,386 - Data for TICAGRELOR medicine has been loaded! - INFO
2026-07-31 19:33:02,386 - Data for Ticagrelor medicine has been loaded! - INFO
2026-07-31 19:33:02,387 - Data for Ticagrelor medicine has been loaded! - INFO
2026-07-31 19:33:02,387 - Data for TICAGRELOR medicine has been loaded! - INFO
2026-07-31 19:33:02,387 - Data for ticagrelor medicine has been loaded! - INFO
2026-07-31 19:33:02,387 - Data for Ticagrelor medicine has been loaded! - INFO
2026-07-31 19:33:02,387 - Data for Ticagrelor medicine has been loaded! - INFO
2026-07-31 19:33:02,387 - Data for BRILINTA medicine has been loaded! - INFO
2026-07-31 19:33:02,387 - Data for Ticagrelor medicine has been loaded! - INFO
2026-07-31 19:33:02,387 - Data for Ticagrelor medicine has been loaded! - INFO
2026-07-31 19:33:02,387 - Data for Ticagrelor medicine has been loaded! - INFO
2026-07-31 19:33:02,387 - Data for Ticagrelor medicine has been loaded! - INFO
2026-07-31 19:33:02,387 - Data for Ticagrelor medicine has been loaded! - INFO
2026-07-31 19:33:02,387 - Data for TICAGRELOR medicine has been loaded! - INFO
2026-07-31 19:33:02,387 - Data for CLOPIDOGREL medicine has been loaded! - INFO
2026-07-31 19:33:02,387 - Data for Ticagrelor medicine has been loaded! - INFO
2026-07-31 19:33:02,387 - Data for Ticagrelor medicine has been loaded! - INFO
2026-07-31 19:33:02,387 - Data for TICAGRELOR medicine has been loaded! - INFO
2026-07-31 19:33:02,387 - Data for BRILINTA medicine has been loaded! - INFO
2026-07-31 19:33:02,387 - Data for Ticagrelor medicine has been loaded! - INFO
2026-07-31 19:33:02,387 - Data for P2Y12 Platelet Inhibitor [EPC] has been loaded! - INFO
2026-07-31 19:33:05,319 - Data for Pyridone [EPC] has been loaded! - INFO
2026-07-31 19:33:08,383 - Data for Serotonin-1b and Serotonin-1d Receptor Agonist [EPC] has been loaded! - INFO
2026-07-31 19:33:10,871 - Data for Antiprotozoal [EPC] has been loaded! - INFO
2026-07-31 19:33:14,682 - Data for Efavirenz, Emtricitabine And Tenofovir Disoproxil Fumarate medicine has been loaded! - INFO
2026-07-31 19:33:14,682 - Data for Efavirenz, Lamivudine and Tenofovir Disoproxil Fumarate medicine has been loaded! - INFO
2026-07-31 19:33:14,682 - Data for NEVIRAPINE medicine has been loaded! - INFO
2026-07-31 19:33:14,682 - Data for Efavirenz, Emtricitabine and Tenofovir Disoproxil Fumarate medicine has been loaded! - INFO
2026-07-31 19:33:14,682 - Data for Nevirapine medicine has been loaded! - INFO
2026-07-31 19:33:14,682 - Data for Efavirenz, Emtricitabine and Tenofovir Disoproxil Fumarate medicine has been loaded! - INFO
2026-07-31 19:33:14,682 - Data for Nevirapine medicine has been loaded! - INFO
2026-07-31 19:33:14,682 - Data for Nevirapine medicine has been loaded! - INFO
2026-07-31 19:33:14,682 - Data for Nevirapine medicine has been loaded! - INFO
2026-07-31 19:33:14,682 - Data for SYMFI medicine has been loaded! - INFO
2026-07-31 19:33:14,682 - Data for Efavirenz, Lamivudine and Tenofovir Disoproxil Fumarate medicine has been loaded! - INFO
2026-07-31 19:33:14,682 - Data for efavirenz, emtricitabine and tenofovir disoproxil fumarate medicine has been loaded! - INFO
2026-07-31 19:33:14,682 - Data for Efavirenz, emtricitabine and tenofovir disoproxil fumarate medicine has been loaded! - INFO
2026-07-31 19:33:14,682 - Data for Nevirapine medicine has been loaded! - INFO
2026-07-31 19:33:14,682 - Data for DELSTRIGO medicine has been loaded! - INFO
2026-07-31 19:33:14,682 - Data for Efavirenz, Emtricitabine And Tenofovir Disoproxil Fumarate medicine has been loaded! - INFO
2026-07-31 19:33:14,683 - Data for Nevirapine medicine has been loaded! - INFO
2026-07-31 19:33:14,683 - Data for NEVIRAPINE medicine has been loaded! - INFO
2026-07-31 19:33:14,683 - Data for Efavirenz, Emtricitabine and Tenofovir Disoproxil Fumarate medicine has been loaded! - INFO
2026-07-31 19:33:14,683 - Data for Human Immunodeficiency Virus 1 Non-Nucleoside Analog Reverse Transcriptase Inhibitor [EPC] has been loaded! - INFO
2026-07-31 19:33:16,314 - Data for Plasma Volume Expander [EPC] has been loaded! - INFO
2026-07-31 19:33:20,288 - Data for Sympathomimetic-like Agent [EPC] has been loaded! - INFO
2026-07-31 19:33:23,731 - Data for Vitamin D Analog [EPC] has been loaded! - INFO
2026-07-31 19:33:26,336 - Data for Antimalarial [EPC] has been loaded! - INFO
2026-07-31 19:33:28,833 - Data for Bile Acid Sequestrant [EPC] has been loaded! - INFO
2026-07-31 19:33:32,149 - Data for Direct Thrombin Inhibitor [EPC] has been loaded! - INFO
2026-07-31 19:33:34,277 - Data for Vitamin D3 Analog [EPC] has been loaded! - INFO
2026-07-31 19:33:36,778 - Data for Anti-anginal [EPC] has been loaded! - INFO
2026-07-31 19:33:38,880 - Data for RNA Synthetase Inhibitor Antibacterial [EPC] has been loaded! - INFO
2026-07-31 19:33:43,798 - Data for Amino Acid [EPC] has been loaded! - INFO
2026-07-31 19:33:47,347 - Data for Antidote [EPC] has been loaded! - INFO
2026-07-31 19:33:50,169 - Data for LUPKYNIS medicine has been loaded! - INFO
2026-07-31 19:33:50,169 - Data for Calcineurin Inhibitor Immunosuppressant [EPC] has been loaded! - INFO
2026-07-31 19:33:52,779 - Data for Ambrisentan medicine has been loaded! - INFO
2026-07-31 19:33:52,779 - Data for OPSUMIT medicine has been loaded! - INFO
2026-07-31 19:33:52,779 - Data for macitentan medicine has been loaded! - INFO
2026-07-31 19:33:52,779 - Data for Ambrisentan medicine has been loaded! - INFO
2026-07-31 19:33:52,779 - Data for Ambrisentan medicine has been loaded! - INFO
2026-07-31 19:33:52,779 - Data for Ambrisentan medicine has been loaded! - INFO
2026-07-31 19:33:52,779 - Data for MACITENTAN medicine has been loaded! - INFO
2026-07-31 19:33:52,779 - Data for Ambrisentan medicine has been loaded! - INFO
2026-07-31 19:33:52,779 - Data for Macitentan medicine has been loaded! - INFO
2026-07-31 19:33:52,779 - Data for OPSYNVI medicine has been loaded! - INFO
2026-07-31 19:33:52,779 - Data for Ambrisentan medicine has been loaded! - INFO
2026-07-31 19:33:52,779 - Data for Letairis medicine has been loaded! - INFO
2026-07-31 19:33:52,779 - Data for Ambrisentan medicine has been loaded! - INFO
2026-07-31 19:33:52,779 - Data for ambrisentan medicine has been loaded! - INFO
2026-07-31 19:33:52,779 - Data for Macitentan medicine has been loaded! - INFO
2026-07-31 19:33:52,779 - Data for Macitentan medicine has been loaded! - INFO
2026-07-31 19:33:52,779 - Data for Macitentan medicine has been loaded! - INFO
2026-07-31 19:33:52,779 - Data for macitentan medicine has been loaded! - INFO
2026-07-31 19:33:52,779 - Data for Macitentan medicine has been loaded! - INFO
2026-07-31 19:33:52,779 - Data for Macitentan medicine has been loaded! - INFO
2026-07-31 19:33:52,780 - Data for ambrisentan medicine has been loaded! - INFO
2026-07-31 19:33:52,780 - Data for ambrisentan medicine has been loaded! - INFO
2026-07-31 19:33:52,780 - Data for macitentan medicine has been loaded! - INFO
2026-07-31 19:33:52,780 - Data for FILSPARI medicine has been loaded! - INFO
2026-07-31 19:33:52,780 - Data for Macitentan medicine has been loaded! - INFO
2026-07-31 19:33:52,780 - Data for Macitentan medicine has been loaded! - INFO
2026-07-31 19:33:52,780 - Data for ambrisentan medicine has been loaded! - INFO
2026-07-31 19:33:52,780 - Data for Endothelin Receptor Antagonist [EPC] has been loaded! - INFO
2026-07-31 19:33:55,536 - Data for Proteasome Inhibitor [EPC] has been loaded! - INFO
2026-07-31 19:33:58,030 - Data for Antimycobacterial [EPC] has been loaded! - INFO
2026-07-31 19:33:59,546 - Data for Sulfonamide Antibacterial [EPC] has been loaded! - INFO
2026-07-31 19:34:02,640 - Data for Estrogen Receptor Antagonist [EPC] has been loaded! - INFO
2026-07-31 19:34:04,870 - Data for Histamine-1 Receptor Antagonist [EPC] has been loaded! - INFO
2026-07-31 19:34:07,158 - Data for Cladribine medicine has been loaded! - INFO
2026-07-31 19:34:07,158 - Data for Mavenclad medicine has been loaded! - INFO
2026-07-31 19:34:07,158 - Data for Cladribine medicine has been loaded! - INFO
2026-07-31 19:34:07,158 - Data for Cladribine medicine has been loaded! - INFO
2026-07-31 19:34:07,158 - Data for Purine Antimetabolite [EPC] has been loaded! - INFO
2026-07-31 19:34:10,067 - Data for Pomalidomide medicine has been loaded! - INFO
2026-07-31 19:34:10,068 - Data for Pomalidomide medicine has been loaded! - INFO
2026-07-31 19:34:10,068 - Data for Lenalidomide medicine has been loaded! - INFO
2026-07-31 19:34:10,068 - Data for Lenalidomide medicine has been loaded! - INFO
2026-07-31 19:34:10,068 - Data for Pomalyst medicine has been loaded! - INFO
2026-07-31 19:34:10,068 - Data for Pomalidomide medicine has been loaded! - INFO
2026-07-31 19:34:10,068 - Data for Lenalidomide medicine has been loaded! - INFO
2026-07-31 19:34:10,068 - Data for Pomalidomide medicine has been loaded! - INFO
2026-07-31 19:34:10,068 - Data for Revlimid medicine has been loaded! - INFO
2026-07-31 19:34:10,068 - Data for lenalidomide medicine has been loaded! - INFO
2026-07-31 19:34:10,068 - Data for Lenalidomide medicine has been loaded! - INFO
2026-07-31 19:34:10,069 - Data for Lenalidomide medicine has been loaded! - INFO
2026-07-31 19:34:10,069 - Data for Lenalidomide medicine has been loaded! - INFO
2026-07-31 19:34:10,069 - Data for Lenalidomide medicine has been loaded! - INFO
2026-07-31 19:34:10,069 - Data for LENALIDOMIDE medicine has been loaded! - INFO
2026-07-31 19:34:10,069 - Data for Pomalidomide medicine has been loaded! - INFO
2026-07-31 19:34:10,069 - Data for lenalidomide medicine has been loaded! - INFO
2026-07-31 19:34:10,069 - Data for LENALIDOMIDE medicine has been loaded! - INFO
2026-07-31 19:34:10,069 - Data for Lenalidomide medicine has been loaded! - INFO
2026-07-31 19:34:10,069 - Data for LENALIDOMIDE medicine has been loaded! - INFO
2026-07-31 19:34:10,069 - Data for Pomalidomide medicine has been loaded! - INFO
2026-07-31 19:34:10,069 - Data for LENALIDOMIDE medicine has been loaded! - INFO
2026-07-31 19:34:10,069 - Data for Lenalidomide medicine has been loaded! - INFO
2026-07-31 19:34:10,069 - Data for LENALIDOMIDE medicine has been loaded! - INFO
2026-07-31 19:34:10,069 - Data for Thalidomide Analog [EPC] has been loaded! - INFO
2026-07-31 19:34:11,969 - Data for Recombinant Human Growth Hormone [EPC] has been loaded! - INFO
2026-07-31 19:34:13,591 - Data for Carnitine Analog [EPC] has been loaded! - INFO
2026-07-31 19:34:16,094 - Data for Chloride Channel Activator [EPC] has been loaded! - INFO
2026-07-31 19:34:17,401 - Data for Vitamin B6 Analog [EPC] has been loaded! - INFO
2026-07-31 19:34:19,177 - Data for Oxytocic [EPC] has been loaded! - INFO
2026-07-31 19:34:21,900 - Data for Vitamin D2 Analog [EPC] has been loaded! - INFO
2026-07-31 19:34:24,410 - Data for Catechol-O-Methyltransferase Inhibitor [EPC] has been loaded! - INFO
2026-07-31 19:34:26,804 - Data for AFREZZA medicine has been loaded! - INFO
2026-07-31 19:34:26,805 - Data for Insulin [EPC] has been loaded! - INFO
2026-07-31 19:34:28,733 - Data for Lipid Emulsion [EPC] has been loaded! - INFO
2026-07-31 19:34:31,834 - Data for Aptivus medicine has been loaded! - INFO
2026-07-31 19:34:31,834 - Data for Ritonavir medicine has been loaded! - INFO
2026-07-31 19:34:31,834 - Data for ZEPATIER medicine has been loaded! - INFO
2026-07-31 19:34:31,834 - Data for Vosevi medicine has been loaded! - INFO
2026-07-31 19:34:31,834 - Data for Ritonavir medicine has been loaded! - INFO
2026-07-31 19:34:31,834 - Data for Norvir medicine has been loaded! - INFO
2026-07-31 19:34:31,834 - Data for Ritonavir medicine has been loaded! - INFO
2026-07-31 19:34:31,834 - Data for Ritonavir medicine has been loaded! - INFO
2026-07-31 19:34:31,834 - Data for Ritonavir film coated medicine has been loaded! - INFO
2026-07-31 19:34:31,834 - Data for Darunavir medicine has been loaded! - INFO
2026-07-31 19:34:31,834 - Data for Mavyret medicine has been loaded! - INFO
2026-07-31 19:34:31,835 - Data for Symtuza medicine has been loaded! - INFO
2026-07-31 19:34:31,835 - Data for Ritonavir medicine has been loaded! - INFO
2026-07-31 19:34:31,835 - Data for Ritonavir medicine has been loaded! - INFO
2026-07-31 19:34:31,835 - Data for Ritonavir medicine has been loaded! - INFO
2026-07-31 19:34:31,835 - Data for Protease Inhibitor [EPC] has been loaded! - INFO
2026-07-31 19:34:34,048 - Data for Antidote for Acetaminophen Overdose [EPC] has been loaded! - INFO
2026-07-31 19:34:36,664 - Data for Leukocyte Growth Factor [EPC] has been loaded! - INFO
2026-07-31 19:34:38,894 - Data for Mucolytic [EPC] has been loaded! - INFO
2026-07-31 19:34:41,031 - Data for Phosphodiesterase 4 Inhibitor [EPC] has been loaded! - INFO
2026-07-31 19:34:43,470 - Data for Cholinesterase Inhibitor [EPC] has been loaded! - INFO
2026-07-31 19:34:46,136 - Data for ZITUVIMET medicine has been loaded! - INFO
2026-07-31 19:34:46,136 - Data for Jentadueto XR medicine has been loaded! - INFO
2026-07-31 19:34:46,136 - Data for Sitagliptin and metformin hydrochloride medicine has been loaded! - INFO
2026-07-31 19:34:46,136 - Data for Linagliptin and metformin hydrochloride medicine has been loaded! - INFO
2026-07-31 19:34:46,136 - Data for Trijardy XR medicine has been loaded! - INFO
2026-07-31 19:34:46,136 - Data for Sitagliptin and Metformin Hydrochloride medicine has been loaded! - INFO
2026-07-31 19:34:46,136 - Data for Sitagliptin and metformin hydrochloride medicine has been loaded! - INFO
2026-07-31 19:34:46,136 - Data for ZITUVIMET medicine has been loaded! - INFO
2026-07-31 19:34:46,136 - Data for Jentadueto medicine has been loaded! - INFO
2026-07-31 19:34:46,136 - Data for Dipeptidyl Peptidase 4 Inhibitor [EPC] has been loaded! - INFO
2026-07-31 19:34:48,629 - Data for RANK Ligand Inhibitor [EPC] has been loaded! - INFO
2026-07-31 19:34:51,465 - Data for HYRIMOZ medicine has been loaded! - INFO
2026-07-31 19:34:51,466 - Data for Adalimumab medicine has been loaded! - INFO
2026-07-31 19:34:51,466 - Data for INFLECTRA medicine has been loaded! - INFO
2026-07-31 19:34:51,466 - Data for HYRIMOZ medicine has been loaded! - INFO
2026-07-31 19:34:51,466 - Data for YUSIMRY medicine has been loaded! - INFO
2026-07-31 19:34:51,466 - Data for HADLIMA medicine has been loaded! - INFO
2026-07-31 19:34:51,466 - Data for AMJEVITA medicine has been loaded! - INFO
2026-07-31 19:34:51,466 - Data for SIMPONI ARIA medicine has been loaded! - INFO
2026-07-31 19:34:51,466 - Data for ENBREL medicine has been loaded! - INFO
2026-07-31 19:34:51,466 - Data for REMICADE medicine has been loaded! - INFO
2026-07-31 19:34:51,466 - Data for INFLIXIMAB medicine has been loaded! - INFO
2026-07-31 19:34:51,466 - Data for AMJEVITA medicine has been loaded! - INFO
2026-07-31 19:34:51,466 - Data for Adalimumab-bwwd medicine has been loaded! - INFO
2026-07-31 19:34:51,466 - Data for HADLIMA medicine has been loaded! - INFO
2026-07-31 19:34:51,466 - Data for YUSIMRY medicine has been loaded! - INFO
2026-07-31 19:34:51,467 - Data for AMJEVITA medicine has been loaded! - INFO
2026-07-31 19:34:51,467 - Data for Renflexis medicine has been loaded! - INFO
2026-07-31 19:34:51,467 - Data for AVSOLA medicine has been loaded! - INFO
2026-07-31 19:34:51,467 - Data for HADLIMA medicine has been loaded! - INFO
2026-07-31 19:34:51,467 - Data for Tumor Necrosis Factor Blocker [EPC] has been loaded! - INFO
2026-07-31 19:34:53,539 - Data for Jeuveau medicine has been loaded! - INFO
2026-07-31 19:34:53,539 - Data for BOTOX medicine has been loaded! - INFO
2026-07-31 19:34:53,539 - Data for DAXXIFY medicine has been loaded! - INFO
2026-07-31 19:34:53,539 - Data for Xeomin medicine has been loaded! - INFO
2026-07-31 19:34:53,539 - Data for BOTOX Cosmetic medicine has been loaded! - INFO
2026-07-31 19:34:53,539 - Data for Myobloc medicine has been loaded! - INFO
2026-07-31 19:34:53,539 - Data for Dysport medicine has been loaded! - INFO
2026-07-31 19:34:53,539 - Data for LETYBO medicine has been loaded! - INFO
2026-07-31 19:34:53,539 - Data for Dysport medicine has been loaded! - INFO
2026-07-31 19:34:53,539 - Data for BOTOX medicine has been loaded! - INFO
2026-07-31 19:34:53,539 - Data for Xeomin medicine has been loaded! - INFO
2026-07-31 19:34:53,539 - Data for Acetylcholine Release Inhibitor [EPC] has been loaded! - INFO
2026-07-31 19:34:56,018 - Data for Ritonavir medicine has been loaded! - INFO
2026-07-31 19:34:56,018 - Data for Ritonavir medicine has been loaded! - INFO
2026-07-31 19:34:56,018 - Data for Norvir medicine has been loaded! - INFO
2026-07-31 19:34:56,018 - Data for Genvoya medicine has been loaded! - INFO
2026-07-31 19:34:56,018 - Data for Ritonavir medicine has been loaded! - INFO
2026-07-31 19:34:56,018 - Data for Ritonavir medicine has been loaded! - INFO
2026-07-31 19:34:56,018 - Data for Ritonavir film coated medicine has been loaded! - INFO
2026-07-31 19:34:56,018 - Data for Stribild medicine has been loaded! - INFO
2026-07-31 19:34:56,018 - Data for Symtuza medicine has been loaded! - INFO
2026-07-31 19:34:56,018 - Data for Ritonavir medicine has been loaded! - INFO
2026-07-31 19:34:56,018 - Data for Ritonavir medicine has been loaded! - INFO
2026-07-31 19:34:56,018 - Data for Ritonavir medicine has been loaded! - INFO
2026-07-31 19:34:56,018 - Data for Cytochrome P450 3A Inhibitor [EPC] has been loaded! - INFO
2026-07-31 19:34:58,194 - Data for Glinide [EPC] has been loaded! - INFO
2026-07-31 19:34:59,575 - Data for Melanin Synthesis Inhibitor [EPC] has been loaded! - INFO
2026-07-31 19:35:02,023 - Data for Cladribine medicine has been loaded! - INFO
2026-07-31 19:35:02,023 - Data for DROXIA medicine has been loaded! - INFO
2026-07-31 19:35:02,023 - Data for XROMI medicine has been loaded! - INFO
2026-07-31 19:35:02,023 - Data for Siklos medicine has been loaded! - INFO
2026-07-31 19:35:02,023 - Data for Mavenclad medicine has been loaded! - INFO
2026-07-31 19:35:02,023 - Data for DROXIA medicine has been loaded! - INFO
2026-07-31 19:35:02,023 - Data for Cladribine medicine has been loaded! - INFO
2026-07-31 19:35:02,023 - Data for Cladribine medicine has been loaded! - INFO
2026-07-31 19:35:02,023 - Data for Antimetabolite [EPC] has been loaded! - INFO
2026-07-31 19:35:08,327 - Data for Benzodiazepine Antagonist [EPC] has been loaded! - INFO
2026-07-31 19:35:10,618 - Data for Central alpha-2 Adrenergic Agonist [EPC] has been loaded! - INFO
2026-07-31 19:35:12,706 - Data for Jeuveau medicine has been loaded! - INFO
2026-07-31 19:35:12,706 - Data for BOTOX medicine has been loaded! - INFO
2026-07-31 19:35:12,706 - Data for DAXXIFY medicine has been loaded! - INFO
2026-07-31 19:35:12,706 - Data for Xeomin medicine has been loaded! - INFO
2026-07-31 19:35:12,707 - Data for BOTOX Cosmetic medicine has been loaded! - INFO
2026-07-31 19:35:12,707 - Data for Dysport medicine has been loaded! - INFO
2026-07-31 19:35:12,707 - Data for LETYBO medicine has been loaded! - INFO
2026-07-31 19:35:12,707 - Data for Dysport medicine has been loaded! - INFO
2026-07-31 19:35:12,707 - Data for BOTOX medicine has been loaded! - INFO
2026-07-31 19:35:12,707 - Data for Xeomin medicine has been loaded! - INFO
2026-07-31 19:35:12,707 - Data for Neuromuscular Blocker [EPC] has been loaded! - INFO
2026-07-31 19:35:14,050 - Data for Non-Standardized House Dust Allergenic Extract [EPC] has been loaded! - INFO
2026-07-31 19:35:15,640 - Data for Potassium Binder [EPC] has been loaded! - INFO
2026-07-31 19:35:17,126 - Data for Standardized Animal Hair Allergenic Extract [EPC] has been loaded! - INFO
2026-07-31 19:35:18,547 - Data for Non-Standardized Animal Hair Allergenic Extract [EPC] has been loaded! - INFO
2026-07-31 19:35:20,575 - Data for Feraheme medicine has been loaded! - INFO
2026-07-31 19:35:20,575 - Data for Ferumoxytol medicine has been loaded! - INFO
2026-07-31 19:35:20,575 - Data for Parenteral Iron Replacement [EPC] has been loaded! - INFO
2026-07-31 19:35:21,891 - Data for Pyrethroid [EPC] has been loaded! - INFO
2026-07-31 19:35:24,085 - Data for Rifamycin Antibacterial [EPC] has been loaded! - INFO
2026-07-31 19:35:25,335 - Data for Sigma-1 Agonist [EPC] has been loaded! - INFO
2026-07-31 19:35:26,649 - Data for Uncompetitive N-methyl-D-aspartate Receptor Antagonist [EPC] has been loaded! - INFO
2026-07-31 19:35:28,763 - Data for Vascular Endothelial Growth Factor Inhibitor [EPC] has been loaded! - INFO
2026-07-31 19:35:30,864 - Data for Androgen Receptor Inhibitor [EPC] has been loaded! - INFO
2026-07-31 19:35:33,354 - Data for Endoglycosidase [EPC] has been loaded! - INFO
2026-07-31 19:35:35,460 - Data for Otrexup medicine has been loaded! - INFO
2026-07-31 19:35:35,460 - Data for Xatmep medicine has been loaded! - INFO
2026-07-31 19:35:35,460 - Data for Folate Analog Metabolic Inhibitor [EPC] has been loaded! - INFO
2026-07-31 19:35:37,788 - Data for Teriflunomide medicine has been loaded! - INFO
2026-07-31 19:35:37,788 - Data for Teriflunomide medicine has been loaded! - INFO
2026-07-31 19:35:37,788 - Data for TERIFLUNOMIDE medicine has been loaded! - INFO
2026-07-31 19:35:37,788 - Data for TERIFLUNOMIDE medicine has been loaded! - INFO
2026-07-31 19:35:37,788 - Data for Teriflunomide medicine has been loaded! - INFO
2026-07-31 19:35:37,788 - Data for Teriflunomide medicine has been loaded! - INFO
2026-07-31 19:35:37,788 - Data for Aubagio medicine has been loaded! - INFO
2026-07-31 19:35:37,788 - Data for Teriflunomide medicine has been loaded! - INFO
2026-07-31 19:35:37,788 - Data for Teriflunomide medicine has been loaded! - INFO
2026-07-31 19:35:37,788 - Data for TERIFLUNOMIDE medicine has been loaded! - INFO
2026-07-31 19:35:37,788 - Data for Teriflunomide medicine has been loaded! - INFO
2026-07-31 19:35:37,788 - Data for Teriflunomide medicine has been loaded! - INFO
2026-07-31 19:35:37,788 - Data for teriflunomide medicine has been loaded! - INFO
2026-07-31 19:35:37,788 - Data for Teriflunomide medicine has been loaded! - INFO
2026-07-31 19:35:37,788 - Data for Teriflunomide medicine has been loaded! - INFO
2026-07-31 19:35:37,788 - Data for Pyrimidine Synthesis Inhibitor [EPC] has been loaded! - INFO
2026-07-31 19:35:39,210 - Data for Calcium [EPC] has been loaded! - INFO
2026-07-31 19:35:41,917 - Data for Interleukin-23 Antagonist [EPC] has been loaded! - INFO
2026-07-31 19:35:44,006 - Data for montelukast sodium medicine has been loaded! - INFO
2026-07-31 19:35:44,007 - Data for montelukast sodium medicine has been loaded! - INFO
2026-07-31 19:35:44,007 - Data for montelukast sodium medicine has been loaded! - INFO
2026-07-31 19:35:44,007 - Data for montelukast sodium medicine has been loaded! - INFO
2026-07-31 19:35:44,007 - Data for montelukast sodium medicine has been loaded! - INFO
2026-07-31 19:35:44,007 - Data for montelukast sodium medicine has been loaded! - INFO
2026-07-31 19:35:44,007 - Data for Montelukast sodium medicine has been loaded! - INFO
2026-07-31 19:35:44,007 - Data for Leukotriene Receptor Antagonist [EPC] has been loaded! - INFO
2026-07-31 19:35:45,648 - Data for Standardized Insect Allergenic Extract [EPC] has been loaded! - INFO
2026-07-31 19:35:47,064 - Data for Tubulin Inhibiting Agent [EPC] has been loaded! - INFO
2026-07-31 19:35:49,166 - Data for beta3-Adrenergic Agonist [EPC] has been loaded! - INFO
2026-07-31 19:35:52,095 - Data for gamma-Aminobutyric Acid A Receptor Agonist [EPC] has been loaded! - INFO
2026-07-31 19:35:54,856 - Data for Anthelmintic [EPC] has been loaded! - INFO
2026-07-31 19:35:56,704 - Data for Calcitonin [EPC] has been loaded! - INFO
2026-07-31 19:35:58,086 - Data for Non-Standardized Animal Skin Allergenic Extract [EPC] has been loaded! - INFO
2026-07-31 19:35:59,597 - Data for Skin Test Antigen [EPC] has been loaded! - INFO
2026-07-31 19:36:01,445 - Data for Hematopoietic Stem Cell Mobilizer [EPC] has been loaded! - INFO
2026-07-31 19:36:03,079 - Data for Tuberculosis Skin Test [EPC] has been loaded! - INFO
2026-07-31 19:36:04,930 - Data for Ergot Derivative [EPC] has been loaded! - INFO
2026-07-31 19:36:07,345 - Data for Interleukin-12 Antagonist [EPC] has been loaded! - INFO
2026-07-31 19:36:10,020 - Data for Buprenorphine medicine has been loaded! - INFO
2026-07-31 19:36:10,020 - Data for Buprenorphine medicine has been loaded! - INFO
2026-07-31 19:36:10,020 - Data for Fentanyl system medicine has been loaded! - INFO
2026-07-31 19:36:10,020 - Data for Buprenorphine medicine has been loaded! - INFO
2026-07-31 19:36:10,020 - Data for FENTANYL medicine has been loaded! - INFO
2026-07-31 19:36:10,020 - Data for Buprenorphine medicine has been loaded! - INFO
2026-07-31 19:36:10,020 - Data for BRIXADI medicine has been loaded! - INFO
2026-07-31 19:36:10,020 - Data for SUBLOCADE medicine has been loaded! - INFO
2026-07-31 19:36:10,020 - Data for FENTANYL medicine has been loaded! - INFO
2026-07-31 19:36:10,020 - Data for Butrans medicine has been loaded! - INFO
2026-07-31 19:36:10,020 - Data for Dsuvia medicine has been loaded! - INFO
2026-07-31 19:36:10,021 - Data for XTAMPZA ER medicine has been loaded! - INFO
2026-07-31 19:36:10,021 - Data for FENTANYL medicine has been loaded! - INFO
2026-07-31 19:36:10,021 - Data for Buprenorphine medicine has been loaded! - INFO
2026-07-31 19:36:10,021 - Data for FENTANYL TRANSDERMAL medicine has been loaded! - INFO
2026-07-31 19:36:10,021 - Data for Opioid Agonist [EPC] has been loaded! - INFO
2026-07-31 19:36:12,373 - Data for Buprenorphine medicine has been loaded! - INFO
2026-07-31 19:36:12,373 - Data for Buprenorphine medicine has been loaded! - INFO
2026-07-31 19:36:12,373 - Data for Buprenorphine medicine has been loaded! - INFO
2026-07-31 19:36:12,373 - Data for Buprenorphine medicine has been loaded! - INFO
2026-07-31 19:36:12,373 - Data for BRIXADI medicine has been loaded! - INFO
2026-07-31 19:36:12,373 - Data for SUBLOCADE medicine has been loaded! - INFO
2026-07-31 19:36:12,373 - Data for Butrans medicine has been loaded! - INFO
2026-07-31 19:36:12,373 - Data for Buprenorphine medicine has been loaded! - INFO
2026-07-31 19:36:12,374 - Data for Partial Opioid Agonist [EPC] has been loaded! - INFO
2026-07-31 19:36:14,237 - Data for Cilostazol medicine has been loaded! - INFO
2026-07-31 19:36:14,238 - Data for Cilostazol medicine has been loaded! - INFO
2026-07-31 19:36:14,238 - Data for Cilostazol medicine has been loaded! - INFO
2026-07-31 19:36:14,238 - Data for Cilostazol medicine has been loaded! - INFO
2026-07-31 19:36:14,238 - Data for Phosphodiesterase 3 Inhibitor [EPC] has been loaded! - INFO
2026-07-31 19:36:16,102 - Data for Potassium Channel Blocker [EPC] has been loaded! - INFO
2026-07-31 19:36:18,189 - Data for Topotecan medicine has been loaded! - INFO
2026-07-31 19:36:18,189 - Data for Topoisomerase Inhibitor [EPC] has been loaded! - INFO
2026-07-31 19:36:20,237 - Data for Tetrabenazine medicine has been loaded! - INFO
2026-07-31 19:36:20,237 - Data for tetrabenazine medicine has been loaded! - INFO
2026-07-31 19:36:20,237 - Data for tetrabenazine medicine has been loaded! - INFO
2026-07-31 19:36:20,237 - Data for Tetrabenazine medicine has been loaded! - INFO
2026-07-31 19:36:20,237 - Data for Tetrabenazine medicine has been loaded! - INFO
2026-07-31 19:36:20,237 - Data for Xenazine medicine has been loaded! - INFO
2026-07-31 19:36:20,237 - Data for Tetrabenazine medicine has been loaded! - INFO
2026-07-31 19:36:20,237 - Data for Tetrabenazine medicine has been loaded! - INFO
2026-07-31 19:36:20,237 - Data for Tetrabenazine medicine has been loaded! - INFO
2026-07-31 19:36:20,237 - Data for Tetrabenazine medicine has been loaded! - INFO
2026-07-31 19:36:20,237 - Data for Vesicular Monoamine Transporter 2 Inhibitor [EPC] has been loaded! - INFO
2026-07-31 19:36:21,483 - Data for alpha-Hydroxy Acid [EPC] has been loaded! - INFO
2026-07-31 19:36:23,817 - Data for Maraviroc medicine has been loaded! - INFO
2026-07-31 19:36:23,818 - Data for Maraviroc medicine has been loaded! - INFO
2026-07-31 19:36:23,818 - Data for Maraviroc medicine has been loaded! - INFO
2026-07-31 19:36:23,818 - Data for Maraviroc medicine has been loaded! - INFO
2026-07-31 19:36:23,818 - Data for SELZENTRY medicine has been loaded! - INFO
2026-07-31 19:36:23,818 - Data for SELZENTRY medicine has been loaded! - INFO
2026-07-31 19:36:23,818 - Data for Maraviroc medicine has been loaded! - INFO
2026-07-31 19:36:23,818 - Data for Maraviroc medicine has been loaded! - INFO
2026-07-31 19:36:23,818 - Data for Maraviroc medicine has been loaded! - INFO
2026-07-31 19:36:23,818 - Data for Maraviroc medicine has been loaded! - INFO
2026-07-31 19:36:23,818 - Data for Maraviroc medicine has been loaded! - INFO
2026-07-31 19:36:23,818 - Data for CCR5 Co-receptor Antagonist [EPC] has been loaded! - INFO
2026-07-31 19:36:26,012 - Data for HER2/neu Receptor Antagonist [EPC] has been loaded! - INFO
2026-07-31 19:36:27,329 - Data for Interferon gamma [EPC] has been loaded! - INFO
2026-07-31 19:36:28,691 - Data for Methylating Agent [EPC] has been loaded! - INFO
2026-07-31 19:36:30,299 - Data for Osmotic Diuretic [EPC] has been loaded! - INFO
2026-07-31 19:36:33,053 - Data for Programmed Death Receptor-1 Blocking Antibody [EPC] has been loaded! - INFO
2026-07-31 19:36:35,336 - Data for Prostacycline Vasodilator [EPC] has been loaded! - INFO
2026-07-31 19:36:36,651 - Data for alpha-1 Adrenergic Agonist [EPC] has been loaded! - INFO
2026-07-31 19:36:38,642 - Data for 4-Hydroxyphenyl-Pyruvate Dioxygenase Inhibitor [EPC] has been loaded! - INFO
2026-07-31 19:36:40,969 - Data for CD20-directed Cytolytic Antibody [EPC] has been loaded! - INFO
2026-07-31 19:36:43,357 - Data for Cannabinoid [EPC] has been loaded! - INFO
2026-07-31 19:36:45,541 - Data for Gadolinium-based Contrast Agent [EPC] has been loaded! - INFO
2026-07-31 19:36:46,889 - Data for Nucleoside Analog Antifungal [EPC] has been loaded! - INFO
2026-07-31 19:36:48,877 - Data for Ribavirin medicine has been loaded! - INFO
2026-07-31 19:36:48,877 - Data for Ribavirin medicine has been loaded! - INFO
2026-07-31 19:36:48,877 - Data for Nucleoside Analog Antiviral [EPC] has been loaded! - INFO
2026-07-31 19:36:50,995 - Data for Rifamycin Antimycobacterial [EPC] has been loaded! - INFO
2026-07-31 19:36:52,231 - Data for Amino Acid Hypertonic Solution [EPC] has been loaded! - INFO
2026-07-31 19:36:53,831 - Data for Benzothiazole [EPC] has been loaded! - INFO
2026-07-31 19:36:55,480 - Data for Cholinergic Muscarinic Antagonist [EPC] has been loaded! - INFO
2026-07-31 19:36:56,789 - Data for Live Vaccinia Virus Vaccine [EPC] has been loaded! - INFO
2026-07-31 19:36:58,931 - Data for Oxaborole Antifungal [EPC] has been loaded! - INFO
2026-07-31 19:37:00,428 - Data for Reducing and Complexing Thiol [EPC] has been loaded! - INFO
2026-07-31 19:37:02,757 - Data for Substance P/Neurokinin-1 Receptor Antagonist [EPC] has been loaded! - INFO
2026-07-31 19:37:05,073 - Data for Tigecycline medicine has been loaded! - INFO
2026-07-31 19:37:05,073 - Data for Tygacil medicine has been loaded! - INFO
2026-07-31 19:37:05,073 - Data for Tigecycline medicine has been loaded! - INFO
2026-07-31 19:37:05,073 - Data for Tigecycline medicine has been loaded! - INFO
2026-07-31 19:37:05,073 - Data for Tigecycline medicine has been loaded! - INFO
2026-07-31 19:37:05,073 - Data for Tigecycline medicine has been loaded! - INFO
2026-07-31 19:37:05,073 - Data for Tigecycline medicine has been loaded! - INFO
2026-07-31 19:37:05,073 - Data for Tygacil medicine has been loaded! - INFO
2026-07-31 19:37:05,073 - Data for Tetracycline-class Antibacterial [EPC] has been loaded! - INFO
2026-07-31 19:37:11,813 - Data for Vasodilator [EPC] has been loaded! - INFO
2026-07-31 19:37:13,800 - Data for Jynarque, JYNARQUE medicine has been loaded! - INFO
2026-07-31 19:37:13,800 - Data for SAMSCA medicine has been loaded! - INFO
2026-07-31 19:37:13,800 - Data for Tolvaptan medicine has been loaded! - INFO
2026-07-31 19:37:13,800 - Data for Tolvaptan medicine has been loaded! - INFO
2026-07-31 19:37:13,800 - Data for TOLVAPTAN medicine has been loaded! - INFO
2026-07-31 19:37:13,800 - Data for TOLVAPTAN medicine has been loaded! - INFO
2026-07-31 19:37:13,800 - Data for TOLVAPTAN medicine has been loaded! - INFO
2026-07-31 19:37:13,800 - Data for tolvaptan medicine has been loaded! - INFO
2026-07-31 19:37:13,800 - Data for Tolvaptan medicine has been loaded! - INFO
2026-07-31 19:37:13,800 - Data for Vasopressin V2 Receptor Antagonist [EPC] has been loaded! - INFO
2026-07-31 19:37:15,821 - Data for alpha-Glucosidase Inhibitor [EPC] has been loaded! - INFO
2026-07-31 19:37:17,462 - Data for Antihypoglycemic Agent [EPC] has been loaded! - INFO
2026-07-31 19:37:19,684 - Data for Complement Inhibitor [EPC] has been loaded! - INFO
2026-07-31 19:37:21,001 - Data for Ester Local Anesthetic [EPC] has been loaded! - INFO
2026-07-31 19:37:23,231 - Data for MOUNJARO medicine has been loaded! - INFO
2026-07-31 19:37:23,231 - Data for Zepbound, ZEPBOUND, Zepbound KwikPen medicine has been loaded! - INFO
2026-07-31 19:37:23,231 - Data for MOUNJARO medicine has been loaded! - INFO
2026-07-31 19:37:23,231 - Data for MOUNJARO medicine has been loaded! - INFO
2026-07-31 19:37:23,231 - Data for MOUNJARO medicine has been loaded! - INFO
2026-07-31 19:37:23,231 - Data for MOUNJARO medicine has been loaded! - INFO
2026-07-31 19:37:23,231 - Data for Mounjaro, Mounjaro KwikPen medicine has been loaded! - INFO
2026-07-31 19:37:23,231 - Data for MOUNJARO medicine has been loaded! - INFO
2026-07-31 19:37:23,231 - Data for Glucose-dependent Insulinotropic Polypeptide Receptor Agonist [EPC] has been loaded! - INFO
2026-07-31 19:37:25,035 - Data for Glucosylceramide Synthase Inhibitor [EPC] has been loaded! - INFO
2026-07-31 19:37:28,153 - Data for Tofidence medicine has been loaded! - INFO
2026-07-31 19:37:28,153 - Data for TOFIDENCE medicine has been loaded! - INFO
2026-07-31 19:37:28,154 - Data for ACTEMRA, Actemra, Actemra ACTPen medicine has been loaded! - INFO
2026-07-31 19:37:28,154 - Data for AVTOZMA medicine has been loaded! - INFO
2026-07-31 19:37:28,154 - Data for TYENNE medicine has been loaded! - INFO
2026-07-31 19:37:28,154 - Data for TYENNE medicine has been loaded! - INFO
2026-07-31 19:37:28,154 - Data for TYENNE medicine has been loaded! - INFO
2026-07-31 19:37:28,154 - Data for Interleukin-6 Receptor Antagonist [EPC] has been loaded! - INFO
2026-07-31 19:37:30,260 - Data for CIBINQO medicine has been loaded! - INFO
2026-07-31 19:37:30,260 - Data for Cibinqo medicine has been loaded! - INFO
2026-07-31 19:37:30,260 - Data for Tofacitinib medicine has been loaded! - INFO
2026-07-31 19:37:30,260 - Data for Olumiant medicine has been loaded! - INFO
2026-07-31 19:37:30,260 - Data for Janus Kinase Inhibitor [EPC] has been loaded! - INFO
2026-07-31 19:37:31,512 - Data for Non-Standardized Feather Allergenic Extract [EPC] has been loaded! - INFO
2026-07-31 19:37:32,848 - Data for Phosphate Binder [EPC] has been loaded! - INFO
2026-07-31 19:37:34,212 - Data for Blood Viscosity Reducer [EPC] has been loaded! - INFO
2026-07-31 19:37:35,507 - Data for Dihydrofolate Reductase Inhibitor Antimalarial [EPC] has been loaded! - INFO
2026-07-31 19:37:37,415 - Data for Enzyme Stabilizer [EPC] has been loaded! - INFO
2026-07-31 19:37:39,005 - Data for Gastrointestinal Motility Inhibitor [EPC] has been loaded! - INFO
2026-07-31 19:37:41,109 - Data for ZEPATIER medicine has been loaded! - INFO
2026-07-31 19:37:41,110 - Data for Vosevi medicine has been loaded! - INFO
2026-07-31 19:37:41,110 - Data for Ledipasvir and Sofosbuvir medicine has been loaded! - INFO
2026-07-31 19:37:41,110 - Data for Mavyret medicine has been loaded! - INFO
2026-07-31 19:37:41,110 - Data for Epclusa medicine has been loaded! - INFO
2026-07-31 19:37:41,110 - Data for Sofosbuvir and Velpatasvir medicine has been loaded! - INFO
2026-07-31 19:37:41,110 - Data for Harvoni medicine has been loaded! - INFO
2026-07-31 19:37:41,110 - Data for Hepatitis C Virus NS5A Inhibitor [EPC] has been loaded! - INFO
2026-07-31 19:37:42,939 - Data for Lipid-based Polyene Antifungal [EPC] has been loaded! - INFO
2026-07-31 19:37:44,308 - Data for PROLEUKIN medicine has been loaded! - INFO
2026-07-31 19:37:44,309 - Data for Lymphocyte Growth Factor [EPC] has been loaded! - INFO
2026-07-31 19:37:46,041 - Data for Monobactam Antibacterial [EPC] has been loaded! - INFO
2026-07-31 19:37:47,171 - Data for Non-Standardized Animal Dander Allergenic Extract [EPC] has been loaded! - INFO
2026-07-31 19:37:49,414 - Data for Perampanel medicine has been loaded! - INFO
2026-07-31 19:37:49,414 - Data for PERAMPANEL medicine has been loaded! - INFO
2026-07-31 19:37:49,414 - Data for PERAMPANEL medicine has been loaded! - INFO
2026-07-31 19:37:49,414 - Data for Perampanel medicine has been loaded! - INFO
2026-07-31 19:37:49,414 - Data for Fycompa medicine has been loaded! - INFO
2026-07-31 19:37:49,414 - Data for Perampanel medicine has been loaded! - INFO
2026-07-31 19:37:49,414 - Data for Noncompetitive AMPA Glutamate Receptor Antagonist [EPC] has been loaded! - INFO
2026-07-31 19:37:51,300 - Data for Parathyroid Hormone Analog [EPC] has been loaded! - INFO
2026-07-31 19:37:53,164 - Data for beta Lactamase Inhibitor [EPC] has been loaded! - INFO
2026-07-31 19:37:54,740 - Data for 5-Lipoxygenase Inhibitor [EPC] has been loaded! - INFO
2026-07-31 19:37:56,254 - Data for Antisense Oligonucleotide [EPC] has been loaded! - INFO
2026-07-31 19:37:58,113 - Data for Echinocandin Antifungal [EPC] has been loaded! - INFO
2026-07-31 19:37:59,706 - Data for Gonadotropin [EPC] has been loaded! - INFO
2026-07-31 19:38:01,861 - Data for Vosevi medicine has been loaded! - INFO
2026-07-31 19:38:01,861 - Data for Ledipasvir and Sofosbuvir medicine has been loaded! - INFO
2026-07-31 19:38:01,861 - Data for Epclusa medicine has been loaded! - INFO
2026-07-31 19:38:01,861 - Data for Sovaldi medicine has been loaded! - INFO
2026-07-31 19:38:01,861 - Data for Sofosbuvir and Velpatasvir medicine has been loaded! - INFO
2026-07-31 19:38:01,861 - Data for Harvoni medicine has been loaded! - INFO
2026-07-31 19:38:01,861 - Data for Hepatitis C Virus Nucleotide Analog NS5B Polymerase Inhibitor [EPC] has been loaded! - INFO
2026-07-31 19:38:03,446 - Data for Lead Chelator [EPC] has been loaded! - INFO
2026-07-31 19:38:04,521 - Data for Penicillin-class Antibacterial [EPC] has been loaded! - INFO
2026-07-31 19:38:06,197 - Data for Prostaglandin E1 Agonist [EPC] has been loaded! - INFO
2026-07-31 19:38:07,543 - Data for Actinomycin [EPC] has been loaded! - INFO
2026-07-31 19:38:08,833 - Data for Aldehyde Dehydrogenase Inhibitor [EPC] has been loaded! - INFO
2026-07-31 19:38:11,940 - Data for Amlodipine and Valsartan medicine has been loaded! - INFO
2026-07-31 19:38:11,940 - Data for Amlodipine and Valsartan medicine has been loaded! - INFO
2026-07-31 19:38:11,940 - Data for Amlodipine and Valsartan medicine has been loaded! - INFO
2026-07-31 19:38:11,940 - Data for Calcium Channel Blocker [EPC] has been loaded! - INFO
2026-07-31 19:38:13,565 - Data for Contrast Agent for Ultrasound Imaging [EPC] has been loaded! - INFO
2026-07-31 19:38:14,876 - Data for Folate Analog [EPC] has been loaded! - INFO
2026-07-31 19:38:16,498 - Data for QIVIGY kthm medicine has been loaded! - INFO
2026-07-31 19:38:16,498 - Data for ASCENIV medicine has been loaded! - INFO
2026-07-31 19:38:16,498 - Data for Human Immunoglobulin G [EPC] has been loaded! - INFO
2026-07-31 19:38:18,463 - Data for Hydrolytic Lysosomal Glycosaminoglycan-specific Enzyme [EPC] has been loaded! - INFO
2026-07-31 19:38:19,608 - Data for Inactivated Clostridium Tetani Vaccine [EPC] has been loaded! - INFO
2026-07-31 19:38:20,674 - Data for Inactivated Hepatitis A Virus Vaccine [EPC] has been loaded! - INFO
2026-07-31 19:38:22,597 - Data for Opioid Antagonist [EPC] has been loaded! - INFO
2026-07-31 19:38:24,119 - Data for Korlym medicine has been loaded! - INFO
2026-07-31 19:38:24,119 - Data for Mifepristone medicine has been loaded! - INFO
2026-07-31 19:38:24,119 - Data for Mifepristone medicine has been loaded! - INFO
2026-07-31 19:38:24,119 - Data for Progestin Antagonist [EPC] has been loaded! - INFO
2026-07-31 19:38:26,019 - Data for CD38-directed Cytolytic Antibody [EPC] has been loaded! - INFO
2026-07-31 19:38:27,749 - Data for Carbamoyl Phosphate Synthetase 1 Activator [EPC] has been loaded! - INFO
2026-07-31 19:38:28,860 - Data for Catecholamine Synthesis Inhibitor [EPC] has been loaded! - INFO
2026-07-31 19:38:30,193 - Data for Cholecystokinin Analog [EPC] has been loaded! - INFO
2026-07-31 19:38:32,005 - Data for VALGANCICLOVIR HYDROCHLORIDE medicine has been loaded! - INFO
2026-07-31 19:38:32,005 - Data for VALGANCICLOVIR HYDROCHLORIDE medicine has been loaded! - INFO
2026-07-31 19:38:32,005 - Data for Valganciclovir medicine has been loaded! - INFO
2026-07-31 19:38:32,005 - Data for Cytomegalovirus Nucleoside Analog DNA Polymerase Inhibitor [EPC] has been loaded! - INFO
2026-07-31 19:38:33,540 - Data for Histone Deacetylase Inhibitor [EPC] has been loaded! - INFO
2026-07-31 19:38:34,613 - Data for Inactivated Poliovirus Vaccine [EPC] has been loaded! - INFO
2026-07-31 19:38:36,460 - Data for Intestinal Lipase Inhibitor [EPC] has been loaded! - INFO
2026-07-31 19:38:38,002 - Data for Macrolide Antibacterial [EPC] has been loaded! - INFO
2026-07-31 19:38:39,555 - Data for Paramagnetic Contrast Agent [EPC] has been loaded! - INFO
2026-07-31 19:38:40,629 - Data for Parathyroid Hormone [EPC] has been loaded! - INFO
2026-07-31 19:38:42,320 - Data for Penem Antibacterial [EPC] has been loaded! - INFO
2026-07-31 19:38:43,905 - Data for Pharmacologic Cardiac Stress Test Agent [EPC] has been loaded! - INFO
2026-07-31 19:38:44,992 - Data for Polymyxin-class Antibacterial [EPC] has been loaded! - INFO
2026-07-31 19:38:46,777 - Data for Sphingosine 1-phosphate Receptor Modulator [EPC] has been loaded! - INFO
2026-07-31 19:38:47,858 - Data for Allogeneic Cultured Cell Scaffold [EPC] has been loaded! - INFO
2026-07-31 19:38:49,166 - Data for Asparagine-specific Enzyme [EPC] has been loaded! - INFO
2026-07-31 19:38:50,521 - Data for Blood Coagulation Factor [EPC] has been loaded! - INFO
2026-07-31 19:38:51,619 - Data for Copper Absorption Inhibitor [EPC] has been loaded! - INFO
2026-07-31 19:38:53,573 - Data for ALYFTREK medicine has been loaded! - INFO
2026-07-31 19:38:53,573 - Data for Cystic Fibrosis Transmembrane Conductance Regulator Potentiator [EPC] has been loaded! - INFO
2026-07-31 19:38:54,902 - Data for Dopamine-2 Receptor Antagonist [EPC] has been loaded! - INFO
2026-07-31 19:38:56,797 - Data for Glycolipid Disialoganglioside-directed Antibody [EPC] has been loaded! - INFO
2026-07-31 19:38:58,541 - Data for Glycopeptide Antibacterial [EPC] has been loaded! - INFO
2026-07-31 19:39:00,922 - Data for ZEPATIER medicine has been loaded! - INFO
2026-07-31 19:39:00,922 - Data for Vosevi medicine has been loaded! - INFO
2026-07-31 19:39:00,922 - Data for Mavyret medicine has been loaded! - INFO
2026-07-31 19:39:00,922 - Data for Hepatitis C Virus NS3/4A Protease Inhibitor [EPC] has been loaded! - INFO
2026-07-31 19:39:02,433 - Data for Hydrolytic Lysosomal Glucocerebroside-specific Enzyme [EPC] has been loaded! - INFO
2026-07-31 19:39:06,740 - Data for Ileal Bile Acid Transporter Inhibitor [EPC] has been loaded! - INFO
2026-07-31 19:39:08,509 - Data for TYSABRI medicine has been loaded! - INFO
2026-07-31 19:39:08,509 - Data for TYRUKO medicine has been loaded! - INFO
2026-07-31 19:39:08,509 - Data for Integrin Receptor Antagonist [EPC] has been loaded! - INFO
2026-07-31 19:39:10,716 - Data for Interferon beta [EPC] has been loaded! - INFO
2026-07-31 19:39:12,058 - Data for Lincosamide Antibacterial [EPC] has been loaded! - INFO
2026-07-31 19:39:13,621 - Data for Lymphocyte Function-Associated Antigen-1 Antagonist [EPC] has been loaded! - INFO
2026-07-31 19:39:15,626 - Data for Neonatal Fc Receptor Blocker [EPC] has been loaded! - INFO
2026-07-31 19:39:17,323 - Data for Neuraminidase Inhibitor [EPC] has been loaded! - INFO
2026-07-31 19:39:18,427 - Data for Omega-3 Fatty Acid [EPC] has been loaded! - INFO
2026-07-31 19:39:20,321 - Data for Orexin Receptor Antagonist [EPC] has been loaded! - INFO
2026-07-31 19:39:22,228 - Data for PCSK9 Inhibitor [EPC] has been loaded! - INFO
2026-07-31 19:39:23,605 - Data for Photoenhancer [EPC] has been loaded! - INFO
2026-07-31 19:39:25,170 - Data for Kalbitor medicine has been loaded! - INFO
2026-07-31 19:39:25,171 - Data for Plasma Kallikrein Inhibitor [EPC] has been loaded! - INFO
2026-07-31 19:39:26,979 - Data for Programmed Death Ligand-1 Blocker [EPC] has been loaded! - INFO
2026-07-31 19:39:28,516 - Data for Prostacyclin Receptor Agonist [EPC] has been loaded! - INFO
2026-07-31 19:39:30,019 - Data for Respiratory Syncytial Virus Anti-F Protein Monoclonal Antibody [EPC] has been loaded! - INFO
2026-07-31 19:39:31,663 - Data for Somatostatin Analog [EPC] has been loaded! - INFO
2026-07-31 19:39:32,970 - Data for Surfactant [EPC] has been loaded! - INFO
2026-07-31 19:39:34,288 - Data for Thyroid Stimulating Hormone [EPC] has been loaded! - INFO
2026-07-31 19:39:35,569 - Data for Vasoconstrictor [EPC] has been loaded! - INFO
2026-07-31 19:39:37,366 - Data for Adenosine Triphosphate-Citrate Lyase Inhibitor [EPC] has been loaded! - INFO
2026-07-31 19:39:38,488 - Data for Adrenal Steroid Synthesis Inhibitor [EPC] has been loaded! - INFO
2026-07-31 19:39:40,209 - Data for Allylamine Antifungal [EPC] has been loaded! - INFO
2026-07-31 19:39:41,803 - Data for Anthim medicine has been loaded! - INFO
2026-07-31 19:39:41,804 - Data for Raxibacumab medicine has been loaded! - INFO
2026-07-31 19:39:41,804 - Data for Anthrax Protective Antigen-directed Antibody [EPC] has been loaded! - INFO
2026-07-31 19:39:43,876 - Data for Bispecific CD20-directed CD3 T Cell Engager [EPC] has been loaded! - INFO
2026-07-31 19:39:45,952 - Data for CD19-directed Chimeric Antigen Receptor [EPC] has been loaded! - INFO
2026-07-31 19:39:47,420 - Data for Campath medicine has been loaded! - INFO
2026-07-31 19:39:47,420 - Data for CD52-directed Cytolytic Antibody [EPC] has been loaded! - INFO
2026-07-31 19:39:49,384 - Data for CTLA-4-directed Blocking Antibody [EPC] has been loaded! - INFO
2026-07-31 19:39:50,736 - Data for Calcitonin Gene-related Peptide Receptor Antagonist [EPC] has been loaded! - INFO
2026-07-31 19:39:51,850 - Data for Cyclooxygenase Inhibitor [EPC] has been loaded! - INFO
2026-07-31 19:39:54,099 - Data for Decorporation Agent [EPC] has been loaded! - INFO
2026-07-31 19:39:55,899 - Data for Diagnostic Dye [EPC] has been loaded! - INFO
2026-07-31 19:39:57,666 - Data for Epidermal Growth Factor Receptor Antagonist [EPC] has been loaded! - INFO
2026-07-31 19:39:59,217 - Data for Genetically-modified Autologous T Cells [EPC] has been loaded! - INFO
2026-07-31 19:40:01,862 - Data for Myfembree medicine has been loaded! - INFO
2026-07-31 19:40:01,862 - Data for Gonadotropin Releasing Hormone Receptor Antagonist [EPC] has been loaded! - INFO
2026-07-31 19:40:03,778 - Data for Growth Hormone Secretagogue Receptor Agonist [EPC] has been loaded! - INFO
2026-07-31 19:40:08,294 - Data for Guanylate Cyclase-C Agonist [EPC] has been loaded! - INFO
2026-07-31 19:40:09,683 - Data for Daurismo medicine has been loaded! - INFO
2026-07-31 19:40:09,684 - Data for Hedgehog Pathway Inhibitor [EPC] has been loaded! - INFO
2026-07-31 19:40:12,697 - Data for Genvoya medicine has been loaded! - INFO
2026-07-31 19:40:12,697 - Data for Stribild medicine has been loaded! - INFO
2026-07-31 19:40:12,697 - Data for Human Immunodeficiency Virus Integrase Strand Transfer Inhibitor [EPC] has been loaded! - INFO
2026-07-31 19:40:14,048 - Data for Hydrolytic Lysosomal Glycogen-specific Enzyme [EPC] has been loaded! - INFO
2026-07-31 19:40:15,441 - Data for Hydrolytic Lysosomal Neutral Glycosphingolipid-specific Enzyme [EPC] has been loaded! - INFO
2026-07-31 19:40:16,919 - Data for VAFSEO medicine has been loaded! - INFO
2026-07-31 19:40:16,919 - Data for Jesduvroq medicine has been loaded! - INFO
2026-07-31 19:40:16,919 - Data for Hypoxia-inducible Factor Prolyl Hydroxylase Inhibitor [EPC] has been loaded! - INFO
2026-07-31 19:40:19,395 - Data for QIVIGY kthm medicine has been loaded! - INFO
2026-07-31 19:40:19,395 - Data for ASCENIV medicine has been loaded! - INFO
2026-07-31 19:40:19,395 - Data for Immunoglobulin G [EPC] has been loaded! - INFO
2026-07-31 19:40:20,497 - Data for Inactivated Hepatitis B Virus Vaccine [EPC] has been loaded! - INFO
2026-07-31 19:40:22,421 - Data for Inactivated Japanese Encephalitis Virus Vaccine [EPC] has been loaded! - INFO
2026-07-31 19:40:25,855 - Data for Influenza A M2 Protein Inhibitor [EPC] has been loaded! - INFO
2026-07-31 19:40:29,797 - Data for Inhalation Diagnostic Agent [EPC] has been loaded! - INFO
2026-07-31 19:40:34,087 - Data for Interleukin-13 Antagonist [EPC] has been loaded! - INFO
2026-07-31 19:40:39,627 - Data for Interleukin-17A Antagonist [EPC] has been loaded! - INFO
2026-07-31 19:40:45,592 - Data for Interleukin-36 Receptor Antagonist [EPC] has been loaded! - INFO
2026-07-31 19:40:48,193 - Data for CINQAIR medicine has been loaded! - INFO
2026-07-31 19:40:48,193 - Data for Interleukin-5 Antagonist [EPC] has been loaded! - INFO
2026-07-31 19:40:49,862 - Data for Isocitrate Dehydrogenase 1 Inhibitor [EPC] has been loaded! - INFO
2026-07-31 19:40:52,153 - Data for EMSAM medicine has been loaded! - INFO
2026-07-31 19:40:52,154 - Data for Monoamine Oxidase Inhibitor [EPC] has been loaded! - INFO
2026-07-31 19:40:53,709 - Data for ZURZUVAE medicine has been loaded! - INFO
2026-07-31 19:40:53,709 - Data for Neuroactive Steroid Gamma-Aminobutyric Acid A Receptor Positive Modulator [EPC] has been loaded! - INFO
2026-07-31 19:40:54,840 - Data for Non-Standardized Insect Venom Allergenic Extract [EPC] has been loaded! - INFO
2026-07-31 19:40:58,016 - Data for Nonergot Dopamine Agonist [EPC] has been loaded! - INFO
2026-07-31 19:41:02,408 - Data for Photoactivated Radical Generator [EPC] has been loaded! - INFO
2026-07-31 19:41:04,954 - Data for Polyene Antimicrobial [EPC] has been loaded! - INFO
2026-07-31 19:41:08,063 - Data for Psoralen [EPC] has been loaded! - INFO
2026-07-31 19:41:11,698 - Data for Pyruvate Kinase Activator [EPC] has been loaded! - INFO
2026-07-31 19:41:16,055 - Data for FLUOXETINE HCL medicine has been loaded! - INFO
2026-07-31 19:41:16,055 - Data for Serotonin Reuptake Inhibitor [EPC] has been loaded! - INFO
2026-07-31 19:41:17,710 - Data for Desvenlafaxine medicine has been loaded! - INFO
2026-07-31 19:41:17,710 - Data for Desvenlafaxine medicine has been loaded! - INFO
2026-07-31 19:41:17,711 - Data for Serotonin and Norepinephrine Reuptake Inhibitor [EPC] has been loaded! - INFO
2026-07-31 19:41:19,271 - Data for Serotonin-4 Receptor Agonist [EPC] has been loaded! - INFO
2026-07-31 19:41:20,658 - Data for Small Interfering RNA [EPC] has been loaded! - INFO
2026-07-31 19:41:25,371 - Data for Sodium Channel Blocker [EPC] has been loaded! - INFO
2026-07-31 19:41:26,873 - Data for VERQUVO medicine has been loaded! - INFO
2026-07-31 19:41:26,873 - Data for Adempas medicine has been loaded! - INFO
2026-07-31 19:41:26,873 - Data for Soluble Guanylate Cyclase Stimulator [EPC] has been loaded! - INFO
2026-07-31 19:41:28,239 - Data for Tricyclic Antidepressant [EPC] has been loaded! - INFO
2026-07-31 19:41:29,302 - Data for Vitamin B Complex Member [EPC] has been loaded! - INFO
2026-07-31 19:41:31,790 - Data for APOC-III-directed RNA Interaction [EPC] has been loaded! - INFO
2026-07-31 19:41:33,873 - Data for Amphenicol-class Antibacterial [EPC] has been loaded! - INFO
2026-07-31 19:41:35,426 - Data for Amyloid Beta-directed Antibody [EPC] has been loaded! - INFO
2026-07-31 19:41:36,847 - Data for Angiopoietin-like 3 Inhibitor [EPC] has been loaded! - INFO
2026-07-31 19:41:38,270 - Data for Anthracycline Topoisomerase Inhibitor [EPC] has been loaded! - INFO
2026-07-31 19:41:40,406 - Data for Anti-IgE [EPC] has been loaded! - INFO
2026-07-31 19:41:42,552 - Data for Antidiarrheal [EPC] has been loaded! - INFO
2026-07-31 19:41:44,650 - Data for IMPAVIDO medicine has been loaded! - INFO
2026-07-31 19:41:44,650 - Data for Antileishmanial [EPC] has been loaded! - INFO
2026-07-31 19:41:46,033 - Data for Mycophenolic Acid medicine has been loaded! - INFO
2026-07-31 19:41:46,034 - Data for Antimetabolite Immunosuppressant [EPC] has been loaded! - INFO
2026-07-31 19:41:47,754 - Data for Antithrombin-directed RNA Interaction [EPC] has been loaded! - INFO
2026-07-31 19:41:49,041 - Data for Aryl Hydrocarbon Receptor Agonist [EPC] has been loaded! - INFO
2026-07-31 19:41:50,751 - Data for Autologous Cellular Immunotherapy [EPC] has been loaded! - INFO
2026-07-31 19:41:53,057 - Data for Autologous Cultured Cell [EPC] has been loaded! - INFO
2026-07-31 19:41:56,041 - Data for B Lymphocyte Stimulator-specific Inhibitor [EPC] has been loaded! - INFO
2026-07-31 19:41:57,652 - Data for BCL-2 Inhibitor [EPC] has been loaded! - INFO
2026-07-31 19:41:58,958 - Data for Bispecific B Cell Maturation Antigen-directed CD3 T Cell Engager [EPC] has been loaded! - INFO
2026-07-31 19:42:00,267 - Data for Bispecific HER2-directed Antibody [EPC] has been loaded! - INFO
2026-07-31 19:42:02,421 - Data for Bispecific gp100 Peptide-HLA-directed CD3 T Cell Engager [EPC] has been loaded! - INFO
2026-07-31 19:42:03,715 - Data for Bisphosphonate [EPC] has been loaded! - INFO
2026-07-31 19:42:05,041 - Data for CD123 Interaction [EPC] has been loaded! - INFO
2026-07-31 19:42:06,601 - Data for CD19-directed Cytolytic Antibody [EPC] has been loaded! - INFO
2026-07-31 19:42:08,157 - Data for CD22-directed Immunoconjugate [EPC] has been loaded! - INFO
2026-07-31 19:42:09,413 - Data for CD25-directed Cytotoxin [EPC] has been loaded! - INFO
2026-07-31 19:42:11,450 - Data for CD3-directed Antibody [EPC] has been loaded! - INFO
2026-07-31 19:42:13,207 - Data for ADCETRIS medicine has been loaded! - INFO
2026-07-31 19:42:13,207 - Data for CD30-directed Immunoconjugate [EPC] has been loaded! - INFO
2026-07-31 19:42:14,534 - Data for CD33-directed Immunoconjugate [EPC] has been loaded! - INFO
2026-07-31 19:42:15,950 - Data for CD4-directed Blocking Antibody [EPC] has been loaded! - INFO
2026-07-31 19:42:17,202 - Data for CXC Chemokine Receptor 4 Antagonist [EPC] has been loaded! - INFO
2026-07-31 19:42:20,657 - Data for Calcitonin Gene-related Peptide Antagonist [EPC] has been loaded! - INFO
2026-07-31 19:42:22,267 - Data for Calcium Resorption Inhibitor [EPC] has been loaded! - INFO
2026-07-31 19:42:23,330 - Data for Carboxypeptidase [EPC] has been loaded! - INFO
2026-07-31 19:42:24,633 - Data for CAMZYOS medicine has been loaded! - INFO
2026-07-31 19:42:24,633 - Data for Cardiac Myosin Inhibitor [EPC] has been loaded! - INFO
2026-07-31 19:42:25,948 - Data for Chemokine Receptor Type 4 Interaction [EPC] has been loaded! - INFO
2026-07-31 19:42:27,272 - Data for Cholinergic Muscarinic Agonist [EPC] has been loaded! - INFO
2026-07-31 19:42:28,566 - Data for Classical Complement Pathway Inhibitor [EPC] has been loaded! - INFO
2026-07-31 19:42:29,871 - Data for Claudin 18.2-directed Cytolytic Antibody [EPC] has been loaded! - INFO
2026-07-31 19:42:31,241 - Data for Colony Stimulating Factor-1 Receptor Blocker [EPC] has been loaded! - INFO
2026-07-31 19:42:32,539 - Data for Complement 5a Receptor Antagonist [EPC] has been loaded! - INFO
2026-07-31 19:42:33,853 - Data for Complement C5 Inhibitor [EPC] has been loaded! - INFO
2026-07-31 19:42:35,536 - Data for Voydeya medicine has been loaded! - INFO
2026-07-31 19:42:35,537 - Data for Complement Factor D Inhibitor [EPC] has been loaded! - INFO
2026-07-31 19:42:36,854 - Data for Corticotropin-releasing Factor Type 1 Receptor Antagonist [EPC] has been loaded! - INFO
2026-07-31 19:42:38,211 - Data for Cortisol Synthesis Inhibitor [EPC] has been loaded! - INFO
2026-07-31 19:42:39,476 - Data for Cytolytic Agent [EPC] has been loaded! - INFO
2026-07-31 19:42:40,961 - Data for Cytomegalovirus DNA Terminase Complex Inhibitor [EPC] has been loaded! - INFO
2026-07-31 19:42:42,254 - Data for Cytomegalovirus pUL97 Kinase Inhibitor [EPC] has been loaded! - INFO
2026-07-31 19:42:43,613 - Data for Cytotoxin [EPC] has been loaded! - INFO
2026-07-31 19:42:44,690 - Data for Disclosing Agent [EPC] has been loaded! - INFO
2026-07-31 19:42:46,103 - Data for Dopamine and Norepinephrine Reuptake Inhibitor [EPC] has been loaded! - INFO
2026-07-31 19:42:47,163 - Data for Ectoparasiticide [EPC] has been loaded! - INFO
2026-07-31 19:42:48,511 - Data for Erythroid Maturation Agent [EPC] has been loaded! - INFO
2026-07-31 19:42:50,173 - Data for Erythropoiesis-stimulating Agent [EPC] has been loaded! - INFO
2026-07-31 19:42:51,551 - Data for Estrogen Agonist/Antagonist [EPC] has been loaded! - INFO
2026-07-31 19:42:52,910 - Data for Farnesyltransferase Inhibitor [EPC] has been loaded! - INFO
2026-07-31 19:42:54,263 - Data for GLP-2 Analog [EPC] has been loaded! - INFO
2026-07-31 19:42:55,704 - Data for Gamma Secretase Inhibitor [EPC] has been loaded! - INFO
2026-07-31 19:42:57,033 - Data for Helicobacter pylori Diagnostic [EPC] has been loaded! - INFO
2026-07-31 19:42:58,361 - Data for Hemoglobin S Polymerization Inhibitor [EPC] has been loaded! - INFO
2026-07-31 19:43:05,561 - Data for Human Blood Coagulation Factor [EPC] has been loaded! - INFO
2026-07-31 19:43:07,622 - Data for Human Immunodeficiency Virus 1 Post-attachment Fusion Inhibitor [EPC] has been loaded! - INFO
2026-07-31 19:43:10,208 - Data for Human Immunoglobulin [EPC] has been loaded! - INFO
2026-07-31 19:43:11,482 - Data for Human Platelet-derived Growth Factor [EPC] has been loaded! - INFO
2026-07-31 19:43:13,032 - Data for Humanized Monoclonal Antibody Fragment [EPC] has been loaded! - INFO
2026-07-31 19:43:14,333 - Data for Hydrolytic Lysosomal Cholesteryl Ester-specific Enzyme [EPC] has been loaded! - INFO
2026-07-31 19:43:16,150 - Data for Hydrolytic Lysosomal Triacylglycerol-specific Enzyme [EPC] has been loaded! - INFO
2026-07-31 19:43:17,208 - Data for Hyperpolarized Contrast Agent [EPC] has been loaded! - INFO
2026-07-31 19:43:18,653 - Data for WELIREG medicine has been loaded! - INFO
2026-07-31 19:43:18,653 - Data for Hypoxia-inducible Factor Inhibitor [EPC] has been loaded! - INFO
2026-07-31 19:43:19,800 - Data for Inactivated Influenza A Virus Vaccine [EPC] has been loaded! - INFO
2026-07-31 19:43:21,993 - Data for Inactivated Meningococcal Vaccine [EPC] has been loaded! - INFO
2026-07-31 19:43:23,581 - Data for Insulin-like Growth Factor-1 Receptor Inhibitor [EPC] has been loaded! - INFO
2026-07-31 19:43:24,875 - Data for BESREMi medicine has been loaded! - INFO
2026-07-31 19:43:24,875 - Data for Interferon alfa-2b [EPC] has been loaded! - INFO
2026-07-31 19:43:26,452 - Data for Pegasys medicine has been loaded! - INFO
2026-07-31 19:43:26,452 - Data for Interferon alpha [EPC] has been loaded! - INFO
2026-07-31 19:43:27,748 - Data for Interferon gamma Blocker [EPC] has been loaded! - INFO
2026-07-31 19:43:29,109 - Data for Interleukin-1 Receptor Antagonist [EPC] has been loaded! - INFO
2026-07-31 19:43:30,637 - Data for Interleukin-17 Receptor A Antagonist [EPC] has been loaded! - INFO
2026-07-31 19:43:32,463 - Data for Interleukin-2 Receptor Blocking Antibody [EPC] has been loaded! - INFO
2026-07-31 19:43:34,415 - Data for Interleukin-31 Receptor alpha Antagonist [EPC] has been loaded! - INFO
2026-07-31 19:43:36,776 - Data for Interleukin-4 Receptor alpha Antagonist [EPC] has been loaded! - INFO
2026-07-31 19:43:38,552 - Data for Interleukin-5 Receptor alpha-directed Cytolytic Antibody [EPC] has been loaded! - INFO
2026-07-31 19:43:39,905 - Data for Interleukin-6 Antagonist [EPC] has been loaded! - INFO
2026-07-31 19:43:41,241 - Data for Isocitrate Dehydrogenase 2 Inhibitor [EPC] has been loaded! - INFO
2026-07-31 19:43:42,704 - Data for Myalept medicine has been loaded! - INFO
2026-07-31 19:43:42,704 - Data for Leptin Analog [EPC] has been loaded! - INFO
2026-07-31 19:43:44,048 - Data for Lipoglycopeptide Antibacterial [EPC] has been loaded! - INFO
2026-07-31 19:43:48,611 - Data for Live Attenuated Bacillus Calmette-Guerin Immunotherapy [EPC] has been loaded! - INFO
2026-07-31 19:43:49,877 - Data for Live Attenuated Bacillus Calmette-Guerin Vaccine [EPC] has been loaded! - INFO
2026-07-31 19:43:50,986 - Data for Live Attenuated Yellow Fever Virus Vaccine [EPC] has been loaded! - INFO
2026-07-31 19:43:52,307 - Data for Lymphocyte Activation Gene-3 Blocker [EPC] has been loaded! - INFO
2026-07-31 19:43:53,588 - Data for Lysosomal beta Glucuronidase [EPC] has been loaded! - INFO
2026-07-31 19:43:54,863 - Data for Medium-chain Triglyceride [EPC] has been loaded! - INFO
2026-07-31 19:43:56,284 - Data for Melanocortin 4 Receptor Agonist [EPC] has been loaded! - INFO
2026-07-31 19:43:57,832 - Data for Menin Inhibitor [EPC] has been loaded! - INFO
2026-07-31 19:44:00,339 - Data for EMSAM medicine has been loaded! - INFO
2026-07-31 19:44:00,339 - Data for Monoamine Oxidase Type B Inhibitor [EPC] has been loaded! - INFO
2026-07-31 19:44:02,182 - Data for Monoclonal Antibody [EPC] has been loaded! - INFO
2026-07-31 19:44:04,145 - Data for Mucocutaneous Epithelial Cell Growth Factor [EPC] has been loaded! - INFO
2026-07-31 19:44:05,634 - Data for VEOZAH medicine has been loaded! - INFO
2026-07-31 19:44:05,634 - Data for Neurokinin 3 Receptor Antagonist [EPC] has been loaded! - INFO
2026-07-31 19:44:07,295 - Data for Non-Standardized Bacterial Allergenic Extract [EPC] has been loaded! - INFO
2026-07-31 19:44:09,201 - Data for Nonsteroidal Mineralocorticoid-Receptor Antagonist [EPC] has been loaded! - INFO
2026-07-31 19:44:13,856 - Data for Nuclear Export Inhibitor [EPC] has been loaded! - INFO
2026-07-31 19:44:15,615 - Data for Orthopoxvirus VP37 Envelope Wrapping Protein Inhibitor [EPC] has been loaded! - INFO
2026-07-31 19:44:17,439 - Data for Parathyroid Hormone-Related Peptide Analog [EPC] has been loaded! - INFO
2026-07-31 19:44:18,717 - Data for Partial Opioid Agonist/Antagonist [EPC] has been loaded! - INFO
2026-07-31 19:44:21,399 - Data for Peroxisome Proliferator Receptor gamma Agonist [EPC] has been loaded! - INFO
2026-07-31 19:44:22,701 - Data for Peroxisome Proliferator-activated Receptor Agonist [EPC] has been loaded! - INFO
2026-07-31 19:44:24,283 - Data for Phenylalanine Metabolizing Enzyme [EPC] has been loaded! - INFO
2026-07-31 19:44:25,769 - Data for Poly(ADP-Ribose) Polymerase Inhibitor [EPC] has been loaded! - INFO
2026-07-31 19:44:26,830 - Data for Potassium Salt [EPC] has been loaded! - INFO
2026-07-31 19:44:27,906 - Data for Prostacycline [EPC] has been loaded! - INFO
2026-07-31 19:44:29,346 - Data for Protease Activator [EPC] has been loaded! - INFO
2026-07-31 19:44:30,864 - Data for Radioligand Therapeutic Agent [EPC] has been loaded! - INFO
2026-07-31 19:44:32,178 - Data for Recombinant Human Deoxyribonuclease 1 [EPC] has been loaded! - INFO
2026-07-31 19:44:33,457 - Data for Recombinant Human Nerve Growth Factor [EPC] has been loaded! - INFO
2026-07-31 19:44:34,820 - Data for Renal Dehydropeptidase Inhibitor [EPC] has been loaded! - INFO
2026-07-31 19:44:36,328 - Data for SARS-CoV-2 Nucleotide Analog RNA Polymerase Inhibitor [EPC] has been loaded! - INFO
2026-07-31 19:44:37,632 - Data for SLAMF7-directed Immunostimulatory Antibody [EPC] has been loaded! - INFO
2026-07-31 19:44:38,830 - Data for Sclerosing Agent [EPC] has been loaded! - INFO
2026-07-31 19:44:40,514 - Data for Selectin Blocker [EPC] has been loaded! - INFO
2026-07-31 19:44:42,704 - Data for NULOJIX medicine has been loaded! - INFO
2026-07-31 19:44:42,704 - Data for Selective T Cell Costimulation Blocker [EPC] has been loaded! - INFO
2026-07-31 19:44:45,004 - Data for Selective T Cell Costimulation Modulator [EPC] has been loaded! - INFO
2026-07-31 19:44:46,355 - Data for Semifluorinated Alkane [EPC] has been loaded! - INFO
2026-07-31 19:44:48,547 - Data for Standardized Animal Skin Allergenic Extract [EPC] has been loaded! - INFO
2026-07-31 19:44:49,617 - Data for Sucrose-specific Enzyme [EPC] has been loaded! - INFO
2026-07-31 19:44:50,940 - Data for Survival Motor Neuron-2-directed RNA Interaction [EPC] has been loaded! - INFO
2026-07-31 19:44:52,345 - Data for Survival of Motor Neuron 2 Splicing Modifier [EPC] has been loaded! - INFO
2026-07-31 19:44:53,662 - Data for TRPM8 Thermoreceptor Agonist [EPC] has been loaded! - INFO
2026-07-31 19:44:56,209 - Data for Tetracycline-class Antimicrobial [EPC] has been loaded! - INFO
2026-07-31 19:44:59,448 - Data for Thiazolidinedione [EPC] has been loaded! - INFO
2026-07-31 19:45:00,741 - Data for Thrombopoietin Receptor Agonist [EPC] has been loaded! - INFO
2026-07-31 19:45:03,157 - Data for Thymic Stromal Lymphopoietin Blocker [EPC] has been loaded! - INFO
2026-07-31 19:45:09,203 - Data for Thyroid Hormone Receptor beta Agonist [EPC] has been loaded! - INFO
2026-07-31 19:45:12,095 - Data for Tissue Factor Pathway Inhibitor Antagonist [EPC] has been loaded! - INFO
2026-07-31 19:45:14,058 - Data for Tissue-nonspecific Alkaline Phosphatase [EPC] has been loaded! - INFO
2026-07-31 19:45:15,470 - Data for Transthyretin-directed RNA Interaction [EPC] has been loaded! - INFO
2026-07-31 19:45:16,835 - Data for Type I Interferon Receptor Antagonist [EPC] has been loaded! - INFO
2026-07-31 19:45:18,202 - Data for Tyrosine Kinase 2 Inhibitor [EPC] has been loaded! - INFO
2026-07-31 19:45:19,300 - Data for Unfractionated Heparin [EPC] has been loaded! - INFO
2026-07-31 19:45:20,334 - Data for Urease Inhibitor [EPC] has been loaded! - INFO
2026-07-31 19:45:21,651 - Data for Krystexxa medicine has been loaded! - INFO
2026-07-31 19:45:21,651 - Data for Uric Acid-specific Enzyme [EPC] has been loaded! - INFO
2026-07-31 19:45:22,966 - Data for Vascular Endothelial Growth Factor Receptor 2 Antagonist [EPC] has been loaded! - INFO
2026-07-31 19:45:24,285 - Data for Vasopressin Receptor Agonist [EPC] has been loaded! - INFO
2026-07-31 19:45:25,670 - Data for Zaire Ebolavirus Glycoprotein-directed Antibody [EPC] has been loaded! - INFO
2026-07-31 19:45:27,124 - Data for beta2-Adrenergic Agonist [EPC] has been loaded! - INFO
2026-07-31 19:45:28,993 - Data for mu-Opioid Receptor Agonist [EPC] has been loaded! - INFO
2026-07-31 19:45:29,605 - Data loading process finished. Total number of medicines: 2451 - INFO
2026-07-31 19:45:29,605 - Data splitting process started! - INFO
2026-07-31 19:45:30,031 - HTTP Request: HEAD https://huggingface.co/sentence-transformers/all-MiniLM-L6-v2/resolve/main/config.json "HTTP/1.1 307 Temporary Redirect" - INFO
2026-07-31 19:45:30,075 - HTTP Request: HEAD https://huggingface.co/api/resolve-cache/models/sentence-transformers/all-MiniLM-L6-v2/1110a243fdf4706b3f48f1d95db1a4f5529b4d41/config.json "HTTP/1.1 200 OK" - INFO
2026-07-31 19:45:30,267 - HTTP Request: HEAD https://huggingface.co/sentence-transformers/all-MiniLM-L6-v2/resolve/main/tokenizer_config.json "HTTP/1.1 307 Temporary Redirect" - INFO
2026-07-31 19:45:30,311 - HTTP Request: HEAD https://huggingface.co/api/resolve-cache/models/sentence-transformers/all-MiniLM-L6-v2/1110a243fdf4706b3f48f1d95db1a4f5529b4d41/tokenizer_config.json "HTTP/1.1 200 OK" - INFO
2026-07-31 19:45:30,505 - HTTP Request: GET https://huggingface.co/api/models/sentence-transformers/all-MiniLM-L6-v2/tree/main/additional_chat_templates?recursive=false&expand=false "HTTP/1.1 404 Not Found" - INFO
2026-07-31 19:45:30,694 - HTTP Request: GET https://huggingface.co/api/models/sentence-transformers/all-MiniLM-L6-v2/tree/main?recursive=true&expand=false "HTTP/1.1 200 OK" - INFO
2026-07-31 19:45:30,727 - Tokenizer has been loaded - INFO
2026-07-31 19:45:31,081 - Chunk has been for Naproxen - INFO
2026-07-31 19:45:31,446 - Chunk has been for Naproxen - INFO
2026-07-31 19:45:31,772 - Chunk has been for Naproxen - INFO
2026-07-31 19:45:32,071 - Chunk has been for Indomethacin - INFO
2026-07-31 19:45:32,515 - Chunk has been for CELECOXIB - INFO
2026-07-31 19:45:32,738 - Chunk has been for Piroxicam - INFO
2026-07-31 19:45:33,247 - Chunk has been for Celecoxib - INFO
2026-07-31 19:45:33,563 - Chunk has been for Naproxen - INFO
2026-07-31 19:45:34,010 - Chunk has been for Celecoxib - INFO
2026-07-31 19:45:34,317 - Chunk has been for Meloxicam - INFO
2026-07-31 19:45:34,742 - Chunk has been for celecoxib - INFO
2026-07-31 19:45:35,187 - Chunk has been for Celecoxib - INFO
2026-07-31 19:45:35,632 - Chunk has been for Celecoxib - INFO
2026-07-31 19:45:35,934 - Chunk has been for Naproxen - INFO
2026-07-31 19:45:36,386 - Chunk has been for Celecoxib - INFO
2026-07-31 19:45:36,701 - Chunk has been for Naproxen - INFO
2026-07-31 19:45:36,901 - Chunk has been for meloxicam - INFO
2026-07-31 19:45:37,348 - Chunk has been for CELECOXIB - INFO
2026-07-31 19:45:37,649 - Chunk has been for MELOXICAM - INFO
2026-07-31 19:45:37,961 - Chunk has been for meloxicam - INFO
2026-07-31 19:45:38,272 - Chunk has been for meloxicam - INFO
2026-07-31 19:45:38,573 - Chunk has been for Naproxen - INFO
2026-07-31 19:45:38,891 - Chunk has been for Naproxen - INFO
2026-07-31 19:45:39,220 - Chunk has been for Naproxen - INFO
2026-07-31 19:45:39,493 - Chunk has been for Indomethacin - INFO
2026-07-31 19:45:39,817 - Chunk has been for Naproxen - INFO
2026-07-31 19:45:40,103 - Chunk has been for Indomethacin - INFO
2026-07-31 19:45:40,431 - Chunk has been for Naproxen - INFO
2026-07-31 19:45:40,878 - Chunk has been for Celecoxib - INFO
2026-07-31 19:45:41,182 - Chunk has been for meloxicam - INFO
2026-07-31 19:45:41,512 - Chunk has been for Celecoxib - INFO
2026-07-31 19:45:41,959 - Chunk has been for Celecoxib - INFO
2026-07-31 19:45:42,257 - Chunk has been for Indomethacin - INFO
2026-07-31 19:45:42,853 - Chunk has been for Naproxen and esomeprazole magnesium - INFO
2026-07-31 19:45:43,177 - Chunk has been for Indomethacin - INFO
2026-07-31 19:45:43,764 - Chunk has been for Naproxen and esomeprazole magnesium - INFO
2026-07-31 19:45:44,093 - Chunk has been for Naproxen - INFO
2026-07-31 19:45:44,408 - Chunk has been for Meloxicam - INFO
2026-07-31 19:45:44,712 - Chunk has been for Naproxen - INFO
2026-07-31 19:45:45,174 - Chunk has been for celecoxib - INFO
2026-07-31 19:45:45,480 - Chunk has been for Indomethacin - INFO
2026-07-31 19:45:45,934 - Chunk has been for Celecoxib - INFO
2026-07-31 19:45:46,273 - Chunk has been for Naproxen - INFO
2026-07-31 19:45:46,732 - Chunk has been for Celecoxib - INFO
2026-07-31 19:45:46,951 - Chunk has been for Piroxicam - INFO
2026-07-31 19:45:47,283 - Chunk has been for Naproxen - INFO
2026-07-31 19:45:47,557 - Chunk has been for Indomethacin - INFO
2026-07-31 19:45:47,924 - Chunk has been for Ibuprofen and famotidine - INFO
2026-07-31 19:45:48,236 - Chunk has been for meloxicam - INFO
2026-07-31 19:45:48,573 - Chunk has been for Naproxen - INFO
2026-07-31 19:45:49,047 - Chunk has been for Celecoxib - INFO
2026-07-31 19:45:49,300 - Chunk has been for Piroxicam - INFO
2026-07-31 19:45:49,578 - Chunk has been for Caldolor - INFO
2026-07-31 19:45:50,176 - Chunk has been for Naproxen and esomeprazole magnesium - INFO
2026-07-31 19:45:50,505 - Chunk has been for Naproxen - INFO
2026-07-31 19:45:50,861 - Chunk has been for Naproxen - INFO
2026-07-31 19:45:51,174 - Chunk has been for INDOMETHACIN - INFO
2026-07-31 19:45:51,527 - Chunk has been for Naproxen - INFO
2026-07-31 19:45:51,780 - Chunk has been for Indomethacin - INFO
2026-07-31 19:45:52,096 - Chunk has been for Meloxicam - INFO
2026-07-31 19:45:52,406 - Chunk has been for meloxicam - INFO
2026-07-31 19:45:52,781 - Chunk has been for Ibuprofen and famotidine - INFO
2026-07-31 19:45:53,240 - Chunk has been for Celecoxib - INFO
2026-07-31 19:45:53,478 - Chunk has been for Meloxicam - INFO
2026-07-31 19:45:53,801 - Chunk has been for Naproxen - INFO
2026-07-31 19:45:54,021 - Chunk has been for Piroxicam - INFO
2026-07-31 19:45:54,614 - Chunk has been for Ascomp with Codeine - INFO
2026-07-31 19:45:54,946 - Chunk has been for Naproxen - INFO
2026-07-31 19:45:55,279 - Chunk has been for Naproxen Oral Suspension - INFO
2026-07-31 19:45:55,792 - Chunk has been for Celecoxib - INFO
2026-07-31 19:45:56,111 - Chunk has been for Naproxen - INFO
2026-07-31 19:45:56,585 - Chunk has been for CELECOXIB - INFO
2026-07-31 19:45:56,902 - Chunk has been for meloxicam - INFO
2026-07-31 19:45:57,210 - Chunk has been for meloxicam - INFO
2026-07-31 19:45:57,536 - Chunk has been for Naproxen - INFO
2026-07-31 19:45:57,777 - Chunk has been for Meloxicam - INFO
2026-07-31 19:45:58,236 - Chunk has been for celecoxib - INFO
2026-07-31 19:45:58,570 - Chunk has been for Naproxen - INFO
2026-07-31 19:45:59,039 - Chunk has been for Celecoxib - INFO
2026-07-31 19:45:59,349 - Chunk has been for MELOXICAM - INFO
2026-07-31 19:45:59,721 - Chunk has been for Ibuprofen and famotidine - INFO
2026-07-31 19:46:00,030 - Chunk has been for Naproxen - INFO
2026-07-31 19:46:00,489 - Chunk has been for CELEBREX - INFO
2026-07-31 19:46:00,829 - Chunk has been for Naproxen - INFO
2026-07-31 19:46:01,080 - Chunk has been for Indomethacin - INFO
2026-07-31 19:46:01,538 - Chunk has been for Celecoxib - INFO
2026-07-31 19:46:02,032 - Chunk has been for celecoxib - INFO
2026-07-31 19:46:02,357 - Chunk has been for Naproxen - INFO
2026-07-31 19:46:02,833 - Chunk has been for CELECOXIB - INFO
2026-07-31 19:46:03,199 - Chunk has been for Naproxen - INFO
2026-07-31 19:46:03,657 - Chunk has been for Celecoxib - INFO
2026-07-31 19:46:04,133 - Chunk has been for celecoxib - INFO
2026-07-31 19:46:04,417 - Chunk has been for Indomethacin - INFO
2026-07-31 19:46:04,738 - Chunk has been for meloxicam - INFO
2026-07-31 19:46:05,052 - Chunk has been for MELOXICAM - INFO
2026-07-31 19:46:05,299 - Chunk has been for QAMZOVA - INFO
2026-07-31 19:46:05,689 - Chunk has been for Ibuprofen and famotidine - INFO
2026-07-31 19:46:06,158 - Chunk has been for Celecoxib - INFO
2026-07-31 19:46:06,636 - Chunk has been for Celecoxib - INFO
2026-07-31 19:46:07,245 - Chunk has been for Naproxen and esomeprazole magnesium - INFO
2026-07-31 19:46:07,853 - Chunk has been for Naproxen and esomeprazole magnesium - INFO
2026-07-31 19:46:08,321 - Chunk has been for CELECOXIB - INFO
2026-07-31 19:46:08,784 - Chunk has been for Celecoxib - INFO
2026-07-31 19:46:09,273 - Chunk has been for MELOXICAM - INFO
2026-07-31 19:46:09,601 - Chunk has been for INDOCIN - INFO
2026-07-31 19:46:10,101 - Chunk has been for Celecoxib - INFO
2026-07-31 19:46:10,419 - Chunk has been for MELOXICAM - INFO
2026-07-31 19:46:10,741 - Chunk has been for meloxicam - INFO
2026-07-31 19:46:11,102 - Chunk has been for Naproxen - INFO
2026-07-31 19:46:11,422 - Chunk has been for meloxicam - INFO
2026-07-31 19:46:11,739 - Chunk has been for meloxicam - INFO
2026-07-31 19:46:12,063 - Chunk has been for meloxicam - INFO
2026-07-31 19:46:12,665 - Chunk has been for Naproxen and esomeprazole magnesium - INFO
2026-07-31 19:46:12,913 - Chunk has been for Indomethacin - INFO
2026-07-31 19:46:13,230 - Chunk has been for meloxicam - INFO
2026-07-31 19:46:13,689 - Chunk has been for CELECOXIB - INFO
2026-07-31 19:46:14,059 - Chunk has been for Ibuprofen and famotidine - INFO
2026-07-31 19:46:14,347 - Chunk has been for INDOMETHACIN - INFO
2026-07-31 19:46:14,663 - Chunk has been for meloxicam - INFO
2026-07-31 19:46:15,006 - Chunk has been for Naproxen - INFO
2026-07-31 19:46:15,288 - Chunk has been for MELOXICAM - INFO
2026-07-31 19:46:15,555 - Chunk has been for Meloxicam - INFO
2026-07-31 19:46:15,972 - Chunk has been for Meloxicam - INFO
2026-07-31 19:46:16,399 - Chunk has been for Meloxicam - INFO
2026-07-31 19:46:16,771 - Chunk has been for Ibuprofen and famotidine - INFO
2026-07-31 19:46:17,202 - Chunk has been for Meloxicam - INFO
2026-07-31 19:46:17,681 - Chunk has been for celecoxib - INFO
2026-07-31 19:46:17,891 - Chunk has been for meloxicam - INFO
2026-07-31 19:46:18,194 - Chunk has been for Naproxen - INFO
2026-07-31 19:46:18,796 - Chunk has been for Naproxen and esomeprazole magnesium - INFO
2026-07-31 19:46:19,270 - Chunk has been for CELECOXIB - INFO
2026-07-31 19:46:19,481 - Chunk has been for meloxicam - INFO
2026-07-31 19:46:19,757 - Chunk has been for meloxicam - INFO
2026-07-31 19:46:20,108 - Chunk has been for Naproxen - INFO
2026-07-31 19:46:20,419 - Chunk has been for meloxicam - INFO
2026-07-31 19:46:20,877 - Chunk has been for CELECOXIB - INFO
2026-07-31 19:46:21,148 - Chunk has been for Mefenamic acid - INFO
2026-07-31 19:46:21,744 - Chunk has been for Naproxen and esomeprazole magnesium - INFO
2026-07-31 19:46:21,980 - Chunk has been for Indomethacin - INFO
2026-07-31 19:46:22,264 - Chunk has been for meloxicam - INFO
2026-07-31 19:46:22,582 - Chunk has been for Meloxicam - INFO
2026-07-31 19:46:23,053 - Chunk has been for Celecoxib - INFO
2026-07-31 19:46:23,422 - Chunk has been for Naproxen - INFO
2026-07-31 19:46:23,796 - Chunk has been for Ibuprofen and famotidine - INFO
2026-07-31 19:46:24,107 - Chunk has been for meloxicam - INFO
2026-07-31 19:46:24,596 - Chunk has been for VYSCOXA - INFO
2026-07-31 19:46:24,928 - Chunk has been for Naproxen - INFO
2026-07-31 19:46:25,245 - Chunk has been for Indomethacin - INFO
2026-07-31 19:46:25,544 - Chunk has been for Naproxen - INFO
2026-07-31 19:46:26,002 - Chunk has been for Celecoxib - INFO
2026-07-31 19:46:26,474 - Chunk has been for Celecoxib - INFO
2026-07-31 19:46:26,939 - Chunk has been for Celecoxib - INFO
2026-07-31 19:46:27,313 - Chunk has been for Naproxen - INFO
2026-07-31 19:46:27,632 - Chunk has been for meloxicam - INFO
2026-07-31 19:46:27,950 - Chunk has been for indomethacin - INFO
2026-07-31 19:46:28,322 - Chunk has been for Naproxen - INFO
2026-07-31 19:46:28,635 - Chunk has been for MELOXICAM - INFO
2026-07-31 19:46:29,000 - Chunk has been for Naproxen - INFO
2026-07-31 19:46:29,452 - Chunk has been for Meloxicam - INFO
2026-07-31 19:46:29,826 - Chunk has been for Ibuprofen and Famotidine - INFO
2026-07-31 19:46:30,281 - Chunk has been for Meloxicam - INFO
2026-07-31 19:46:30,704 - Chunk has been for Meloxicam - INFO
2026-07-31 19:46:31,170 - Chunk has been for CELECOXIB - INFO
2026-07-31 19:46:31,542 - Chunk has been for Naproxen - INFO
2026-07-31 19:46:31,861 - Chunk has been for Meloxicam - INFO
2026-07-31 19:46:32,323 - Chunk has been for celecoxib - INFO
2026-07-31 19:46:32,794 - Chunk has been for Celecoxib - INFO
2026-07-31 19:46:33,115 - Chunk has been for meloxicam - INFO
2026-07-31 19:46:33,591 - Chunk has been for Celecoxib - INFO
2026-07-31 19:46:33,833 - Chunk has been for Indomethacin - INFO
2026-07-31 19:46:34,181 - Chunk has been for Naproxen - INFO
2026-07-31 19:46:34,654 - Chunk has been for Celecoxib - INFO
2026-07-31 19:46:34,900 - Chunk has been for Budesonide Inhalation - INFO
2026-07-31 19:46:35,143 - Chunk has been for budesonide inhalation - INFO
2026-07-31 19:46:35,390 - Chunk has been for budesonide inhalation - INFO
2026-07-31 19:46:35,635 - Chunk has been for Multaq - INFO
2026-07-31 19:46:35,872 - Chunk has been for Multaq - INFO
2026-07-31 19:46:36,289 - Chunk has been for ZYNRELEF - INFO
2026-07-31 19:46:36,887 - Chunk has been for Ascomp with Codeine - INFO
2026-07-31 19:46:37,476 - Chunk has been for BUTALBITAL, ASPIRIN, CAFFEINE and CODEINE PHOSPHATE - INFO
2026-07-31 19:46:38,038 - Chunk has been for BUTALBITAL, ASPIRIN, CAFFEINE AND CODEINE PHOSPHATE - INFO
2026-07-31 19:46:38,231 - Chunk has been for Tolsura - INFO
2026-07-31 19:46:38,399 - Chunk has been for olmesartan medoxomil-hydrochlorothiazide - INFO
2026-07-31 19:46:38,562 - Chunk has been for Olmesartan Medoxomil and Hydrochlorothiazide - INFO
2026-07-31 19:46:38,747 - Chunk has been for OLMESARTAN MEDOXOMIL and HYDROCHLOROTHIAZIDE - INFO
2026-07-31 19:46:38,955 - Chunk has been for Valsartan and Hydrochlorothiazide - INFO
2026-07-31 19:46:39,161 - Chunk has been for Valsartan and Hydrochlorothiazide - INFO
2026-07-31 19:46:39,384 - Chunk has been for Losartan Potassium and Hydrochlorothiazide - INFO
2026-07-31 19:46:39,617 - Chunk has been for Avalide - INFO
2026-07-31 19:46:39,837 - Chunk has been for Losartan Potassium and Hydrochlorothiazide - INFO
2026-07-31 19:46:40,054 - Chunk has been for Valsartan and Hydrochlorothiazide - INFO
2026-07-31 19:46:40,282 - Chunk has been for Irbesartan and Hydrochlorothiazide - INFO
2026-07-31 19:46:40,505 - Chunk has been for Irbesartan and Hydrochlorothiazide - INFO
2026-07-31 19:46:40,730 - Chunk has been for Exforge HCT - INFO
2026-07-31 19:46:40,948 - Chunk has been for Valsartan and Hydrochlorothiazide - INFO
2026-07-31 19:46:41,180 - Chunk has been for Valsartan and Hydrochlorothiazide - INFO
2026-07-31 19:46:41,402 - Chunk has been for Losartan Potassium and Hydrochlorothiazide - INFO
2026-07-31 19:46:41,642 - Chunk has been for Losartan Potassium and Hydrochlorothiazide - INFO
2026-07-31 19:46:41,958 - Chunk has been for amlodipine,valsartan and hydrochlorothiazide - INFO
2026-07-31 19:46:42,185 - Chunk has been for Valsartan and Hydrochlorothiazide - INFO
2026-07-31 19:46:42,444 - Chunk has been for olmesartan medoxomil / amlodipine besylate / hydrochlorothiazide - INFO
2026-07-31 19:46:42,620 - Chunk has been for OLMESARTAN MEDOXOMIL and HYDROCHLOROTHIAZIDE - INFO
2026-07-31 19:46:42,847 - Chunk has been for Losartan Potassium and Hydrochlorothiazide - INFO
2026-07-31 19:46:43,068 - Chunk has been for Losartan Potassium and Hydrochlorothiazide - INFO
2026-07-31 19:46:43,320 - Chunk has been for olmesartan medoxomil / amlodipine besylate / hydrochlorothiazide - INFO
2026-07-31 19:46:43,582 - Chunk has been for Tribenzor - INFO
2026-07-31 19:46:43,797 - Chunk has been for Losartan Potassium and Hydrochlorothiazide - INFO
2026-07-31 19:46:44,081 - Chunk has been for Losartan potassium and Hydrochlorothiazide - INFO
2026-07-31 19:46:44,241 - Chunk has been for OLMESARTAN MEDOXOMIL and HYDROCHLOROTHIAZIDE - INFO
2026-07-31 19:46:44,463 - Chunk has been for Valsartan and Hydrochlorothiazide - INFO
2026-07-31 19:46:44,710 - Chunk has been for Valsartan and Hydrochlorothiazide - INFO
2026-07-31 19:46:44,870 - Chunk has been for OLMESARTAN MEDOXOMIL AND HYDROCHLOROTHIAZIDE - INFO
2026-07-31 19:46:45,088 - Chunk has been for HYZAAR - INFO
2026-07-31 19:46:45,315 - Chunk has been for Valsartan and Hydrochlorothiazide - INFO
2026-07-31 19:46:45,567 - Chunk has been for olmesartan medoxomil / amlodipine besylate / hydrochlorothiazide - INFO
2026-07-31 19:46:45,797 - Chunk has been for Losartan Potassium and Hydrochlorothiazide - INFO
2026-07-31 19:46:46,042 - Chunk has been for Olmesartan medoxomil, amlodipine and hydrochlorothiazide - INFO
2026-07-31 19:46:46,274 - Chunk has been for Irbesartan and Hydrochlorothiazide - INFO
2026-07-31 19:46:46,494 - Chunk has been for Losartan Potassium and Hydrochlorothiazide - INFO
2026-07-31 19:46:46,712 - Chunk has been for Valsartan and Hydrochlorothiazide - INFO
2026-07-31 19:46:46,968 - Chunk has been for olmesartan medoxomil / amlodipine besylate / hydrochlorothiazide - INFO
2026-07-31 19:46:47,131 - Chunk has been for OLMESARTAN MEDOXOMIL and HYDROCHLOROTHIAZIDE - INFO
2026-07-31 19:46:47,354 - Chunk has been for Irbesartan and Hydrochlorothiazide - INFO
2026-07-31 19:46:47,535 - Chunk has been for OLMESARTAN MEDOXOMIL and HYDROCHLOROTHIAZIDE - INFO
2026-07-31 19:46:47,805 - Chunk has been for Olmesartan medoxomil Amlodipine and Hydrochlorothiazide - INFO
2026-07-31 19:46:47,970 - Chunk has been for olmesartan medoxomil-hydrochlorothiazide - INFO
2026-07-31 19:46:48,149 - Chunk has been for OLMESARTAN MEDOXOMIL and HYDROCHLOROTHIAZIDE - INFO
2026-07-31 19:46:48,402 - Chunk has been for olmesartan medoxomil / amlodipine besylate / hydrochlorothiazide - INFO
2026-07-31 19:46:48,623 - Chunk has been for Losartan Potassium and Hydrochlorothiazide - INFO
2026-07-31 19:46:48,873 - Chunk has been for Olmesartan Medoxomil, Amlodipine and Hydrochlorothiazide - INFO
2026-07-31 19:46:49,109 - Chunk has been for Amlodipine, Valsartan and Hydrochlorothiazide - INFO
2026-07-31 19:46:49,332 - Chunk has been for Losartan Potassium and Hydrochlorothiazide - INFO
2026-07-31 19:46:49,555 - Chunk has been for Irbesartan and Hydrochlorothiazide - INFO
2026-07-31 19:46:49,778 - Chunk has been for Losartan Potassium and Hydrochlorothiazide - INFO
2026-07-31 19:46:50,001 - Chunk has been for Losartan Potassium and Hydrochlorothiazide - INFO
2026-07-31 19:46:50,171 - Chunk has been for Telmisartan and Hydrochlorothiazide - INFO
2026-07-31 19:46:50,398 - Chunk has been for Valsartan and Hydrochlorothiazide - INFO
2026-07-31 19:46:50,660 - Chunk has been for Losartan Potassium and Hydrochlorothiazide - INFO
2026-07-31 19:46:50,879 - Chunk has been for Losartan Potassium and Hydrochlorothiazide - INFO
2026-07-31 19:46:51,111 - Chunk has been for Amlodipine, Valsartan and Hydrochlorothiazide - INFO
2026-07-31 19:46:51,325 - Chunk has been for Losartan Potassium and Hydrochlorothiazide - INFO
2026-07-31 19:46:51,497 - Chunk has been for Olmesartan Medoxomil and Hydrochlorothiazide - INFO
2026-07-31 19:46:51,731 - Chunk has been for Valsartan and Hydrochlorothiazide - INFO
2026-07-31 19:46:51,949 - Chunk has been for Valsartan and Hydrochlorothiazide - INFO
2026-07-31 19:46:52,100 - Chunk has been for Olmesartan Medoxomil and Hydrochlorothiazide - INFO
2026-07-31 19:46:52,280 - Chunk has been for OLMESARTAN MEDOXOMIL AND HYDROCHLOROTHIAZIDE - INFO
2026-07-31 19:46:52,501 - Chunk has been for Valsartan and Hydrochlorothiazide - INFO
2026-07-31 19:46:52,733 - Chunk has been for Irbesartan and Hydrochlorothiazide - INFO
2026-07-31 19:46:52,893 - Chunk has been for Benicar HCT - INFO
2026-07-31 19:46:53,114 - Chunk has been for Losartan Potassium and Hydrochlorothiazide - INFO
2026-07-31 19:46:53,329 - Chunk has been for Valsartan and Hydrochlorothiazide - INFO
2026-07-31 19:46:53,522 - Chunk has been for OLMESARTAN MEDOXOMIL and HYDROCHLOROTHIAZIDE - INFO
2026-07-31 19:46:53,742 - Chunk has been for Losartan Potassium and Hydrochlorothiazide - INFO
2026-07-31 19:46:53,903 - Chunk has been for Olmesartan Medoxomil and Hydrochlorothiazide - INFO
2026-07-31 19:46:54,127 - Chunk has been for Losartan Potassium and Hydrochlorothiazide - INFO
2026-07-31 19:46:54,345 - Chunk has been for Losartan Potassium and Hydrochlorothiazide - INFO
2026-07-31 19:46:54,599 - Chunk has been for olmesartan medoxomil / amlodipine besylate / hydrochlorothiazide - INFO
2026-07-31 19:46:54,813 - Chunk has been for Irbesartan and Hydrochlorothiazide - INFO
2026-07-31 19:46:55,024 - Chunk has been for Valsartan and Hydrochlorothiazide - INFO
2026-07-31 19:46:55,202 - Chunk has been for Olmesartan Medoxomil and Hydrochlorothiazide - INFO
2026-07-31 19:46:55,429 - Chunk has been for Losartan Potassium and Hydrochlorothiazide - INFO
2026-07-31 19:46:55,780 - Chunk has been for AMLODIPINE, VALSARTAN, HYDROCHLOROTHIAZIDE - INFO
2026-07-31 19:46:55,959 - Chunk has been for OLMESARTAN MEDOXOMIL AND HYDROCHLOROTHIAZIDE - INFO
2026-07-31 19:46:56,195 - Chunk has been for Losartan Potassium and Hydrochlorothiazide - INFO
2026-07-31 19:46:56,477 - Chunk has been for OLMESARTAN MEDOXOMIL, AMLODIPINE and HYDROCHLOROTHIAZIDE - INFO
2026-07-31 19:46:56,835 - Chunk has been for Losartan potassium and Hydrochlorothiazide - INFO
2026-07-31 19:46:57,112 - Chunk has been for Valsartan and Hydrochlorothiazide - INFO
2026-07-31 19:46:57,422 - Chunk has been for olmesartan medoxomil and amlodipine besylate and hydrochlorothiazide - INFO
2026-07-31 19:46:57,703 - Chunk has been for Losartan Potassium and Hydrochlorothiazide - INFO
2026-07-31 19:46:57,960 - Chunk has been for Losartan Potassium and Hydrochlorothiazide - INFO
2026-07-31 19:46:58,254 - Chunk has been for olmesartan medoxomil / amlodipine besylate / hydrochlorothiazide - INFO
2026-07-31 19:46:58,430 - Chunk has been for Benicar HCT - INFO
2026-07-31 19:46:58,726 - Chunk has been for Valsartan and Hydrochlorothiazide - INFO
2026-07-31 19:46:58,947 - Chunk has been for Losartan Potassium and Hydrochlorothiazide - INFO
2026-07-31 19:46:59,105 - Chunk has been for Olmesartan Medoxomil and Hydrochlorothiazide - INFO
2026-07-31 19:46:59,274 - Chunk has been for Micardis HCT - INFO
2026-07-31 19:46:59,528 - Chunk has been for olmesartan medoxomil / amlodipine besylate / hydrochlorothiazide - INFO
2026-07-31 19:46:59,748 - Chunk has been for LOSARTAN POTASSIUM AND HYDROCHLOROTHIAZIDE - INFO
2026-07-31 19:46:59,990 - Chunk has been for Losartan Potassium and Hydrochlorothiazide - INFO
2026-07-31 19:47:00,148 - Chunk has been for Olmesartan Medoxomil and Hydrochlorothiazide - INFO
2026-07-31 19:47:00,307 - Chunk has been for Olmesartan Medoxomil and Hydrochlorothiazide - INFO
2026-07-31 19:47:00,490 - Chunk has been for OLMESARTAN MEDOXOMIL and HYDROCHLOROTHIAZIDE - INFO
2026-07-31 19:47:00,703 - Chunk has been for Losartan Potassium and Hydrochlorothiazide - INFO
2026-07-31 19:47:00,927 - Chunk has been for Losartan Potassium and Hydrochlorothiazide - INFO
2026-07-31 19:47:01,148 - Chunk has been for Valsartan and Hydrochlorothiazide - INFO
2026-07-31 19:47:01,402 - Chunk has been for olmesartan medoxomil / amlodipine besylate / hydrochlorothiazide - INFO
2026-07-31 19:47:01,632 - Chunk has been for Losartan Potassium and Hydrochlorothiazide - INFO
2026-07-31 19:47:01,850 - Chunk has been for Valsartan and Hydrochlorothiazide - INFO
2026-07-31 19:47:02,071 - Chunk has been for Irbesartan and Hydrochlorothiazide - INFO
2026-07-31 19:47:02,291 - Chunk has been for Irbesartan and Hydrochlorothiazide - INFO
2026-07-31 19:47:02,467 - Chunk has been for olmesartan medoxomil-hydrochlorothiazide - INFO
2026-07-31 19:47:02,687 - Chunk has been for Losartan Potassium and Hydrochlorothiazide - INFO
2026-07-31 19:47:02,856 - Chunk has been for Olmesartan Medoxomil and Hydrochlorothiazide - INFO
2026-07-31 19:47:03,078 - Chunk has been for LOSARTAN POTASSIUM AND HYDROCHLOROTHIAZIDE - INFO
2026-07-31 19:47:03,254 - Chunk has been for Olmesartan medoxomil and hydrochlorothiazide - INFO
2026-07-31 19:47:03,461 - Chunk has been for Valsartan and Hydrochlorothiazide - INFO
2026-07-31 19:47:03,669 - Chunk has been for Valsartan and Hydrochlorothiazide - INFO
2026-07-31 19:47:03,867 - Chunk has been for Valsartan and Hydrochlorothiazide - INFO
2026-07-31 19:47:04,084 - Chunk has been for Diovan HCT - INFO
2026-07-31 19:47:04,256 - Chunk has been for OLMESARTAN MEDOXOMIL AND HYDROCHLOROTHIAZIDE - INFO
2026-07-31 19:47:04,473 - Chunk has been for Valsartan and Hydrochlorothiazide - INFO
2026-07-31 19:47:04,691 - Chunk has been for Valsartan and Hydrochlorothiazide - INFO
2026-07-31 19:47:04,913 - Chunk has been for Losartan Potassium and Hydrochlorothiazide - INFO
2026-07-31 19:47:05,137 - Chunk has been for Losartan Potassium and Hydrochlorothiazide - INFO
2026-07-31 19:47:05,359 - Chunk has been for Losartan Potassium and Hydrochlorothiazide - INFO
2026-07-31 19:47:05,579 - Chunk has been for Valsartan and Hydrochlorothiazide - INFO
2026-07-31 19:47:05,778 - Chunk has been for OLMESARTAN MEDOXOMIL and HYDROCHLOROTHIAZIDE - INFO
2026-07-31 19:47:05,947 - Chunk has been for Olmesartan Medoxomil and Hydrochlorothiazide - INFO
2026-07-31 19:47:06,178 - Chunk has been for Losartan Potassium and Hydrochlorothiazide - INFO
2026-07-31 19:47:06,394 - Chunk has been for Valsartan and Hydrochlorothiazide - INFO
2026-07-31 19:47:06,614 - Chunk has been for Losartan Potassium and Hydrochlorothiazide - INFO
2026-07-31 19:47:06,841 - Chunk has been for Valsartan and Hydrochlorothiazide - INFO
2026-07-31 19:47:07,052 - Chunk has been for Irbesartan and Hydrochlorothiazide - INFO
2026-07-31 19:47:07,276 - Chunk has been for Losartan Potassium and Hydrochlorothiazide - INFO
2026-07-31 19:47:07,447 - Chunk has been for Telmisartan and Hydrochlorothiazide - INFO
2026-07-31 19:47:07,681 - Chunk has been for Irbesartan and Hydrochlorothiazide - INFO
2026-07-31 19:47:07,836 - Chunk has been for Olmesartan Medoxomil and Hydrochlorothiazide - INFO
2026-07-31 19:47:08,186 - Chunk has been for AMLODIPINE, VALSARTAN, HYDROCHLOROTHIAZIDE - INFO
2026-07-31 19:47:08,414 - Chunk has been for Valsartan and Hydrochlorothiazide - INFO
2026-07-31 19:47:08,639 - Chunk has been for Losartan Potassium and Hydrochlorothiazide - INFO
2026-07-31 19:47:08,858 - Chunk has been for Valsartan and Hydrochlorothiazide - INFO
2026-07-31 19:47:09,066 - Chunk has been for Valsartan and Hydrochlorothiazide - INFO
2026-07-31 19:47:09,295 - Chunk has been for Valsartan and Hydrochlorothiazide - INFO
2026-07-31 19:47:09,577 - Chunk has been for Losartan potassium and Hydrochlorothiazide - INFO
2026-07-31 19:47:09,741 - Chunk has been for OLMESARTAN MEDOXOMIL and HYDROCHLOROTHIAZIDE - INFO
2026-07-31 19:47:09,969 - Chunk has been for Valsartan and Hydrochlorothiazide - INFO
2026-07-31 19:47:10,132 - Chunk has been for Olmesartan Medoxomil and Hydrochlorothiazide - INFO
2026-07-31 19:47:10,732 - Chunk has been for Ascomp with Codeine - INFO
2026-07-31 19:47:11,325 - Chunk has been for BUTALBITAL, ASPIRIN, CAFFEINE and CODEINE PHOSPHATE - INFO
2026-07-31 19:47:11,913 - Chunk has been for BUTALBITAL, ASPIRIN, CAFFEINE AND CODEINE PHOSPHATE - INFO
2026-07-31 19:47:12,288 - Chunk has been for XELSTRYM - INFO
2026-07-31 19:47:12,674 - Chunk has been for Methylphenidate - INFO
2026-07-31 19:47:13,283 - Chunk has been for Ascomp with Codeine - INFO
2026-07-31 19:47:13,611 - Chunk has been for Amphetamine - INFO
2026-07-31 19:47:13,979 - Chunk has been for Daytrana - INFO
2026-07-31 19:47:14,217 - Chunk has been for Cotempla XR-ODT - INFO
2026-07-31 19:47:14,530 - Chunk has been for Amphetamine Extended-Release - INFO
2026-07-31 19:47:14,951 - Chunk has been for Methylphenidate Transdermal System - INFO
2026-07-31 19:47:15,533 - Chunk has been for BUTALBITAL, ASPIRIN, CAFFEINE and CODEINE PHOSPHATE - INFO
2026-07-31 19:47:16,105 - Chunk has been for BUTALBITAL, ASPIRIN, CAFFEINE AND CODEINE PHOSPHATE - INFO
2026-07-31 19:47:16,356 - Chunk has been for Dyanavel XR, DYANAVEL XR - INFO
2026-07-31 19:47:16,646 - Chunk has been for Adzenys XR-ODT - INFO
2026-07-31 19:47:16,878 - Chunk has been for Methylphenidate Extended-Release - INFO
2026-07-31 19:47:17,122 - Chunk has been for Alprazolam - INFO
2026-07-31 19:47:17,451 - Chunk has been for Clobazam - INFO
2026-07-31 19:47:17,694 - Chunk has been for Alprazolam - INFO
2026-07-31 19:47:17,956 - Chunk has been for Alprazolam - INFO
2026-07-31 19:47:18,197 - Chunk has been for Alprazolam - INFO
2026-07-31 19:47:18,447 - Chunk has been for Alprazolam - INFO
2026-07-31 19:47:18,706 - Chunk has been for Alprazolam XR - INFO
2026-07-31 19:47:18,950 - Chunk has been for Alprazolam - INFO
2026-07-31 19:47:19,192 - Chunk has been for Alprazolam - INFO
2026-07-31 19:47:19,488 - Chunk has been for Clobazam - INFO
2026-07-31 19:47:19,745 - Chunk has been for Valtoco - INFO
2026-07-31 19:47:20,060 - Chunk has been for Clobazam - INFO
2026-07-31 19:47:20,363 - Chunk has been for Clobazam - INFO
2026-07-31 19:47:20,611 - Chunk has been for Alprazolam - INFO
2026-07-31 19:47:20,864 - Chunk has been for Alprazolam - INFO
2026-07-31 19:47:21,151 - Chunk has been for Alprazolam - INFO
2026-07-31 19:47:21,403 - Chunk has been for Alprazolam - INFO
2026-07-31 19:47:21,817 - Chunk has been for Alprazolam Extended Release - INFO
2026-07-31 19:47:22,079 - Chunk has been for Nayzilam - INFO
2026-07-31 19:47:22,324 - Chunk has been for Alprazolam - INFO
2026-07-31 19:47:22,575 - Chunk has been for Alprazolam - INFO
2026-07-31 19:47:22,822 - Chunk has been for Alprazolam - INFO
2026-07-31 19:47:23,080 - Chunk has been for Alprazolam - INFO
2026-07-31 19:47:23,349 - Chunk has been for Alprazolam - INFO
2026-07-31 19:47:23,591 - Chunk has been for Alprazolam - INFO
2026-07-31 19:47:23,833 - Chunk has been for Xanax - INFO
2026-07-31 19:47:24,083 - Chunk has been for Alprazolam - INFO
2026-07-31 19:47:24,329 - Chunk has been for Alprazolam - INFO
2026-07-31 19:47:24,583 - Chunk has been for Alprazolam - INFO
2026-07-31 19:47:24,825 - Chunk has been for Alprazolam - INFO
2026-07-31 19:47:25,164 - Chunk has been for Clobazam - INFO
2026-07-31 19:47:25,595 - Chunk has been for Alprazolam Extended Release - INFO
2026-07-31 19:47:25,847 - Chunk has been for Alprazolam - INFO
2026-07-31 19:47:26,093 - Chunk has been for Alprazolam - INFO
2026-07-31 19:47:26,340 - Chunk has been for Alprazolam - INFO
2026-07-31 19:47:26,587 - Chunk has been for Alprazolam - INFO
2026-07-31 19:47:26,833 - Chunk has been for Alprazolam - INFO
2026-07-31 19:47:27,067 - Chunk has been for Clobazam - INFO
2026-07-31 19:47:27,357 - Chunk has been for Alprazolam - INFO
2026-07-31 19:47:27,624 - Chunk has been for Alprazolam - INFO
2026-07-31 19:47:27,947 - Chunk has been for SYMPAZAN - INFO
2026-07-31 19:47:28,187 - Chunk has been for Alprazolam - INFO
2026-07-31 19:47:28,490 - Chunk has been for Clobazam - INFO
2026-07-31 19:47:28,788 - Chunk has been for CLOBAZAM - INFO
2026-07-31 19:47:29,029 - Chunk has been for Alprazolam - INFO
2026-07-31 19:47:29,277 - Chunk has been for Alprazolam - INFO
2026-07-31 19:47:29,577 - Chunk has been for Clobazam - INFO
2026-07-31 19:47:29,833 - Chunk has been for Clobazam - INFO
2026-07-31 19:47:30,139 - Chunk has been for Clobazam - INFO
2026-07-31 19:47:30,380 - Chunk has been for Alprazolam - INFO
2026-07-31 19:47:30,631 - Chunk has been for Alprazolam - INFO
2026-07-31 19:47:30,945 - Chunk has been for Clobazam - INFO
2026-07-31 19:47:31,200 - Chunk has been for Alprazolam - INFO
2026-07-31 19:47:31,449 - Chunk has been for Alprazolam - INFO
2026-07-31 19:47:31,698 - Chunk has been for Alprazolam - INFO
2026-07-31 19:47:31,953 - Chunk has been for Alprazolam - INFO
2026-07-31 19:47:32,203 - Chunk has been for Alprazolam - INFO
2026-07-31 19:47:32,510 - Chunk has been for Clobazam - INFO
2026-07-31 19:47:32,768 - Chunk has been for Alprazolam - INFO
2026-07-31 19:47:33,080 - Chunk has been for Clobazam - INFO
2026-07-31 19:47:33,494 - Chunk has been for Alprazolam Extended Release - INFO
2026-07-31 19:47:33,792 - Chunk has been for Clobazam - INFO
2026-07-31 19:47:34,062 - Chunk has been for Alprazolam - INFO
2026-07-31 19:47:34,328 - Chunk has been for Alprazolam - INFO
2026-07-31 19:47:34,581 - Chunk has been for Alprazolam - INFO
2026-07-31 19:47:34,831 - Chunk has been for Alprazolam - INFO
2026-07-31 19:47:35,074 - Chunk has been for Xanax - INFO
2026-07-31 19:47:35,320 - Chunk has been for Alprazolam - INFO
2026-07-31 19:47:35,586 - Chunk has been for Xanax XR - INFO
2026-07-31 19:47:35,833 - Chunk has been for Clobazam - INFO
2026-07-31 19:47:36,087 - Chunk has been for Clobazam - INFO
2026-07-31 19:47:36,324 - Chunk has been for CLOBAZAM - INFO
2026-07-31 19:47:36,572 - Chunk has been for Alprazolam - INFO
2026-07-31 19:47:36,826 - Chunk has been for Alprazolam - INFO
2026-07-31 19:47:37,074 - Chunk has been for Alprazolam - INFO
2026-07-31 19:47:37,377 - Chunk has been for Clobazam - INFO
2026-07-31 19:47:37,618 - Chunk has been for Alprazolam - INFO
2026-07-31 19:47:37,961 - Chunk has been for Onfi - INFO
2026-07-31 19:47:38,197 - Chunk has been for Alprazolam - INFO
2026-07-31 19:47:38,442 - Chunk has been for Alprazolam - INFO
2026-07-31 19:47:38,620 - Chunk has been for Quazepam - INFO
2026-07-31 19:47:38,877 - Chunk has been for Alprazolam - INFO
2026-07-31 19:47:39,124 - Chunk has been for Alprazolam - INFO
2026-07-31 19:47:39,365 - Chunk has been for Alprazolam - INFO
2026-07-31 19:47:39,612 - Chunk has been for Alprazolam - INFO
2026-07-31 19:47:39,926 - Chunk has been for Clobazam - INFO
2026-07-31 19:47:40,310 - Chunk has been for Ibuprofen and famotidine - INFO
2026-07-31 19:47:40,703 - Chunk has been for Ibuprofen and famotidine - INFO
2026-07-31 19:47:41,086 - Chunk has been for Ibuprofen and famotidine - INFO
2026-07-31 19:47:41,475 - Chunk has been for Ibuprofen and famotidine - INFO
2026-07-31 19:47:41,865 - Chunk has been for Ibuprofen and famotidine - INFO
2026-07-31 19:47:42,253 - Chunk has been for Ibuprofen and famotidine - INFO
2026-07-31 19:47:42,636 - Chunk has been for Ibuprofen and famotidine - INFO
2026-07-31 19:47:43,028 - Chunk has been for Ibuprofen and Famotidine - INFO
2026-07-31 19:47:43,415 - Chunk has been for Ibuprofen and Famotidine - INFO
2026-07-31 19:47:43,805 - Chunk has been for Ibuprofen and famotidine - INFO
2026-07-31 19:47:44,189 - Chunk has been for Ibuprofen and famotidine - INFO
2026-07-31 19:47:44,578 - Chunk has been for Ibuprofen and famotidine - INFO
2026-07-31 19:47:44,978 - Chunk has been for Ibuprofen and famotidine - INFO
2026-07-31 19:47:45,365 - Chunk has been for Ibuprofen and famotidine - INFO
2026-07-31 19:47:46,075 - Chunk has been for Olanzapine - INFO
2026-07-31 19:47:46,828 - Chunk has been for Paliperidone - INFO
2026-07-31 19:47:47,588 - Chunk has been for Olanzapine - INFO
2026-07-31 19:47:48,526 - Chunk has been for Olanzapine - INFO
2026-07-31 19:47:49,158 - Chunk has been for Aripiprazole - INFO
2026-07-31 19:47:49,920 - Chunk has been for Olanzapine - INFO
2026-07-31 19:47:50,449 - Chunk has been for RISPERIDONE - INFO
2026-07-31 19:47:51,112 - Chunk has been for Aripiprazole - INFO
2026-07-31 19:47:51,901 - Chunk has been for Aripiprazole - INFO
2026-07-31 19:47:52,554 - Chunk has been for Aripiprazole - INFO
2026-07-31 19:47:53,095 - Chunk has been for Risperidone - INFO
2026-07-31 19:47:53,616 - Chunk has been for RISPERIDONE - INFO
2026-07-31 19:47:54,032 - Chunk has been for Clozapine - INFO
2026-07-31 19:47:54,566 - Chunk has been for RISPERIDONE - INFO
2026-07-31 19:47:55,316 - Chunk has been for Olanzapine - INFO
2026-07-31 19:47:55,868 - Chunk has been for Aripiprazole - INFO
2026-07-31 19:47:56,448 - Chunk has been for Aripiprazole - INFO
2026-07-31 19:47:56,936 - Chunk has been for Paliperidone - INFO
2026-07-31 19:47:57,592 - Chunk has been for Aripiprazole - INFO
2026-07-31 19:47:58,341 - Chunk has been for Olanzapine - INFO
2026-07-31 19:47:58,831 - Chunk has been for Clozapine - INFO
2026-07-31 19:47:59,619 - Chunk has been for Olanzapine - INFO
2026-07-31 19:48:00,171 - Chunk has been for RISPERIDONE - INFO
2026-07-31 19:48:00,684 - Chunk has been for Aripiprazole - INFO
2026-07-31 19:48:01,334 - Chunk has been for Aripiprazole - INFO
2026-07-31 19:48:01,892 - Chunk has been for Olanzapine - INFO
2026-07-31 19:48:02,537 - Chunk has been for Aripiprazole - INFO
2026-07-31 19:48:03,759 - Chunk has been for aripiprazole - INFO
2026-07-31 19:48:04,126 - Chunk has been for Asenapine - INFO
2026-07-31 19:48:04,865 - Chunk has been for Olanzapine - INFO
2026-07-31 19:48:05,373 - Chunk has been for Paliperidone - INFO
2026-07-31 19:48:06,027 - Chunk has been for Aripiprazole - INFO
2026-07-31 19:48:06,775 - Chunk has been for Olanzapine - INFO
2026-07-31 19:48:07,296 - Chunk has been for Aripiprazole - INFO
2026-07-31 19:48:08,096 - Chunk has been for aripiprazole - INFO
2026-07-31 19:48:08,603 - Chunk has been for RISPERIDONE - INFO
2026-07-31 19:48:09,397 - Chunk has been for Aripiprazole - INFO
2026-07-31 19:48:10,178 - Chunk has been for Aripiprazole - INFO
2026-07-31 19:48:10,732 - Chunk has been for Olanzapine - INFO
2026-07-31 19:48:11,527 - Chunk has been for Aripiprazole - INFO
2026-07-31 19:48:12,078 - Chunk has been for Risperidone - INFO
2026-07-31 19:48:12,672 - Chunk has been for Olanzapine - INFO
2026-07-31 19:48:13,163 - Chunk has been for VERSACLOZ - INFO
2026-07-31 19:48:13,659 - Chunk has been for Clozapine - INFO
2026-07-31 19:48:14,195 - Chunk has been for RISPERIDONE - INFO
2026-07-31 19:48:14,990 - Chunk has been for Aripiprazole - INFO
2026-07-31 19:48:15,752 - Chunk has been for Olanzapine - INFO
2026-07-31 19:48:16,576 - Chunk has been for Olanzapine - INFO
2026-07-31 19:48:17,089 - Chunk has been for RISPERIDONE - INFO
2026-07-31 19:48:17,748 - Chunk has been for Aripiprazole - INFO
2026-07-31 19:48:18,529 - Chunk has been for aripiprazole - INFO
2026-07-31 19:48:19,294 - Chunk has been for OLANZAPINE - INFO
2026-07-31 19:48:19,887 - Chunk has been for Aripiprazole - INFO
2026-07-31 19:48:20,937 - Chunk has been for Olanzapine and Fluoxetine - INFO
2026-07-31 19:48:21,495 - Chunk has been for RISPERIDONE - INFO
2026-07-31 19:48:22,045 - Chunk has been for Risperidone - INFO
2026-07-31 19:48:22,781 - Chunk has been for Paliperidone - INFO
2026-07-31 19:48:23,570 - Chunk has been for Olanzapine - INFO
2026-07-31 19:48:24,033 - Chunk has been for Risperidone - INFO
2026-07-31 19:48:24,488 - Chunk has been for LYBALVI - INFO
2026-07-31 19:48:25,237 - Chunk has been for Olanzapine - INFO
2026-07-31 19:48:25,711 - Chunk has been for Risperidone - INFO
2026-07-31 19:48:26,070 - Chunk has been for FANAPT - INFO
2026-07-31 19:48:26,871 - Chunk has been for Aripiprazole - INFO
2026-07-31 19:48:27,670 - Chunk has been for aripiprazole - INFO
2026-07-31 19:48:28,317 - Chunk has been for Aripiprazole - INFO
2026-07-31 19:48:28,889 - Chunk has been for Aripiprazole - INFO
2026-07-31 19:48:29,690 - Chunk has been for Olanzapine - INFO
2026-07-31 19:48:30,238 - Chunk has been for Aripiprazole - INFO
2026-07-31 19:48:30,978 - Chunk has been for Olanzapine - INFO
2026-07-31 19:48:31,446 - Chunk has been for Risperidone - INFO
2026-07-31 19:48:31,985 - Chunk has been for RISPERIDONE - INFO
2026-07-31 19:48:32,647 - Chunk has been for Aripiprazole - INFO
2026-07-31 19:48:33,429 - Chunk has been for aripiprazole - INFO
2026-07-31 19:48:34,005 - Chunk has been for Risperidone - INFO
2026-07-31 19:48:34,791 - Chunk has been for Aripiprazole - INFO
2026-07-31 19:48:35,373 - Chunk has been for Aripiprazole - INFO
2026-07-31 19:48:36,438 - Chunk has been for Olanzapine and Fluoxetine - INFO
2026-07-31 19:48:37,220 - Chunk has been for Olanzapine - INFO
2026-07-31 19:48:37,763 - Chunk has been for Risperidone - INFO
2026-07-31 19:48:38,305 - Chunk has been for risperidone - INFO
2026-07-31 19:48:38,891 - Chunk has been for Aripiprazole - INFO
2026-07-31 19:48:39,425 - Chunk has been for Risperidone - INFO
2026-07-31 19:48:40,183 - Chunk has been for Olanzapine - INFO
2026-07-31 19:48:41,008 - Chunk has been for Olanzapine - INFO
2026-07-31 19:48:41,844 - Chunk has been for Olanzapine - INFO
2026-07-31 19:48:42,418 - Chunk has been for Aripiprazole - INFO
2026-07-31 19:48:42,961 - Chunk has been for RISPERIDONE - INFO
2026-07-31 19:48:43,795 - Chunk has been for Olanzapine - INFO
2026-07-31 19:48:44,603 - Chunk has been for Aripiprazole - INFO
2026-07-31 19:48:45,071 - Chunk has been for Risperidone - INFO
2026-07-31 19:48:45,636 - Chunk has been for Risperidone - INFO
2026-07-31 19:48:46,148 - Chunk has been for paliperidone - INFO
2026-07-31 19:48:46,696 - Chunk has been for Risperidone - INFO
2026-07-31 19:48:47,428 - Chunk has been for Paliperidone - INFO
2026-07-31 19:48:48,081 - Chunk has been for Aripiprazole - INFO
2026-07-31 19:48:48,754 - Chunk has been for Aripiprazole - INFO
2026-07-31 19:48:49,552 - Chunk has been for Aripiprazole - INFO
2026-07-31 19:48:50,317 - Chunk has been for Olanzapine - INFO
2026-07-31 19:48:50,990 - Chunk has been for Aripiprazole - INFO
2026-07-31 19:48:51,581 - Chunk has been for Vraylar - INFO
2026-07-31 19:48:52,408 - Chunk has been for Aripiprazole - INFO
2026-07-31 19:48:53,207 - Chunk has been for Aripiprazole - INFO
2026-07-31 19:48:53,976 - Chunk has been for Olanzapine - INFO
2026-07-31 19:48:54,757 - Chunk has been for OLANZAPINE - INFO
2026-07-31 19:48:55,518 - Chunk has been for Olanzapine - INFO
2026-07-31 19:48:56,288 - Chunk has been for Olanzapine - INFO
2026-07-31 19:48:56,794 - Chunk has been for Aripiprazole - INFO
2026-07-31 19:48:57,279 - Chunk has been for CLOZAPINE - INFO
2026-07-31 19:48:57,920 - Chunk has been for Aripiprazole - INFO
2026-07-31 19:48:58,674 - Chunk has been for Olanzapine - INFO
2026-07-31 19:48:59,444 - Chunk has been for Olanzapine - INFO
2026-07-31 19:49:00,195 - Chunk has been for Olanzapine - INFO
2026-07-31 19:49:00,743 - Chunk has been for RISPERIDONE - INFO
2026-07-31 19:49:01,230 - Chunk has been for Paliperidone - INFO
2026-07-31 19:49:01,991 - Chunk has been for Olanzapine - INFO
2026-07-31 19:49:02,541 - Chunk has been for RISPERIDONE - INFO
2026-07-31 19:49:03,329 - Chunk has been for Aripiprazole - INFO
2026-07-31 19:49:04,081 - Chunk has been for Olanzapine - INFO
2026-07-31 19:49:04,726 - Chunk has been for Aripiprazole - INFO
2026-07-31 19:49:05,376 - Chunk has been for Aripiprazole - INFO
2026-07-31 19:49:06,131 - Chunk has been for Olanzapine - INFO
2026-07-31 19:49:06,900 - Chunk has been for Olanzapine - INFO
2026-07-31 19:49:07,686 - Chunk has been for Olanzapine - INFO
2026-07-31 19:49:08,496 - Chunk has been for Aripiprazole - INFO
2026-07-31 19:49:09,249 - Chunk has been for Olanzapine - INFO
2026-07-31 19:49:10,005 - Chunk has been for Olanzapine - INFO
2026-07-31 19:49:10,508 - Chunk has been for Paliperidone - INFO
2026-07-31 19:49:11,309 - Chunk has been for Aripiprazole - INFO
2026-07-31 19:49:11,803 - Chunk has been for Risperidone - INFO
2026-07-31 19:49:12,599 - Chunk has been for Aripiprazole - INFO
2026-07-31 19:49:13,244 - Chunk has been for Aripiprazole - INFO
2026-07-31 19:49:13,791 - Chunk has been for RISPERIDONE - INFO
2026-07-31 19:49:14,464 - Chunk has been for Aripiprazole - INFO
2026-07-31 19:49:14,918 - Chunk has been for Risperidone - INFO
2026-07-31 19:49:15,709 - Chunk has been for Olanzapine - INFO
2026-07-31 19:49:16,465 - Chunk has been for Olanzapine - INFO
2026-07-31 19:49:17,028 - Chunk has been for RISPERIDONE - INFO
2026-07-31 19:49:17,785 - Chunk has been for Olanzapine - INFO
2026-07-31 19:49:18,463 - Chunk has been for Olanzapine - INFO
2026-07-31 19:49:19,237 - Chunk has been for Olanzapine - INFO
2026-07-31 19:49:19,796 - Chunk has been for Olanzapine - INFO
2026-07-31 19:49:20,278 - Chunk has been for Risperidone - INFO
2026-07-31 19:49:20,597 - Chunk has been for SECUADO - INFO
2026-07-31 19:49:21,358 - Chunk has been for Olanzapine - INFO
2026-07-31 19:49:22,021 - Chunk has been for Aripiprazole - INFO
2026-07-31 19:49:22,576 - Chunk has been for Olanzapine Intramuscular - INFO
2026-07-31 19:49:23,173 - Chunk has been for Aripiprazole - INFO
2026-07-31 19:49:23,960 - Chunk has been for Aripiprazole - INFO
2026-07-31 19:49:24,480 - Chunk has been for Clozapine - INFO
2026-07-31 19:49:25,053 - Chunk has been for Risperidone - INFO
2026-07-31 19:49:25,572 - Chunk has been for Aripiprazole - INFO
2026-07-31 19:49:26,331 - Chunk has been for Olanzapine - INFO
2026-07-31 19:49:26,888 - Chunk has been for risperidone - INFO
2026-07-31 19:49:27,413 - Chunk has been for Paliperidone - INFO
2026-07-31 19:49:28,218 - Chunk has been for Aripiprazole - INFO
2026-07-31 19:49:28,690 - Chunk has been for UZEDY - INFO
2026-07-31 19:49:29,314 - Chunk has been for Risperidone - INFO
2026-07-31 19:49:29,995 - Chunk has been for Aripiprazole - INFO
2026-07-31 19:49:30,755 - Chunk has been for Olanzapine - INFO
2026-07-31 19:49:31,522 - Chunk has been for Olanzapine - INFO
2026-07-31 19:49:32,270 - Chunk has been for Olanzapine - INFO
2026-07-31 19:49:32,775 - Chunk has been for Aripiprazole - INFO
2026-07-31 19:49:33,312 - Chunk has been for RISPERIDONE - INFO
2026-07-31 19:49:34,046 - Chunk has been for Paliperidone - INFO
2026-07-31 19:49:34,546 - Chunk has been for INVEGA - INFO
2026-07-31 19:49:35,000 - Chunk has been for Risperidone - INFO
2026-07-31 19:49:35,638 - Chunk has been for Aripiprazole - INFO
2026-07-31 19:49:36,135 - Chunk has been for CLOZAPINE - INFO
2026-07-31 19:49:36,764 - Chunk has been for Aripiprazole - INFO
2026-07-31 19:49:37,346 - Chunk has been for RISPERDAL, RISPERDAL M-TAB - INFO
2026-07-31 19:49:37,933 - Chunk has been for Aripiprazole - INFO
2026-07-31 19:49:38,480 - Chunk has been for Geodon - INFO
2026-07-31 19:49:39,063 - Chunk has been for Risperidone - INFO
2026-07-31 19:49:39,823 - Chunk has been for Olanzapine - INFO
2026-07-31 19:49:41,295 - Chunk has been for ARIPIPRAZOLE - INFO
2026-07-31 19:49:41,818 - Chunk has been for Paliperidone - INFO
2026-07-31 19:49:42,578 - Chunk has been for Olanzapine - INFO
2026-07-31 19:49:43,088 - Chunk has been for Clozapine - INFO
2026-07-31 19:49:43,860 - Chunk has been for Olanzapine - INFO
2026-07-31 19:49:44,446 - Chunk has been for Aripiprazole - INFO
2026-07-31 19:49:45,005 - Chunk has been for Risperidone - INFO
2026-07-31 19:49:45,573 - Chunk has been for Aripiprazole - INFO
2026-07-31 19:49:46,329 - Chunk has been for Olanzapine - INFO
2026-07-31 19:49:47,094 - Chunk has been for Olanzapine - INFO
2026-07-31 19:49:47,896 - Chunk has been for Clozaril - INFO
2026-07-31 19:49:48,456 - Chunk has been for Aripiprazole - INFO
2026-07-31 19:49:49,316 - Chunk has been for Olanzapine - INFO
2026-07-31 19:49:49,994 - Chunk has been for Aripiprazole - INFO
2026-07-31 19:49:50,809 - Chunk has been for aripiprazole - INFO
2026-07-31 19:49:51,279 - Chunk has been for Clozapine - INFO
2026-07-31 19:49:52,052 - Chunk has been for Olanzapine - INFO
2026-07-31 19:49:52,861 - Chunk has been for Olanzapine - INFO
2026-07-31 19:49:53,267 - Chunk has been for Brexpiprazole - INFO
2026-07-31 19:49:53,932 - Chunk has been for Aripiprazole - INFO
2026-07-31 19:49:54,694 - Chunk has been for Olanzapine - INFO
2026-07-31 19:49:55,120 - Chunk has been for Clozapine - INFO
2026-07-31 19:49:55,923 - Chunk has been for aripiprazole - INFO
2026-07-31 19:49:56,526 - Chunk has been for OLANZAPINE - INFO
2026-07-31 19:49:57,101 - Chunk has been for Olanzapine Intramuscular - INFO
2026-07-31 19:49:57,617 - Chunk has been for CLOZAPINE - INFO
2026-07-31 19:49:58,380 - Chunk has been for Olanzapine - INFO
2026-07-31 19:49:58,936 - Chunk has been for Risperidone - INFO
2026-07-31 19:49:59,589 - Chunk has been for Aripiprazole - INFO
2026-07-31 19:50:00,356 - Chunk has been for Olanzapine - INFO
2026-07-31 19:50:00,904 - Chunk has been for Geodon - INFO
2026-07-31 19:50:01,718 - Chunk has been for aripiprazole - INFO
2026-07-31 19:50:02,478 - Chunk has been for Olanzapine - INFO
2026-07-31 19:50:02,976 - Chunk has been for Paliperidone - INFO
2026-07-31 19:50:03,535 - Chunk has been for Risperidone - INFO
2026-07-31 19:50:04,080 - Chunk has been for RISPERIDONE - INFO
2026-07-31 19:50:04,737 - Chunk has been for Aripiprazole - INFO
2026-07-31 19:50:05,364 - Chunk has been for Aripiprazole - INFO
2026-07-31 19:50:05,916 - Chunk has been for RISPERIDONE - INFO
2026-07-31 19:50:07,003 - Chunk has been for ARIPIPRAZOLE - INFO
2026-07-31 19:50:07,576 - Chunk has been for Risperidone - INFO
2026-07-31 19:50:08,415 - Chunk has been for aripiprazole - INFO
2026-07-31 19:50:09,060 - Chunk has been for Aripiprazole - INFO
2026-07-31 19:50:09,619 - Chunk has been for RISPERIDONE - INFO
2026-07-31 19:50:10,429 - Chunk has been for Olanzapine - INFO
2026-07-31 19:50:11,251 - Chunk has been for Olanzapine - INFO
2026-07-31 19:50:12,179 - Chunk has been for QUETIAPINE - INFO
2026-07-31 19:50:13,407 - Chunk has been for ARIPIPRAZOLE - INFO
2026-07-31 19:50:14,269 - Chunk has been for Zyprexa, ZYPREXA Intramuscular, ZYPREXA Zydis - INFO
2026-07-31 19:50:14,913 - Chunk has been for OPIPZA - INFO
2026-07-31 19:50:15,675 - Chunk has been for Olanzapine - INFO
2026-07-31 19:50:16,185 - Chunk has been for risperidone - INFO
2026-07-31 19:50:17,010 - Chunk has been for aripiprazole - INFO
2026-07-31 19:50:17,763 - Chunk has been for Olanzapine - INFO
2026-07-31 19:50:18,524 - Chunk has been for Olanzapine - INFO
2026-07-31 19:50:19,031 - Chunk has been for PALIPERIDONE - INFO
2026-07-31 19:50:19,849 - Chunk has been for Aripiprazole - INFO
2026-07-31 19:50:20,390 - Chunk has been for RISPERIDONE - INFO
2026-07-31 19:50:20,937 - Chunk has been for RISPERIDONE - INFO
2026-07-31 19:50:21,453 - Chunk has been for paliperidone - INFO
2026-07-31 19:50:22,011 - Chunk has been for RISPERIDONE - INFO
2026-07-31 19:50:22,827 - Chunk has been for Aripiprazole - INFO
2026-07-31 19:50:23,611 - Chunk has been for ABILIFY - INFO
2026-07-31 19:50:24,267 - Chunk has been for Aripiprazole - INFO
2026-07-31 19:50:25,029 - Chunk has been for Olanzapine - INFO
2026-07-31 19:50:25,601 - Chunk has been for Olanzapine - INFO
2026-07-31 19:50:26,181 - Chunk has been for Olanzapine - INFO
2026-07-31 19:50:26,774 - Chunk has been for RISPERIDONE - INFO
2026-07-31 19:50:27,569 - Chunk has been for Olanzapine - INFO
2026-07-31 19:50:28,092 - Chunk has been for Paliperidone - INFO
2026-07-31 19:50:28,896 - Chunk has been for Aripiprazole - INFO
2026-07-31 19:50:29,412 - Chunk has been for Paliperidone - INFO
2026-07-31 19:50:29,880 - Chunk has been for Risperidone - INFO
2026-07-31 19:50:30,512 - Chunk has been for Aripiprazole - INFO
2026-07-31 19:50:31,115 - Chunk has been for Risperidone - INFO
2026-07-31 19:50:31,634 - Chunk has been for Clozapine - INFO
2026-07-31 19:50:32,258 - Chunk has been for Olanzapine - INFO
2026-07-31 19:50:32,639 - Chunk has been for Asenapine - INFO
2026-07-31 19:50:33,432 - Chunk has been for Olanzapine - INFO
2026-07-31 19:50:33,994 - Chunk has been for Risperidone - INFO
2026-07-31 19:50:34,658 - Chunk has been for Aripiprazole - INFO
2026-07-31 19:50:35,485 - Chunk has been for aripiprazole - INFO
2026-07-31 19:50:36,245 - Chunk has been for Olanzapine - INFO
2026-07-31 19:50:36,684 - Chunk has been for Clozapine - INFO
2026-07-31 19:50:37,480 - Chunk has been for Olanzapine - INFO
2026-07-31 19:50:38,249 - Chunk has been for Olanzapine - INFO
2026-07-31 19:50:39,053 - Chunk has been for Olanzapine - INFO
2026-07-31 19:50:39,592 - Chunk has been for risperidone - INFO
2026-07-31 19:50:40,042 - Chunk has been for Clozapine - INFO
2026-07-31 19:50:40,588 - Chunk has been for Paliperidone - INFO
2026-07-31 19:50:41,255 - Chunk has been for Aripiprazole - INFO
2026-07-31 19:50:41,947 - Chunk has been for Aripiprazole - INFO
2026-07-31 19:50:42,436 - Chunk has been for Abilify Asimtufii - INFO
2026-07-31 19:50:42,821 - Chunk has been for CAPLYTA - INFO
2026-07-31 19:50:43,578 - Chunk has been for Olanzapine - INFO
2026-07-31 19:50:44,343 - Chunk has been for Olanzapine - INFO
2026-07-31 19:50:44,903 - Chunk has been for Risperidone - INFO
2026-07-31 19:50:45,665 - Chunk has been for Olanzapine - INFO
2026-07-31 19:50:46,457 - Chunk has been for Olanzapine - INFO
2026-07-31 19:50:47,121 - Chunk has been for Aripiprazole - INFO
2026-07-31 19:50:47,647 - Chunk has been for PALIPERIDONE - INFO
2026-07-31 19:50:48,427 - Chunk has been for Olanzapine - INFO
2026-07-31 19:50:48,973 - Chunk has been for RISPERIDONE - INFO
2026-07-31 19:50:49,647 - Chunk has been for Olanzapine - INFO
2026-07-31 19:50:50,167 - Chunk has been for Paliperidone - INFO
2026-07-31 19:50:50,719 - Chunk has been for Risperidone - INFO
2026-07-31 19:50:51,556 - Chunk has been for aripiprazole - INFO
2026-07-31 19:50:52,339 - Chunk has been for Olanzapine - INFO
2026-07-31 19:50:53,123 - Chunk has been for Olanzapine - INFO
2026-07-31 19:50:53,669 - Chunk has been for Risperidone - INFO
2026-07-31 19:50:54,243 - Chunk has been for Olanzapine - INFO
2026-07-31 19:50:55,030 - Chunk has been for Olanzapine - INFO
2026-07-31 19:50:55,824 - Chunk has been for Olanzapine - INFO
2026-07-31 19:50:56,659 - Chunk has been for Aripiprazole - INFO
2026-07-31 19:50:57,219 - Chunk has been for RISPERIDONE - INFO
2026-07-31 19:50:57,771 - Chunk has been for RISPERIDONE - INFO
2026-07-31 19:50:58,083 - Chunk has been for ILOPERIDONE - INFO
2026-07-31 19:50:58,946 - Chunk has been for Olanzapine - INFO
2026-07-31 19:50:59,465 - Chunk has been for Paliperidone - INFO
2026-07-31 19:51:00,021 - Chunk has been for Risperidone - INFO
2026-07-31 19:51:00,522 - Chunk has been for Paliperidone - INFO
2026-07-31 19:51:01,093 - Chunk has been for Olanzapine - INFO
2026-07-31 19:51:02,224 - Chunk has been for Olanzapine and Fluoxetine - INFO
2026-07-31 19:51:03,003 - Chunk has been for Olanzapine - INFO
2026-07-31 19:51:03,524 - Chunk has been for Paliperidone - INFO
2026-07-31 19:51:04,106 - Chunk has been for Aripiprazole - INFO
2026-07-31 19:51:04,668 - Chunk has been for Risperidone - INFO
2026-07-31 19:51:05,514 - Chunk has been for aripiprazole - INFO
2026-07-31 19:51:06,320 - Chunk has been for Aripiprazole - INFO
2026-07-31 19:51:07,143 - Chunk has been for Aripiprazole - INFO
2026-07-31 19:51:07,774 - Chunk has been for Aripiprazole - INFO
2026-07-31 19:51:08,536 - Chunk has been for Aripiprazole - INFO
2026-07-31 19:51:09,106 - Chunk has been for Aripiprazole - INFO
2026-07-31 19:51:09,633 - Chunk has been for Paliperidone - INFO
2026-07-31 19:51:10,440 - Chunk has been for Aripiprazole - INFO
2026-07-31 19:51:11,153 - Chunk has been for Lamotrigine - INFO
2026-07-31 19:51:11,635 - Chunk has been for VIGADRONE - INFO
2026-07-31 19:51:12,306 - Chunk has been for SUBVENITE - INFO
2026-07-31 19:51:13,008 - Chunk has been for Lamotrigine - INFO
2026-07-31 19:51:13,701 - Chunk has been for Lamotrigine - INFO
2026-07-31 19:51:14,164 - Chunk has been for Vigabatrin - INFO
2026-07-31 19:51:14,865 - Chunk has been for lamotrigine - INFO
2026-07-31 19:51:15,532 - Chunk has been for Lamotrigine - INFO
2026-07-31 19:51:15,921 - Chunk has been for Vigabatrin - INFO
2026-07-31 19:51:16,492 - Chunk has been for Lamotrigine - INFO
2026-07-31 19:51:17,185 - Chunk has been for Lamotrigine - INFO
2026-07-31 19:51:17,937 - Chunk has been for Vigabatrin - INFO
2026-07-31 19:51:18,499 - Chunk has been for Valproic Acid - INFO
2026-07-31 19:51:19,198 - Chunk has been for Lamotrigine - INFO
2026-07-31 19:51:19,876 - Chunk has been for Lamotrigine - INFO
2026-07-31 19:51:20,560 - Chunk has been for Lamotrigine - INFO
2026-07-31 19:51:21,240 - Chunk has been for Lamotrigine - INFO
2026-07-31 19:51:21,912 - Chunk has been for LAMOTRIGINE - INFO
2026-07-31 19:51:22,474 - Chunk has been for Valproic Acid - INFO
2026-07-31 19:51:23,152 - Chunk has been for Lamotrigine - INFO
2026-07-31 19:51:23,864 - Chunk has been for LAMOTRIGINE - INFO
2026-07-31 19:51:24,446 - Chunk has been for Valproic Acid - INFO
2026-07-31 19:51:24,988 - Chunk has been for Lamotrigine - INFO
2026-07-31 19:51:25,674 - Chunk has been for Lamotrigine - INFO
2026-07-31 19:51:26,365 - Chunk has been for LAMOTRIGINE - INFO
2026-07-31 19:51:27,048 - Chunk has been for Lamotrigine - INFO
2026-07-31 19:51:27,624 - Chunk has been for Valproic - INFO
2026-07-31 19:51:28,290 - Chunk has been for Lamotrigine - INFO
2026-07-31 19:51:28,837 - Chunk has been for Lamotrigine - INFO
2026-07-31 19:51:29,378 - Chunk has been for Valproic Acid - INFO
2026-07-31 19:51:30,064 - Chunk has been for Lamotrigine - INFO
2026-07-31 19:51:30,574 - Chunk has been for valproic acid - INFO
2026-07-31 19:51:31,124 - Chunk has been for lamotrigine - INFO
2026-07-31 19:51:31,828 - Chunk has been for Lamotrigine - INFO
2026-07-31 19:51:32,375 - Chunk has been for LAMICTAL XR - INFO
2026-07-31 19:51:33,058 - Chunk has been for Lamotrigine - INFO
2026-07-31 19:51:33,692 - Chunk has been for Lamotrigine - INFO
2026-07-31 19:51:34,250 - Chunk has been for Valproic Acid - INFO
2026-07-31 19:51:34,933 - Chunk has been for LAMOTRIGINE Kit, LAMOTRIGINE - INFO
2026-07-31 19:51:35,540 - Chunk has been for Lamotrigine - INFO
2026-07-31 19:51:35,941 - Chunk has been for Vigabatrin - INFO
2026-07-31 19:51:36,507 - Chunk has been for VALPROIC ACID - INFO
2026-07-31 19:51:37,178 - Chunk has been for Lamotrigine - INFO
2026-07-31 19:51:37,860 - Chunk has been for Lamotrigine - INFO
2026-07-31 19:51:38,404 - Chunk has been for Lamotrigine - INFO
2026-07-31 19:51:39,533 - Chunk has been for Lamotrigine - INFO
2026-07-31 19:51:40,209 - Chunk has been for LAMOTRIGINE - INFO
2026-07-31 19:51:40,903 - Chunk has been for LAMOTRIGINE - INFO
2026-07-31 19:51:41,670 - Chunk has been for Lamotrigine - INFO
2026-07-31 19:51:42,320 - Chunk has been for Lamotrigine - INFO
2026-07-31 19:51:43,018 - Chunk has been for Lamotrigine - INFO
2026-07-31 19:51:43,581 - Chunk has been for Lamotrigine - INFO
2026-07-31 19:51:44,404 - Chunk has been for VALPROIC ACID - INFO
2026-07-31 19:51:45,082 - Chunk has been for Lamotrigine - INFO
2026-07-31 19:51:45,801 - Chunk has been for Lamotrigine - INFO
2026-07-31 19:51:46,483 - Chunk has been for Lamotrigine - INFO
2026-07-31 19:51:47,176 - Chunk has been for Lamotrigine - INFO
2026-07-31 19:51:47,849 - Chunk has been for Lamotrigine - INFO
2026-07-31 19:51:48,342 - Chunk has been for Vigabatrin - INFO
2026-07-31 19:51:48,825 - Chunk has been for VIGADRONE - INFO
2026-07-31 19:51:49,305 - Chunk has been for Vigabatrin - INFO
2026-07-31 19:51:50,003 - Chunk has been for Lamotrigine - INFO
2026-07-31 19:51:50,723 - Chunk has been for Lamotrigine - INFO
2026-07-31 19:51:51,404 - Chunk has been for Lamotrigine - INFO
2026-07-31 19:51:52,112 - Chunk has been for Lamotrigine - INFO
2026-07-31 19:51:52,667 - Chunk has been for lamotrigine - INFO
2026-07-31 19:51:53,217 - Chunk has been for VALPROIC ACID - INFO
2026-07-31 19:51:53,947 - Chunk has been for Lamotrigine - INFO
2026-07-31 19:51:54,617 - Chunk has been for Lamotrigine - INFO
2026-07-31 19:51:55,030 - Chunk has been for vigabatrin - INFO
2026-07-31 19:51:55,543 - Chunk has been for vigabatrin - INFO
2026-07-31 19:51:56,235 - Chunk has been for Lamotrigine - INFO
2026-07-31 19:51:56,915 - Chunk has been for Lamotrigine - INFO
2026-07-31 19:51:57,471 - Chunk has been for lamotrigine - INFO
2026-07-31 19:51:58,168 - Chunk has been for Lamotrigine - INFO
2026-07-31 19:51:58,846 - Chunk has been for Lamotrigine - INFO
2026-07-31 19:51:59,513 - Chunk has been for SUBVENITE - INFO
2026-07-31 19:52:00,081 - Chunk has been for valproic acid - INFO
2026-07-31 19:52:00,642 - Chunk has been for VALPROIC ACID - INFO
2026-07-31 19:52:01,315 - Chunk has been for Lamotrigine - INFO
2026-07-31 19:52:02,002 - Chunk has been for Lamotrigine - INFO
2026-07-31 19:52:02,496 - Chunk has been for VIGABATRIN - INFO
2026-07-31 19:52:03,096 - Chunk has been for LAMOTRIGINE - INFO
2026-07-31 19:52:03,555 - Chunk has been for vigabatrin - INFO
2026-07-31 19:52:04,256 - Chunk has been for Lamotrigine - INFO
2026-07-31 19:52:04,820 - Chunk has been for Valproic Acid - INFO
2026-07-31 19:52:05,374 - Chunk has been for Lamotrigine - INFO
2026-07-31 19:52:06,041 - Chunk has been for Lamotrigine - INFO
2026-07-31 19:52:06,364 - Chunk has been for VIGAFYDE - INFO
2026-07-31 19:52:06,756 - Chunk has been for Vigabatrin - INFO
2026-07-31 19:52:07,424 - Chunk has been for Lamotrigine - INFO
2026-07-31 19:52:07,903 - Chunk has been for Vigabatrin - INFO
2026-07-31 19:52:08,398 - Chunk has been for Vigabatrin - INFO
2026-07-31 19:52:08,950 - Chunk has been for Lamotrigine - INFO
2026-07-31 19:52:09,640 - Chunk has been for Lamotrigine - INFO
2026-07-31 19:52:10,427 - Chunk has been for Lamotrigine - INFO
2026-07-31 19:52:10,983 - Chunk has been for Lamotrigine - INFO
2026-07-31 19:52:11,532 - Chunk has been for Lamotrigine - INFO
2026-07-31 19:52:12,228 - Chunk has been for Lamotrigine - INFO
2026-07-31 19:52:12,796 - Chunk has been for Valproic Acid - INFO
2026-07-31 19:52:13,472 - Chunk has been for Lamotrigine - INFO
2026-07-31 19:52:14,132 - Chunk has been for lamotrigine - INFO
2026-07-31 19:52:14,809 - Chunk has been for Lamotrigine - INFO
2026-07-31 19:52:15,401 - Chunk has been for Lamotrigine - INFO
2026-07-31 19:52:16,029 - Chunk has been for Lamotrigine - INFO
2026-07-31 19:52:16,533 - Chunk has been for vigabatrin for oral solution - INFO
2026-07-31 19:52:17,245 - Chunk has been for Lamotrigine - INFO
2026-07-31 19:52:17,947 - Chunk has been for LAMOTRIGINE - INFO
2026-07-31 19:52:18,450 - Chunk has been for Vigabatrin - INFO
2026-07-31 19:52:19,103 - Chunk has been for Lamotrigine - INFO
2026-07-31 19:52:19,599 - Chunk has been for vigabatrin - INFO
2026-07-31 19:52:20,169 - Chunk has been for Valproic Acid - INFO
2026-07-31 19:52:20,733 - Chunk has been for Valproic - INFO
2026-07-31 19:52:21,408 - Chunk has been for Lamotrigine - INFO
2026-07-31 19:52:22,091 - Chunk has been for Lamotrigine - INFO
2026-07-31 19:52:22,652 - Chunk has been for Lamotrigine Extended-Release - INFO
2026-07-31 19:52:23,385 - Chunk has been for LAMICTAL, LAMICTAL ODT - INFO
2026-07-31 19:52:23,944 - Chunk has been for VALPROIC ACID - INFO
2026-07-31 19:52:24,639 - Chunk has been for Lamotrigine - INFO
2026-07-31 19:52:25,317 - Chunk has been for Lamotrigine - INFO
2026-07-31 19:52:26,015 - Chunk has been for Lamotrigine - INFO
2026-07-31 19:52:26,575 - Chunk has been for Lamotrigine - INFO
2026-07-31 19:52:27,280 - Chunk has been for Lamotrigine - INFO
2026-07-31 19:52:27,999 - Chunk has been for Lamotrigine - INFO
2026-07-31 19:52:28,651 - Chunk has been for Lamotrigine - INFO
2026-07-31 19:52:29,320 - Chunk has been for Lamotrigine - INFO
2026-07-31 19:52:29,876 - Chunk has been for lamotrigine - INFO
2026-07-31 19:52:30,382 - Chunk has been for VIGABATRIN - INFO
2026-07-31 19:52:31,086 - Chunk has been for Lamotrigine - INFO
2026-07-31 19:52:31,499 - Chunk has been for vigabatrin - INFO
2026-07-31 19:52:32,058 - Chunk has been for Lamotrigine - INFO
2026-07-31 19:52:32,634 - Chunk has been for Valproic Acid - INFO
2026-07-31 19:52:33,136 - Chunk has been for VIGABATRIN - INFO
2026-07-31 19:52:33,826 - Chunk has been for LAMOTRIGINE - INFO
2026-07-31 19:52:34,536 - Chunk has been for Lamotrigine - INFO
2026-07-31 19:52:35,214 - Chunk has been for Lamotrigine - INFO
2026-07-31 19:52:35,999 - Chunk has been for Vigabatrin - INFO
2026-07-31 19:52:36,714 - Chunk has been for LAMOTRIGINE - INFO
2026-07-31 19:52:37,259 - Chunk has been for lamotrigine - INFO
2026-07-31 19:52:37,837 - Chunk has been for Lamotrigine - INFO
2026-07-31 19:52:38,384 - Chunk has been for Lamotrigine - INFO
2026-07-31 19:52:38,946 - Chunk has been for Lamotrigine Extended Release - INFO
2026-07-31 19:52:39,490 - Chunk has been for Lamotrigine - INFO
2026-07-31 19:52:39,729 - Chunk has been for ENTRESTO - INFO
2026-07-31 19:52:39,975 - Chunk has been for Valsartan - INFO
2026-07-31 19:52:40,219 - Chunk has been for Valsartan - INFO
2026-07-31 19:52:40,449 - Chunk has been for Valsartan and Hydrochlorothiazide - INFO
2026-07-31 19:52:40,688 - Chunk has been for Sacubitril and Valsartan - INFO
2026-07-31 19:52:40,933 - Chunk has been for Valsartan - INFO
2026-07-31 19:52:41,054 - Chunk has been for IRBESARTAN - INFO
2026-07-31 19:52:41,188 - Chunk has been for Irbesartan - INFO
2026-07-31 19:52:41,433 - Chunk has been for Valsartan - INFO
2026-07-31 19:52:41,674 - Chunk has been for Valsartan and Hydrochlorothiazide - INFO
2026-07-31 19:52:41,890 - Chunk has been for telmisartan - INFO
2026-07-31 19:52:42,016 - Chunk has been for Irbesartan - INFO
2026-07-31 19:52:42,251 - Chunk has been for Avalide - INFO
2026-07-31 19:52:42,375 - Chunk has been for Irbesartan - INFO
2026-07-31 19:52:42,682 - Chunk has been for Valsartan - INFO
2026-07-31 19:52:42,918 - Chunk has been for Sacubitril and Valsartan - INFO
2026-07-31 19:52:43,168 - Chunk has been for Valsartan - INFO
2026-07-31 19:52:43,374 - Chunk has been for ENTRESTO - INFO
2026-07-31 19:52:43,584 - Chunk has been for ENTRESTO - INFO
2026-07-31 19:52:43,791 - Chunk has been for ENTRESTO - INFO
2026-07-31 19:52:44,107 - Chunk has been for Telmisartan and Amlodipine - INFO
2026-07-31 19:52:44,343 - Chunk has been for Valsartan and Hydrochlorothiazide - INFO
2026-07-31 19:52:44,613 - Chunk has been for Irbesartan and Hydrochlorothiazide - INFO
2026-07-31 19:52:44,860 - Chunk has been for Irbesartan and Hydrochlorothiazide - INFO
2026-07-31 19:52:45,104 - Chunk has been for Exforge HCT - INFO
2026-07-31 19:52:45,340 - Chunk has been for Valsartan and Hydrochlorothiazide - INFO
2026-07-31 19:52:45,457 - Chunk has been for Irbesartan - INFO
2026-07-31 19:52:45,706 - Chunk has been for Valsartan and Hydrochlorothiazide - INFO
2026-07-31 19:52:46,043 - Chunk has been for amlodipine,valsartan and hydrochlorothiazide - INFO
2026-07-31 19:52:46,297 - Chunk has been for Valsartan and Hydrochlorothiazide - INFO
2026-07-31 19:52:46,434 - Chunk has been for Irbesartan - INFO
2026-07-31 19:52:46,682 - Chunk has been for Amlodipine and Valsartan - INFO
2026-07-31 19:52:46,816 - Chunk has been for Irbesartan - INFO
2026-07-31 19:52:46,946 - Chunk has been for Irbesartan - INFO
2026-07-31 19:52:47,197 - Chunk has been for Valsartan - INFO
2026-07-31 19:52:47,431 - Chunk has been for telmisartan - INFO
2026-07-31 19:52:47,620 - Chunk has been for Sacubitril and Valsartan - INFO
2026-07-31 19:52:47,754 - Chunk has been for telmisartan - INFO
2026-07-31 19:52:47,895 - Chunk has been for Irbesartan - INFO
2026-07-31 19:52:48,149 - Chunk has been for Amlodipine and Valsartan - INFO
2026-07-31 19:52:48,324 - Chunk has been for Telmisartan - INFO
2026-07-31 19:52:48,567 - Chunk has been for Valsartan and Hydrochlorothiazide - INFO
2026-07-31 19:52:48,826 - Chunk has been for Valsartan and Hydrochlorothiazide - INFO
2026-07-31 19:52:49,019 - Chunk has been for Sacubitril and Valsartan - INFO
2026-07-31 19:52:49,207 - Chunk has been for Sacubitril and Valsartan - INFO
2026-07-31 19:52:49,451 - Chunk has been for Valsartan - INFO
2026-07-31 19:52:49,678 - Chunk has been for Telmisartan - INFO
2026-07-31 19:52:49,871 - Chunk has been for Sacubitril and Valsartan - INFO
2026-07-31 19:52:50,144 - Chunk has been for Valsartan and Hydrochlorothiazide - INFO
2026-07-31 19:52:50,340 - Chunk has been for Sacubitril and Valsartan - INFO
2026-07-31 19:52:50,580 - Chunk has been for Sacubitril and Valsartan - INFO
2026-07-31 19:52:50,706 - Chunk has been for Irbesartan - INFO
2026-07-31 19:52:50,903 - Chunk has been for Sacubitril and Valsartan - INFO
2026-07-31 19:52:51,123 - Chunk has been for telmisartan - INFO
2026-07-31 19:52:51,351 - Chunk has been for sacubitril and valsartan - INFO
2026-07-31 19:52:51,607 - Chunk has been for Irbesartan and Hydrochlorothiazide - INFO
2026-07-31 19:52:51,846 - Chunk has been for Sacubitril and Valsartan - INFO
2026-07-31 19:52:52,087 - Chunk has been for Sacubitril and Valsartan - INFO
2026-07-31 19:52:52,322 - Chunk has been for Sacubitril and Valsartan - INFO
2026-07-31 19:52:52,555 - Chunk has been for Valsartan and Hydrochlorothiazide - INFO
2026-07-31 19:52:52,686 - Chunk has been for Telmisartan - INFO
2026-07-31 19:52:52,942 - Chunk has been for Valsartan - INFO
2026-07-31 19:52:53,194 - Chunk has been for sacubitril and valsartan - INFO
2026-07-31 19:52:53,481 - Chunk has been for Sacubitril and Valsartan - INFO
2026-07-31 19:52:53,723 - Chunk has been for Irbesartan and Hydrochlorothiazide - INFO
2026-07-31 19:52:53,967 - Chunk has been for Valsartan - INFO
2026-07-31 19:52:54,149 - Chunk has been for Telmisartan - INFO
2026-07-31 19:52:54,383 - Chunk has been for Amlodipine and Valsartan - INFO
2026-07-31 19:52:54,603 - Chunk has been for telmisartan - INFO
2026-07-31 19:52:54,782 - Chunk has been for Telmisartan - INFO
2026-07-31 19:52:55,030 - Chunk has been for Telmisartan - INFO
2026-07-31 19:52:55,260 - Chunk has been for sacubitril and valsartan - INFO
2026-07-31 19:52:55,444 - Chunk has been for telmisartan - INFO
2026-07-31 19:52:55,678 - Chunk has been for valsartan - INFO
2026-07-31 19:52:55,805 - Chunk has been for Irbesartan - INFO
2026-07-31 19:52:55,954 - Chunk has been for Irbesartan - INFO
2026-07-31 19:52:56,206 - Chunk has been for Amlodipine, Valsartan and Hydrochlorothiazide - INFO
2026-07-31 19:52:56,447 - Chunk has been for Diovan - INFO
2026-07-31 19:52:56,702 - Chunk has been for amlodipine and valsartan - INFO
2026-07-31 19:52:56,946 - Chunk has been for Irbesartan and Hydrochlorothiazide - INFO
2026-07-31 19:52:57,189 - Chunk has been for Valsartan - INFO
2026-07-31 19:52:57,441 - Chunk has been for Sacubitril and valsartan - INFO
2026-07-31 19:52:57,624 - Chunk has been for Telmisartan - INFO
2026-07-31 19:52:57,811 - Chunk has been for Telmisartan and Hydrochlorothiazide - INFO
2026-07-31 19:52:58,054 - Chunk has been for Valsartan - INFO
2026-07-31 19:52:58,297 - Chunk has been for Amlodipine and Valsartan - INFO
2026-07-31 19:52:58,541 - Chunk has been for Valsartan and Hydrochlorothiazide - INFO
2026-07-31 19:52:58,787 - Chunk has been for Valsartan - INFO
2026-07-31 19:52:59,061 - Chunk has been for Valsartan - INFO
2026-07-31 19:52:59,320 - Chunk has been for Valsartan - INFO
2026-07-31 19:52:59,587 - Chunk has been for Amlodipine, Valsartan and Hydrochlorothiazide - INFO
2026-07-31 19:52:59,851 - Chunk has been for Valsartan - INFO
2026-07-31 19:53:00,095 - Chunk has been for Sacubitril and Valsartan - INFO
2026-07-31 19:53:00,338 - Chunk has been for Valsartan - INFO
2026-07-31 19:53:00,600 - Chunk has been for Valsartan and Hydrochlorothiazide - INFO
2026-07-31 19:53:00,806 - Chunk has been for sacubitril and valsartan - INFO
2026-07-31 19:53:01,063 - Chunk has been for Valsartan and Hydrochlorothiazide - INFO
2026-07-31 19:53:01,301 - Chunk has been for Telmisartan - INFO
2026-07-31 19:53:01,422 - Chunk has been for Avapro - INFO
2026-07-31 19:53:01,666 - Chunk has been for Valsartan and Hydrochlorothiazide - INFO
2026-07-31 19:53:01,921 - Chunk has been for Valsartan - INFO
2026-07-31 19:53:02,167 - Chunk has been for Valsartan - INFO
2026-07-31 19:53:02,498 - Chunk has been for Valsartan - INFO
2026-07-31 19:53:02,805 - Chunk has been for Sacubitril and Valsartan - INFO
2026-07-31 19:53:02,941 - Chunk has been for Irbesartan - INFO
2026-07-31 19:53:03,200 - Chunk has been for Valsartan - INFO
2026-07-31 19:53:03,450 - Chunk has been for Amlodipine and valsartan - INFO
2026-07-31 19:53:03,686 - Chunk has been for valsartan - INFO
2026-07-31 19:53:03,917 - Chunk has been for sacubitril and valsartan - INFO
2026-07-31 19:53:04,102 - Chunk has been for Telmisartan - INFO
2026-07-31 19:53:04,350 - Chunk has been for Irbesartan and Hydrochlorothiazide - INFO
2026-07-31 19:53:04,484 - Chunk has been for IRBESARTAN - INFO
2026-07-31 19:53:04,729 - Chunk has been for Valsartan - INFO
2026-07-31 19:53:04,859 - Chunk has been for Irbesartan - INFO
2026-07-31 19:53:05,100 - Chunk has been for Valsartan and Hydrochlorothiazide - INFO
2026-07-31 19:53:05,218 - Chunk has been for Irbesartan - INFO
2026-07-31 19:53:05,403 - Chunk has been for Telmisartan - INFO
2026-07-31 19:53:05,641 - Chunk has been for Valsartan - INFO
2026-07-31 19:53:05,877 - Chunk has been for valsartan - INFO
2026-07-31 19:53:06,107 - Chunk has been for Irbesartan and Hydrochlorothiazide - INFO
2026-07-31 19:53:06,229 - Chunk has been for Irbesartan - INFO
2026-07-31 19:53:06,490 - Chunk has been for Valsartan - INFO
2026-07-31 19:53:06,714 - Chunk has been for telmisartan - INFO
2026-07-31 19:53:06,842 - Chunk has been for Irbesartan - INFO
2026-07-31 19:53:07,070 - Chunk has been for Valsartan and Hydrochlorothiazide - INFO
2026-07-31 19:53:07,315 - Chunk has been for Sacubitril and Valsartan - INFO
2026-07-31 19:53:07,553 - Chunk has been for Sacubitril and Valsartan - INFO
2026-07-31 19:53:07,943 - Chunk has been for AMLODIPINE, VALSARTAN, HYDROCHLOROTHIAZIDE - INFO
2026-07-31 19:53:08,076 - Chunk has been for Irbesartan - INFO
2026-07-31 19:53:08,255 - Chunk has been for Telmisartan - INFO
2026-07-31 19:53:08,499 - Chunk has been for Valsartan - INFO
2026-07-31 19:53:08,735 - Chunk has been for valsartan - INFO
2026-07-31 19:53:08,870 - Chunk has been for Telmisartan - INFO
2026-07-31 19:53:09,124 - Chunk has been for Valsartan and Hydrochlorothiazide - INFO
2026-07-31 19:53:09,313 - Chunk has been for Telmisartan - INFO
2026-07-31 19:53:09,557 - Chunk has been for Sacubitril and Valsartan - INFO
2026-07-31 19:53:09,784 - Chunk has been for Sacubitril and Valsartan - INFO
2026-07-31 19:53:10,014 - Chunk has been for WIDAPLIK - INFO
2026-07-31 19:53:10,200 - Chunk has been for Telmisartan - INFO
2026-07-31 19:53:10,328 - Chunk has been for Irbesartan - INFO
2026-07-31 19:53:10,571 - Chunk has been for Valsartan - INFO
2026-07-31 19:53:10,885 - Chunk has been for Valsartan and Hydrochlorothiazide - INFO
2026-07-31 19:53:11,221 - Chunk has been for Telmisartan and Amlodipine - INFO
2026-07-31 19:53:11,495 - Chunk has been for Amlodipine and Valsartan - INFO
2026-07-31 19:53:11,766 - Chunk has been for AMLODIPINE AND VALSARTAN - INFO
2026-07-31 19:53:12,008 - Chunk has been for VALSARTAN - INFO
2026-07-31 19:53:12,132 - Chunk has been for Irbesartan - INFO
2026-07-31 19:53:12,315 - Chunk has been for Micardis HCT - INFO
2026-07-31 19:53:12,566 - Chunk has been for Valsartan - INFO
2026-07-31 19:53:12,806 - Chunk has been for Sacubitril and Valsartan - INFO
2026-07-31 19:53:12,984 - Chunk has been for Telmisartan - INFO
2026-07-31 19:53:13,227 - Chunk has been for Valsartan - INFO
2026-07-31 19:53:13,360 - Chunk has been for Irbesartan - INFO
2026-07-31 19:53:13,492 - Chunk has been for Irbesartan - INFO
2026-07-31 19:53:13,765 - Chunk has been for Valsartan - INFO
2026-07-31 19:53:13,999 - Chunk has been for Valsartan and Hydrochlorothiazide - INFO
2026-07-31 19:53:14,184 - Chunk has been for Telmisartan - INFO
2026-07-31 19:53:14,434 - Chunk has been for Valsartan - INFO
2026-07-31 19:53:14,618 - Chunk has been for Telmisartan - INFO
2026-07-31 19:53:14,802 - Chunk has been for Telmisartan - INFO
2026-07-31 19:53:15,038 - Chunk has been for Valsartan and Hydrochlorothiazide - INFO
2026-07-31 19:53:15,276 - Chunk has been for Irbesartan and Hydrochlorothiazide - INFO
2026-07-31 19:53:15,457 - Chunk has been for Telmisartan - INFO
2026-07-31 19:53:15,640 - Chunk has been for Telmisartan - INFO
2026-07-31 19:53:15,886 - Chunk has been for Irbesartan and Hydrochlorothiazide - INFO
2026-07-31 19:53:16,221 - Chunk has been for Telmisartan and Amlodipine - INFO
2026-07-31 19:53:16,449 - Chunk has been for Exforge - INFO
2026-07-31 19:53:16,683 - Chunk has been for Telmisartan - INFO
2026-07-31 19:53:16,918 - Chunk has been for Valsartan and Hydrochlorothiazide - INFO
2026-07-31 19:53:17,150 - Chunk has been for Valsartan and Hydrochlorothiazide - INFO
2026-07-31 19:53:17,407 - Chunk has been for Valsartan - INFO
2026-07-31 19:53:17,743 - Chunk has been for FILSPARI - INFO
2026-07-31 19:53:17,960 - Chunk has been for Valsartan and Hydrochlorothiazide - INFO
2026-07-31 19:53:18,186 - Chunk has been for Diovan HCT - INFO
2026-07-31 19:53:18,367 - Chunk has been for TELMISARTAN - INFO
2026-07-31 19:53:18,618 - Chunk has been for Sacubitril and Valsartan - INFO
2026-07-31 19:53:18,857 - Chunk has been for Valsartan and Hydrochlorothiazide - INFO
2026-07-31 19:53:19,095 - Chunk has been for valsartan - INFO
2026-07-31 19:53:19,354 - Chunk has been for Valsartan and Hydrochlorothiazide - INFO
2026-07-31 19:53:19,575 - Chunk has been for telmisartan - INFO
2026-07-31 19:53:19,812 - Chunk has been for Valsartan and Hydrochlorothiazide - INFO
2026-07-31 19:53:19,950 - Chunk has been for Irbesartan - INFO
2026-07-31 19:53:20,181 - Chunk has been for Valsartan and Hydrochlorothiazide - INFO
2026-07-31 19:53:20,426 - Chunk has been for AMLODIPINE AND VALSARTAN - INFO
2026-07-31 19:53:20,557 - Chunk has been for Telmisartan - INFO
2026-07-31 19:53:20,803 - Chunk has been for Valsartan and Hydrochlorothiazide - INFO
2026-07-31 19:53:20,991 - Chunk has been for Telmisartan - INFO
2026-07-31 19:53:21,231 - Chunk has been for valsartan - INFO
2026-07-31 19:53:21,476 - Chunk has been for Sacubitril and Valsartan - INFO
2026-07-31 19:53:21,717 - Chunk has been for sacubitril and valsartan - INFO
2026-07-31 19:53:21,949 - Chunk has been for telmisartan - INFO
2026-07-31 19:53:22,179 - Chunk has been for Irbesartan and Hydrochlorothiazide - INFO
2026-07-31 19:53:22,367 - Chunk has been for Telmisartan and Hydrochlorothiazide - INFO
2026-07-31 19:53:22,619 - Chunk has been for Irbesartan and Hydrochlorothiazide - INFO
2026-07-31 19:53:22,757 - Chunk has been for Irbesartan - INFO
2026-07-31 19:53:23,137 - Chunk has been for AMLODIPINE, VALSARTAN, HYDROCHLOROTHIAZIDE - INFO
2026-07-31 19:53:23,322 - Chunk has been for Telmisartan - INFO
2026-07-31 19:53:23,576 - Chunk has been for Valsartan and Hydrochlorothiazide - INFO
2026-07-31 19:53:23,819 - Chunk has been for Sacubitril and Valsartan - INFO
2026-07-31 19:53:23,953 - Chunk has been for Irbesartan - INFO
2026-07-31 19:53:24,192 - Chunk has been for Valsartan and Hydrochlorothiazide - INFO
2026-07-31 19:53:24,314 - Chunk has been for Irbesartan - INFO
2026-07-31 19:53:24,500 - Chunk has been for Telmisartan - INFO
2026-07-31 19:53:24,726 - Chunk has been for Valsartan and Hydrochlorothiazide - INFO
2026-07-31 19:53:24,992 - Chunk has been for Valsartan and Hydrochlorothiazide - INFO
2026-07-31 19:53:25,243 - Chunk has been for Valsartan - INFO
2026-07-31 19:53:25,489 - Chunk has been for Sacubitril and Valsartan - INFO
2026-07-31 19:53:25,737 - Chunk has been for Valsartan - INFO
2026-07-31 19:53:25,970 - Chunk has been for Sacubitril and Valsartan Sacubitril and Valsartan - INFO
2026-07-31 19:53:26,225 - Chunk has been for Valsartan - INFO
2026-07-31 19:53:26,446 - Chunk has been for telmisartan - INFO
2026-07-31 19:53:26,695 - Chunk has been for Valsartan - INFO
2026-07-31 19:53:26,943 - Chunk has been for Valsartan and Hydrochlorothiazide - INFO
2026-07-31 19:53:27,242 - Chunk has been for Valsartan - INFO
2026-07-31 19:53:27,373 - Chunk has been for Irbesartan - INFO
2026-07-31 19:53:27,621 - Chunk has been for Amlodipine and Valsartan - INFO
2026-07-31 19:53:27,806 - Chunk has been for Telmisartan - INFO
2026-07-31 19:53:28,127 - Chunk has been for glyburide and metformin hydrochloride - INFO
2026-07-31 19:53:28,371 - Chunk has been for Glyburide and Metformin Hydrochloride - INFO
2026-07-31 19:53:28,684 - Chunk has been for glyburide-metformin hydrochloride - INFO
2026-07-31 19:53:28,921 - Chunk has been for Glyburide and Metformin Hydrochloride - INFO
2026-07-31 19:53:29,167 - Chunk has been for Glyburide and Metformin Hydrochloride - INFO
2026-07-31 19:53:29,402 - Chunk has been for Glyburide and Metformin Hydrochloride - INFO
2026-07-31 19:53:29,715 - Chunk has been for glyburide-metformin hydrochloride - INFO
2026-07-31 19:53:30,034 - Chunk has been for glyburide-metformin hydrochloride - INFO
2026-07-31 19:53:30,294 - Chunk has been for Glyburide and Metformin Hydrochloride - INFO
2026-07-31 19:53:30,538 - Chunk has been for Glyburide and Metformin Hydrochloride - INFO
2026-07-31 19:53:30,864 - Chunk has been for glyburide-metformin hydrochloride - INFO
2026-07-31 19:53:31,186 - Chunk has been for glyburide-metformin hydrochloride - INFO
2026-07-31 19:53:31,412 - Chunk has been for Glyburide and Metformin Hydrochloride - INFO
2026-07-31 19:53:31,641 - Chunk has been for Glyburide and Metformin Hydrochloride - INFO
2026-07-31 19:53:31,881 - Chunk has been for Glyburide and Metformin Hydrochloride - INFO
2026-07-31 19:53:32,200 - Chunk has been for glyburide and metformin hydrochloride - INFO
2026-07-31 19:53:32,679 - Chunk has been for pioglitazone and glimepiride - INFO
2026-07-31 19:53:32,990 - Chunk has been for glyburide-metformin hydrochloride - INFO
2026-07-31 19:53:33,449 - Chunk has been for Duetact - INFO
2026-07-31 19:53:33,766 - Chunk has been for glyburide-metformin hydrochloride - INFO
2026-07-31 19:53:34,095 - Chunk has been for Estradiol - INFO
2026-07-31 19:53:34,415 - Chunk has been for LYLLANA - INFO
2026-07-31 19:53:34,688 - Chunk has been for ESTRADIOL - INFO
2026-07-31 19:53:34,935 - Chunk has been for IMVEXXY - INFO
2026-07-31 19:53:35,257 - Chunk has been for norelgestromin and ethinyl estradiol - INFO
2026-07-31 19:53:35,570 - Chunk has been for Estradiol - INFO
2026-07-31 19:53:35,872 - Chunk has been for Estradiol and Norethindrone Acetate - INFO
2026-07-31 19:53:36,185 - Chunk has been for Climara Pro - INFO
2026-07-31 19:53:36,441 - Chunk has been for NuvaRing - INFO
2026-07-31 19:53:36,633 - Chunk has been for Estradiol - INFO
2026-07-31 19:53:36,959 - Chunk has been for Estradiol - INFO
2026-07-31 19:53:37,265 - Chunk has been for Climara - INFO
2026-07-31 19:53:37,610 - Chunk has been for Premarin - INFO
2026-07-31 19:53:37,977 - Chunk has been for PREMARIN - INFO
2026-07-31 19:53:38,298 - Chunk has been for Norethindrone Acetate and Ethinyl Estradiol - INFO
2026-07-31 19:53:38,569 - Chunk has been for YUVAFEM - INFO
2026-07-31 19:53:38,887 - Chunk has been for Estradiol - INFO
2026-07-31 19:53:39,174 - Chunk has been for Estradiol - INFO
2026-07-31 19:53:39,493 - Chunk has been for Norelgestromin and Ethinly Estradiol - INFO
2026-07-31 19:53:39,664 - Chunk has been for ESTRADIOL - INFO
2026-07-31 19:53:39,982 - Chunk has been for Estradiol / Norethindrone Acetate - INFO
2026-07-31 19:53:40,273 - Chunk has been for Estradiol and Norethindrone Acetate - INFO
2026-07-31 19:53:40,530 - Chunk has been for NUVARING - INFO
2026-07-31 19:53:40,851 - Chunk has been for DOTTI - INFO
2026-07-31 19:53:41,118 - Chunk has been for ESTRADIOL - INFO
2026-07-31 19:53:41,376 - Chunk has been for NuvaRing - INFO
2026-07-31 19:53:41,521 - Chunk has been for DIVIGEL - INFO
2026-07-31 19:53:41,857 - Chunk has been for Vivelle-Dot - INFO
2026-07-31 19:53:42,152 - Chunk has been for ZAFEMY - INFO
2026-07-31 19:53:42,512 - Chunk has been for Estradiol - INFO
2026-07-31 19:53:42,800 - Chunk has been for estradiol - INFO
2026-07-31 19:53:43,078 - Chunk has been for ESTRADIOL - INFO
2026-07-31 19:53:43,387 - Chunk has been for Minivelle - INFO
2026-07-31 19:53:43,637 - Chunk has been for Imvexxy - INFO
2026-07-31 19:53:43,962 - Chunk has been for estrogens, conjugated - INFO
2026-07-31 19:53:44,282 - Chunk has been for DOTTI - INFO
2026-07-31 19:53:44,644 - Chunk has been for Angeliq - INFO
2026-07-31 19:53:44,925 - Chunk has been for EstroGel - INFO
2026-07-31 19:53:45,223 - Chunk has been for ZAFEMY - INFO
2026-07-31 19:53:45,543 - Chunk has been for Fyavolv - INFO
2026-07-31 19:53:45,876 - Chunk has been for DOTTI - INFO
2026-07-31 19:53:46,148 - Chunk has been for Estradiol - INFO
2026-07-31 19:53:46,486 - Chunk has been for Estradiol - INFO
2026-07-31 19:53:46,770 - Chunk has been for ESTRADIOL VAGINAL INSERTS - INFO
2026-07-31 19:53:47,045 - Chunk has been for Estradiol - INFO
2026-07-31 19:53:47,345 - Chunk has been for Premarin Vaginal - INFO
2026-07-31 19:53:47,524 - Chunk has been for Estradiol - INFO
2026-07-31 19:53:47,902 - Chunk has been for LOPREEZA - INFO
2026-07-31 19:53:48,226 - Chunk has been for DOTTI - INFO
2026-07-31 19:53:48,528 - Chunk has been for Evamist - INFO
2026-07-31 19:53:48,870 - Chunk has been for Premarin - INFO
2026-07-31 19:53:49,152 - Chunk has been for Menostar - INFO
2026-07-31 19:53:49,434 - Chunk has been for Etonogestrel and Ethinyl Estradiol - INFO
2026-07-31 19:53:49,746 - Chunk has been for XULANE - INFO
2026-07-31 19:53:50,064 - Chunk has been for Etyqa - INFO
2026-07-31 19:53:50,385 - Chunk has been for DOTTI - INFO
2026-07-31 19:53:50,717 - Chunk has been for estrogens, conjugated - INFO
2026-07-31 19:53:51,028 - Chunk has been for Mimvey - INFO
2026-07-31 19:53:51,349 - Chunk has been for Estradiol - INFO
2026-07-31 19:53:51,655 - Chunk has been for Twirla - INFO
2026-07-31 19:53:51,962 - Chunk has been for Lopreeza - INFO
2026-07-31 19:53:52,276 - Chunk has been for Estradiol - INFO
2026-07-31 19:53:52,606 - Chunk has been for Estradiol - INFO
2026-07-31 19:53:52,887 - Chunk has been for EluRyng - INFO
2026-07-31 19:53:53,203 - Chunk has been for Estradiol Transdermal System - INFO
2026-07-31 19:53:53,540 - Chunk has been for Conjugated Estrogens - INFO
2026-07-31 19:53:53,856 - Chunk has been for Norethindrone Acetate and Ethinyl Estradiol - INFO
2026-07-31 19:53:54,203 - Chunk has been for Estradiol - INFO
2026-07-31 19:53:54,477 - Chunk has been for Estradiol Gel - INFO
2026-07-31 19:53:54,855 - Chunk has been for Activella - INFO
2026-07-31 19:53:55,171 - Chunk has been for Jinteli - INFO
2026-07-31 19:53:55,442 - Chunk has been for Estradiol - INFO
2026-07-31 19:53:55,855 - Chunk has been for estradiol - INFO
2026-07-31 19:53:56,183 - Chunk has been for ABIGALE LO, ABIGALE - INFO
2026-07-31 19:53:56,439 - Chunk has been for NUVARING - INFO
2026-07-31 19:53:56,754 - Chunk has been for Estradiol / Norethindrone Acetate - INFO
2026-07-31 19:53:57,003 - Chunk has been for Duavee - INFO
2026-07-31 19:53:57,257 - Chunk has been for Duavee - INFO
2026-07-31 19:53:57,525 - Chunk has been for Vagifem - INFO
2026-07-31 19:53:57,800 - Chunk has been for ESTRADIOL - INFO
2026-07-31 19:53:58,145 - Chunk has been for Estradiol - INFO
2026-07-31 19:53:58,298 - Chunk has been for Estradiol - INFO
2026-07-31 19:53:58,647 - Chunk has been for Estradiol - INFO
2026-07-31 19:53:58,931 - Chunk has been for ESTRADIOL - INFO
2026-07-31 19:53:59,257 - Chunk has been for Estradiol - INFO
2026-07-31 19:53:59,526 - Chunk has been for Annovera - INFO
2026-07-31 19:53:59,844 - Chunk has been for Estradiol - INFO
2026-07-31 19:54:00,121 - Chunk has been for ELESTRIN - INFO
2026-07-31 19:54:00,405 - Chunk has been for Etonogestrel/Ethinyl Estradiol - INFO
2026-07-31 19:54:00,727 - Chunk has been for DOTTI - INFO
2026-07-31 19:54:01,036 - Chunk has been for Estradiol - INFO
2026-07-31 19:54:01,441 - Chunk has been for ESTRADIOL AND NORETHINDRONE ACETATE - INFO
2026-07-31 19:54:01,755 - Chunk has been for XULANE - INFO
2026-07-31 19:54:02,053 - Chunk has been for ZAFEMY - INFO
2026-07-31 19:54:02,339 - Chunk has been for Etonogestrel/Ethinyl Estradiol - INFO
2026-07-31 19:54:02,739 - Chunk has been for Prempro, Premphase - INFO
2026-07-31 19:54:02,987 - Chunk has been for Estradiol - INFO
2026-07-31 19:54:03,697 - Chunk has been for Lamotrigine - INFO
2026-07-31 19:54:04,376 - Chunk has been for SUBVENITE - INFO
2026-07-31 19:54:05,071 - Chunk has been for Lamotrigine - INFO
2026-07-31 19:54:05,770 - Chunk has been for Lamotrigine - INFO
2026-07-31 19:54:06,520 - Chunk has been for lamotrigine - INFO
2026-07-31 19:54:07,237 - Chunk has been for Lamotrigine - INFO
2026-07-31 19:54:07,841 - Chunk has been for Lamotrigine - INFO
2026-07-31 19:54:08,555 - Chunk has been for Lamotrigine - INFO
2026-07-31 19:54:09,125 - Chunk has been for Valproic Acid - INFO
2026-07-31 19:54:09,835 - Chunk has been for Lamotrigine - INFO
2026-07-31 19:54:10,550 - Chunk has been for Lamotrigine - INFO
2026-07-31 19:54:11,245 - Chunk has been for Lamotrigine - INFO
2026-07-31 19:54:12,174 - Chunk has been for Lamotrigine - INFO
2026-07-31 19:54:12,884 - Chunk has been for LAMOTRIGINE - INFO
2026-07-31 19:54:13,446 - Chunk has been for Valproic Acid - INFO
2026-07-31 19:54:14,135 - Chunk has been for Lamotrigine - INFO
2026-07-31 19:54:14,848 - Chunk has been for LAMOTRIGINE - INFO
2026-07-31 19:54:15,420 - Chunk has been for Valproic Acid - INFO
2026-07-31 19:54:15,974 - Chunk has been for Lamotrigine - INFO
2026-07-31 19:54:16,697 - Chunk has been for Lamotrigine - INFO
2026-07-31 19:54:17,407 - Chunk has been for LAMOTRIGINE - INFO
2026-07-31 19:54:18,107 - Chunk has been for Lamotrigine - INFO
2026-07-31 19:54:18,692 - Chunk has been for Valproic - INFO
2026-07-31 19:54:19,373 - Chunk has been for Lamotrigine - INFO
2026-07-31 19:54:19,954 - Chunk has been for Lamotrigine - INFO
2026-07-31 19:54:20,491 - Chunk has been for Valproic Acid - INFO
2026-07-31 19:54:21,208 - Chunk has been for Lamotrigine - INFO
2026-07-31 19:54:21,742 - Chunk has been for valproic acid - INFO
2026-07-31 19:54:22,316 - Chunk has been for lamotrigine - INFO
2026-07-31 19:54:23,011 - Chunk has been for Lamotrigine - INFO
2026-07-31 19:54:23,547 - Chunk has been for LAMICTAL XR - INFO
2026-07-31 19:54:24,259 - Chunk has been for Lamotrigine - INFO
2026-07-31 19:54:24,914 - Chunk has been for Lamotrigine - INFO
2026-07-31 19:54:25,479 - Chunk has been for Valproic Acid - INFO
2026-07-31 19:54:26,181 - Chunk has been for LAMOTRIGINE Kit, LAMOTRIGINE - INFO
2026-07-31 19:54:26,808 - Chunk has been for Lamotrigine - INFO
2026-07-31 19:54:27,374 - Chunk has been for VALPROIC ACID - INFO
2026-07-31 19:54:28,075 - Chunk has been for Lamotrigine - INFO
2026-07-31 19:54:28,792 - Chunk has been for Lamotrigine - INFO
2026-07-31 19:54:29,354 - Chunk has been for Lamotrigine - INFO
2026-07-31 19:54:30,516 - Chunk has been for Lamotrigine - INFO
2026-07-31 19:54:31,219 - Chunk has been for LAMOTRIGINE - INFO
2026-07-31 19:54:31,936 - Chunk has been for LAMOTRIGINE - INFO
2026-07-31 19:54:32,689 - Chunk has been for Lamotrigine - INFO
2026-07-31 19:54:33,369 - Chunk has been for Lamotrigine - INFO
2026-07-31 19:54:34,102 - Chunk has been for Lamotrigine - INFO
2026-07-31 19:54:34,662 - Chunk has been for Lamotrigine - INFO
2026-07-31 19:54:35,508 - Chunk has been for VALPROIC ACID - INFO
2026-07-31 19:54:36,195 - Chunk has been for Lamotrigine - INFO
2026-07-31 19:54:36,925 - Chunk has been for Lamotrigine - INFO
2026-07-31 19:54:37,657 - Chunk has been for Lamotrigine - INFO
2026-07-31 19:54:38,370 - Chunk has been for Lamotrigine - INFO
2026-07-31 19:54:39,055 - Chunk has been for Lamotrigine - INFO
2026-07-31 19:54:39,752 - Chunk has been for Lamotrigine - INFO
2026-07-31 19:54:40,458 - Chunk has been for Lamotrigine - INFO
2026-07-31 19:54:41,166 - Chunk has been for Lamotrigine - INFO
2026-07-31 19:54:41,884 - Chunk has been for Lamotrigine - INFO
2026-07-31 19:54:42,450 - Chunk has been for lamotrigine - INFO
2026-07-31 19:54:43,028 - Chunk has been for VALPROIC ACID - INFO
2026-07-31 19:54:43,756 - Chunk has been for Lamotrigine - INFO
2026-07-31 19:54:44,447 - Chunk has been for Lamotrigine - INFO
2026-07-31 19:54:45,172 - Chunk has been for Lamotrigine - INFO
2026-07-31 19:54:45,860 - Chunk has been for Lamotrigine - INFO
2026-07-31 19:54:46,419 - Chunk has been for lamotrigine - INFO
2026-07-31 19:54:47,140 - Chunk has been for Lamotrigine - INFO
2026-07-31 19:54:47,840 - Chunk has been for Lamotrigine - INFO
2026-07-31 19:54:48,531 - Chunk has been for SUBVENITE - INFO
2026-07-31 19:54:49,123 - Chunk has been for valproic acid - INFO
2026-07-31 19:54:49,691 - Chunk has been for VALPROIC ACID - INFO
2026-07-31 19:54:50,382 - Chunk has been for Lamotrigine - INFO
2026-07-31 19:54:51,079 - Chunk has been for Lamotrigine - INFO
2026-07-31 19:54:51,715 - Chunk has been for LAMOTRIGINE - INFO
2026-07-31 19:54:52,415 - Chunk has been for Lamotrigine - INFO
2026-07-31 19:54:52,996 - Chunk has been for Valproic Acid - INFO
2026-07-31 19:54:53,568 - Chunk has been for Lamotrigine - INFO
2026-07-31 19:54:54,253 - Chunk has been for Lamotrigine - INFO
2026-07-31 19:54:54,942 - Chunk has been for Lamotrigine - INFO
2026-07-31 19:54:55,502 - Chunk has been for Lamotrigine - INFO
2026-07-31 19:54:56,221 - Chunk has been for Lamotrigine - INFO
2026-07-31 19:54:57,003 - Chunk has been for Lamotrigine - INFO
2026-07-31 19:54:57,567 - Chunk has been for Lamotrigine - INFO
2026-07-31 19:54:58,141 - Chunk has been for Lamotrigine - INFO
2026-07-31 19:54:58,868 - Chunk has been for Lamotrigine - INFO
2026-07-31 19:54:59,472 - Chunk has been for Valproic Acid - INFO
2026-07-31 19:55:00,173 - Chunk has been for Lamotrigine - INFO
2026-07-31 19:55:00,845 - Chunk has been for lamotrigine - INFO
2026-07-31 19:55:01,555 - Chunk has been for Lamotrigine - INFO
2026-07-31 19:55:02,181 - Chunk has been for Lamotrigine - INFO
2026-07-31 19:55:02,843 - Chunk has been for Lamotrigine - INFO
2026-07-31 19:55:03,264 - Chunk has been for EQUETRO - INFO
2026-07-31 19:55:03,984 - Chunk has been for Lamotrigine - INFO
2026-07-31 19:55:04,701 - Chunk has been for LAMOTRIGINE - INFO
2026-07-31 19:55:05,360 - Chunk has been for Lamotrigine - INFO
2026-07-31 19:55:05,945 - Chunk has been for Valproic Acid - INFO
2026-07-31 19:55:06,525 - Chunk has been for Valproic - INFO
2026-07-31 19:55:07,223 - Chunk has been for Lamotrigine - INFO
2026-07-31 19:55:07,923 - Chunk has been for Lamotrigine - INFO
2026-07-31 19:55:08,484 - Chunk has been for Lamotrigine Extended-Release - INFO
2026-07-31 19:55:09,217 - Chunk has been for LAMICTAL, LAMICTAL ODT - INFO
2026-07-31 19:55:09,794 - Chunk has been for VALPROIC ACID - INFO
2026-07-31 19:55:10,501 - Chunk has been for Lamotrigine - INFO
2026-07-31 19:55:11,193 - Chunk has been for Lamotrigine - INFO
2026-07-31 19:55:11,926 - Chunk has been for Lamotrigine - INFO
2026-07-31 19:55:12,494 - Chunk has been for Lamotrigine - INFO
2026-07-31 19:55:13,198 - Chunk has been for Lamotrigine - INFO
2026-07-31 19:55:13,926 - Chunk has been for Lamotrigine - INFO
2026-07-31 19:55:14,591 - Chunk has been for Lamotrigine - INFO
2026-07-31 19:55:15,273 - Chunk has been for Lamotrigine - INFO
2026-07-31 19:55:15,853 - Chunk has been for lamotrigine - INFO
2026-07-31 19:55:16,558 - Chunk has been for Lamotrigine - INFO
2026-07-31 19:55:17,136 - Chunk has been for Lamotrigine - INFO
2026-07-31 19:55:17,725 - Chunk has been for Valproic Acid - INFO
2026-07-31 19:55:18,463 - Chunk has been for LAMOTRIGINE - INFO
2026-07-31 19:55:19,192 - Chunk has been for Lamotrigine - INFO
2026-07-31 19:55:19,898 - Chunk has been for Lamotrigine - INFO
2026-07-31 19:55:20,624 - Chunk has been for LAMOTRIGINE - INFO
2026-07-31 19:55:21,189 - Chunk has been for lamotrigine - INFO
2026-07-31 19:55:21,777 - Chunk has been for Lamotrigine - INFO
2026-07-31 19:55:22,344 - Chunk has been for Lamotrigine - INFO
2026-07-31 19:55:22,923 - Chunk has been for Lamotrigine Extended Release - INFO
2026-07-31 19:55:23,482 - Chunk has been for Lamotrigine - INFO
2026-07-31 19:55:23,674 - Chunk has been for Tretinoin - INFO
2026-07-31 19:55:24,054 - Chunk has been for Isotretinoin - INFO
2026-07-31 19:55:24,477 - Chunk has been for Isotretinoin - INFO
2026-07-31 19:55:24,697 - Chunk has been for Targretin - INFO
2026-07-31 19:55:24,841 - Chunk has been for Tretinoin - INFO
2026-07-31 19:55:25,073 - Chunk has been for Bexarotene - INFO
2026-07-31 19:55:25,473 - Chunk has been for Isotretinoin - INFO
2026-07-31 19:55:25,683 - Chunk has been for bexarotene - INFO
2026-07-31 19:55:25,904 - Chunk has been for Bexarotene - INFO
2026-07-31 19:55:26,347 - Chunk has been for Absorica LD, Absorica - INFO
2026-07-31 19:55:26,727 - Chunk has been for ISOTRETINOIN - INFO
2026-07-31 19:55:27,015 - Chunk has been for SOHONOS - INFO
2026-07-31 19:55:27,389 - Chunk has been for Isotretinoin - INFO
2026-07-31 19:55:27,594 - Chunk has been for Bexarotene - INFO
2026-07-31 19:55:27,784 - Chunk has been for Tretinoin - INFO
2026-07-31 19:55:27,982 - Chunk has been for Tretinoin - INFO
2026-07-31 19:55:28,387 - Chunk has been for Isotretinoin - INFO
2026-07-31 19:55:28,577 - Chunk has been for Tretinoin - INFO
2026-07-31 19:55:28,960 - Chunk has been for Isotretinoin - INFO
2026-07-31 19:55:29,170 - Chunk has been for Bexarotene - INFO
2026-07-31 19:55:29,403 - Chunk has been for Bexarotene - INFO
2026-07-31 19:55:29,776 - Chunk has been for Isotretinoin - INFO
2026-07-31 19:55:29,997 - Chunk has been for Bexarotene - INFO
2026-07-31 19:55:30,367 - Chunk has been for Isotretinoin - INFO
2026-07-31 19:55:30,550 - Chunk has been for Tindazole - INFO
2026-07-31 19:55:30,798 - Chunk has been for PYLERA - INFO
2026-07-31 19:55:30,950 - Chunk has been for Tinidazole - INFO
2026-07-31 19:55:31,247 - Chunk has been for Bismuth Subcitrate Potassium, Metronidazole and Tetracycline Hydrochloride - INFO
2026-07-31 19:55:31,540 - Chunk has been for Bismuth Subcitrate Potassium, Metronidazole and Tetracycline Hydrochloride - INFO
2026-07-31 19:55:31,794 - Chunk has been for PYLERA - INFO
2026-07-31 19:55:32,038 - Chunk has been for Gablofen - INFO
2026-07-31 19:55:32,269 - Chunk has been for BACLOFEN - INFO
2026-07-31 19:55:32,504 - Chunk has been for Baclofen - INFO
2026-07-31 19:55:32,738 - Chunk has been for BACLOFEN - INFO
2026-07-31 19:55:33,049 - Chunk has been for Baclofen - INFO
2026-07-31 19:55:33,281 - Chunk has been for Allopurinol - INFO
2026-07-31 19:55:33,537 - Chunk has been for Febuxostat - INFO
2026-07-31 19:55:33,732 - Chunk has been for Febuxostat - INFO
2026-07-31 19:55:33,965 - Chunk has been for Febuxostat - INFO
2026-07-31 19:55:34,207 - Chunk has been for Febuxostat - INFO
2026-07-31 19:55:34,403 - Chunk has been for Febuxostat - INFO
2026-07-31 19:55:34,590 - Chunk has been for Febuxostat - INFO
2026-07-31 19:55:34,828 - Chunk has been for Febuxostat - INFO
2026-07-31 19:55:35,056 - Chunk has been for Febuxostat - INFO
2026-07-31 19:55:35,292 - Chunk has been for febuxostat - INFO
2026-07-31 19:55:35,490 - Chunk has been for Febuxostat - INFO
2026-07-31 19:55:35,684 - Chunk has been for FEBUXOSTAT - INFO
2026-07-31 19:55:35,920 - Chunk has been for FEBUXOSTAT - INFO
2026-07-31 19:55:36,113 - Chunk has been for ULORIC - INFO
2026-07-31 19:55:36,320 - Chunk has been for Allopurinol - INFO
2026-07-31 19:55:36,516 - Chunk has been for FEBUXOSTAT - INFO
2026-07-31 19:55:36,717 - Chunk has been for Febuxostat - INFO
2026-07-31 19:55:36,926 - Chunk has been for Allopurinol - INFO
2026-07-31 19:55:37,162 - Chunk has been for Febuxostat - INFO
2026-07-31 19:55:37,401 - Chunk has been for Febuxostat - INFO
2026-07-31 19:55:37,609 - Chunk has been for Febuxostat - INFO
2026-07-31 19:55:37,844 - Chunk has been for Febuxostat - INFO
2026-07-31 19:55:38,071 - Chunk has been for febuxostat - INFO
2026-07-31 19:55:38,304 - Chunk has been for Febuxostat - INFO
2026-07-31 19:55:38,502 - Chunk has been for Febuxostat - INFO
2026-07-31 19:55:38,749 - Chunk has been for Febuxostat - INFO
2026-07-31 19:55:38,933 - Chunk has been for Febuxostat - INFO
2026-07-31 19:55:39,166 - Chunk has been for Febuxostat - INFO
2026-07-31 19:55:39,379 - Chunk has been for Allopurinol - INFO
2026-07-31 19:55:39,607 - Chunk has been for febuxostat - INFO
2026-07-31 19:55:39,817 - Chunk has been for Allopurinol - INFO
2026-07-31 19:55:40,272 - Chunk has been for capecitabine - INFO
2026-07-31 19:55:40,487 - Chunk has been for NELARABINE - INFO
2026-07-31 19:55:40,935 - Chunk has been for Capecitabine - INFO
2026-07-31 19:55:41,374 - Chunk has been for capecitabine - INFO
2026-07-31 19:55:41,826 - Chunk has been for Capecitabine - INFO
2026-07-31 19:55:42,037 - Chunk has been for Arranon - INFO
2026-07-31 19:55:42,262 - Chunk has been for Nelarabine - INFO
2026-07-31 19:55:42,719 - Chunk has been for Capecitabine - INFO
2026-07-31 19:55:43,091 - Chunk has been for Capecitabine - INFO
2026-07-31 19:55:43,543 - Chunk has been for Capecitabine - INFO
2026-07-31 19:55:43,982 - Chunk has been for capecitabine - INFO
2026-07-31 19:55:44,439 - Chunk has been for Capecitabine - INFO
2026-07-31 19:55:44,881 - Chunk has been for Capecitabine - INFO
2026-07-31 19:55:45,097 - Chunk has been for Nelarabine - INFO
2026-07-31 19:55:45,545 - Chunk has been for Capecitabine - INFO
2026-07-31 19:55:45,785 - Chunk has been for Nelarabine - INFO
2026-07-31 19:55:46,257 - Chunk has been for Capecitabine 150mg - INFO
2026-07-31 19:55:46,707 - Chunk has been for CAPECITABINE - INFO
2026-07-31 19:55:47,150 - Chunk has been for Capecitabine - INFO
2026-07-31 19:55:47,365 - Chunk has been for Nelarabine - INFO
2026-07-31 19:55:47,583 - Chunk has been for Nelarabine - INFO
2026-07-31 19:55:47,814 - Chunk has been for Nelarabine - INFO
2026-07-31 19:55:48,035 - Chunk has been for NELARABINE - INFO
2026-07-31 19:55:48,536 - Chunk has been for CAPECITABINE - INFO
2026-07-31 19:55:48,991 - Chunk has been for Capecitabine - INFO
2026-07-31 19:55:49,208 - Chunk has been for NELARABINE - INFO
2026-07-31 19:55:49,658 - Chunk has been for Capecitabine - INFO
2026-07-31 19:55:50,102 - Chunk has been for Capecitabine - INFO
2026-07-31 19:55:50,320 - Chunk has been for Nelarabine - INFO
2026-07-31 19:55:50,756 - Chunk has been for XELODA - INFO
2026-07-31 19:55:51,195 - Chunk has been for Capecitabine 500mg - INFO
2026-07-31 19:55:51,406 - Chunk has been for Nelarabine - INFO
2026-07-31 19:55:51,620 - Chunk has been for Arranon - INFO
2026-07-31 19:55:51,911 - Chunk has been for OPSYNVI - INFO
2026-07-31 19:55:52,073 - Chunk has been for Tadalafil - INFO
2026-07-31 19:55:52,312 - Chunk has been for Amlodipine and Valsartan - INFO
2026-07-31 19:55:52,558 - Chunk has been for Amlodipine and Valsartan - INFO
2026-07-31 19:55:52,806 - Chunk has been for Amlodipine and Valsartan - INFO
2026-07-31 19:55:53,058 - Chunk has been for WIDAPLIK - INFO
2026-07-31 19:55:53,240 - Chunk has been for Edarbyclor - INFO
2026-07-31 19:55:53,872 - Chunk has been for sirolimus - INFO
2026-07-31 19:55:54,331 - Chunk has been for Pazopanib - INFO
2026-07-31 19:55:54,891 - Chunk has been for nilotinib - INFO
2026-07-31 19:55:55,289 - Chunk has been for CIBINQO - INFO
2026-07-31 19:55:55,915 - Chunk has been for Sirolimus - INFO
2026-07-31 19:55:56,551 - Chunk has been for Sirolimus - INFO
2026-07-31 19:55:57,044 - Chunk has been for Everolimus - INFO
2026-07-31 19:55:57,668 - Chunk has been for Sirolimus - INFO
2026-07-31 19:55:58,290 - Chunk has been for Sirolimus - INFO
2026-07-31 19:55:58,872 - Chunk has been for Nilotinib - INFO
2026-07-31 19:55:59,272 - Chunk has been for Cibinqo - INFO
2026-07-31 19:55:59,855 - Chunk has been for Sirolimus - INFO
2026-07-31 19:56:00,446 - Chunk has been for Everolimus - INFO
2026-07-31 19:56:01,021 - Chunk has been for everolimus - INFO
2026-07-31 19:56:01,597 - Chunk has been for nilotinib - INFO
2026-07-31 19:56:02,236 - Chunk has been for sirolimus - INFO
2026-07-31 19:56:02,789 - Chunk has been for sirolimus - INFO
2026-07-31 19:56:03,500 - Chunk has been for Sirolimus - INFO
2026-07-31 19:56:04,077 - Chunk has been for Everolimus - INFO
2026-07-31 19:56:04,708 - Chunk has been for Sirolimus - INFO
2026-07-31 19:56:05,320 - Chunk has been for Sirolimus - INFO
2026-07-31 19:56:05,954 - Chunk has been for Sirolimus - INFO
2026-07-31 19:56:06,876 - Chunk has been for Tofacitinib - INFO
2026-07-31 19:56:07,420 - Chunk has been for SIROLIMUS - INFO
2026-07-31 19:56:08,071 - Chunk has been for Nilotinib - INFO
2026-07-31 19:56:08,612 - Chunk has been for sirolimus - INFO
2026-07-31 19:56:09,189 - Chunk has been for Olumiant - INFO
2026-07-31 19:56:09,892 - Chunk has been for Nilotinib - INFO
2026-07-31 19:56:10,538 - Chunk has been for sirolimus - INFO
2026-07-31 19:56:11,166 - Chunk has been for Sirolimus - INFO
2026-07-31 19:56:12,223 - Chunk has been for Sirolimus - INFO
2026-07-31 19:56:12,859 - Chunk has been for sirolimus - INFO
2026-07-31 19:56:13,511 - Chunk has been for sirolimus - INFO
2026-07-31 19:56:13,972 - Chunk has been for Pazopanib - INFO
2026-07-31 19:56:14,529 - Chunk has been for Everolimus - INFO
2026-07-31 19:56:15,151 - Chunk has been for Sirolimus - INFO
2026-07-31 19:56:15,712 - Chunk has been for Everolimus - INFO
2026-07-31 19:56:16,310 - Chunk has been for DANZITEN - INFO
2026-07-31 19:56:16,879 - Chunk has been for Everolimus - INFO
2026-07-31 19:56:17,451 - Chunk has been for Zortress - INFO
2026-07-31 19:56:18,041 - Chunk has been for Nilotinib - INFO
2026-07-31 19:56:18,308 - Chunk has been for CAPRELSA - INFO
2026-07-31 19:56:18,946 - Chunk has been for sirolimus - INFO
2026-07-31 19:56:19,497 - Chunk has been for sirolimus - INFO
2026-07-31 19:56:20,119 - Chunk has been for Sirolimus - INFO
2026-07-31 19:56:20,442 - Chunk has been for norelgestromin and ethinyl estradiol - INFO
2026-07-31 19:56:20,781 - Chunk has been for Climara Pro - INFO
2026-07-31 19:56:21,055 - Chunk has been for NuvaRing - INFO
2026-07-31 19:56:21,373 - Chunk has been for Norelgestromin and Ethinly Estradiol - INFO
2026-07-31 19:56:21,726 - Chunk has been for Nexplanon - INFO
2026-07-31 19:56:21,991 - Chunk has been for NUVARING - INFO
2026-07-31 19:56:22,263 - Chunk has been for NuvaRing - INFO
2026-07-31 19:56:22,582 - Chunk has been for ZAFEMY - INFO
2026-07-31 19:56:22,945 - Chunk has been for Angeliq - INFO
2026-07-31 19:56:23,255 - Chunk has been for ZAFEMY - INFO
2026-07-31 19:56:23,546 - Chunk has been for Etonogestrel and Ethinyl Estradiol - INFO
2026-07-31 19:56:23,856 - Chunk has been for XULANE - INFO
2026-07-31 19:56:24,152 - Chunk has been for Twirla - INFO
2026-07-31 19:56:24,430 - Chunk has been for EluRyng - INFO
2026-07-31 19:56:24,690 - Chunk has been for NUVARING - INFO
2026-07-31 19:56:24,977 - Chunk has been for Etonogestrel/Ethinyl Estradiol - INFO
2026-07-31 19:56:25,308 - Chunk has been for XULANE - INFO
2026-07-31 19:56:25,605 - Chunk has been for ZAFEMY - INFO
2026-07-31 19:56:25,888 - Chunk has been for Etonogestrel/Ethinyl Estradiol - INFO
2026-07-31 19:56:26,079 - Chunk has been for LAMIVUDINE and ZIDOVUDINE - INFO
2026-07-31 19:56:26,446 - Chunk has been for Biktarvy - INFO
2026-07-31 19:56:26,929 - Chunk has been for DESCOVY - INFO
2026-07-31 19:56:27,330 - Chunk has been for Emtricitabine and tenofovir disoproxil fumarate - INFO
2026-07-31 19:56:27,521 - Chunk has been for COMBIVIR - INFO
2026-07-31 19:56:28,029 - Chunk has been for EMTRICITABINE AND TENOFOVIR DISOPROXIL FUMARATE - INFO
2026-07-31 19:56:28,492 - Chunk has been for Efavirenz, Emtricitabine And Tenofovir Disoproxil Fumarate - INFO
2026-07-31 19:56:28,732 - Chunk has been for Lamivudine - INFO
2026-07-31 19:56:29,086 - Chunk has been for Abacavir and Lamivudine - INFO
2026-07-31 19:56:29,497 - Chunk has been for Efavirenz, Lamivudine and Tenofovir Disoproxil Fumarate - INFO
2026-07-31 19:56:30,014 - Chunk has been for Emtricitabine and tenofovir disoproxil fumarate - INFO
2026-07-31 19:56:30,616 - Chunk has been for Triumeq, Triumeq PD - INFO
2026-07-31 19:56:30,882 - Chunk has been for Lamivudine - INFO
2026-07-31 19:56:31,387 - Chunk has been for EMTRICITABINE AND TENOFOVIR DISOPROXIL FUMARATE - INFO
2026-07-31 19:56:31,796 - Chunk has been for Emtricitabine and tenofovir disoproxil fumarate - INFO
2026-07-31 19:56:32,267 - Chunk has been for Genvoya - INFO
2026-07-31 19:56:32,506 - Chunk has been for LAMIVUDINE - INFO
2026-07-31 19:56:33,018 - Chunk has been for Emtricitabine and Tenofovir Disoproxil Fumarate - INFO
2026-07-31 19:56:33,487 - Chunk has been for Efavirenz, Emtricitabine and Tenofovir Disoproxil Fumarate - INFO
2026-07-31 19:56:33,751 - Chunk has been for Lamivudine - INFO
2026-07-31 19:56:33,977 - Chunk has been for Zidovudine - INFO
2026-07-31 19:56:34,410 - Chunk has been for Emtricitabine and tenofovir disoproxil fumarate - INFO
2026-07-31 19:56:34,894 - Chunk has been for Truvada - INFO
2026-07-31 19:56:35,337 - Chunk has been for Lamivudine - INFO
2026-07-31 19:56:35,573 - Chunk has been for Lamivudine - INFO
2026-07-31 19:56:36,087 - Chunk has been for Emtricitabine and Tenofovir Disoproxil Fumarate - INFO
2026-07-31 19:56:36,595 - Chunk has been for Emtricitabine and Tenofovir Disoproxil Fumarate - INFO
2026-07-31 19:56:36,790 - Chunk has been for Lamivudine and Zidovudine - INFO
2026-07-31 19:56:37,199 - Chunk has been for Emtricitabine and tenofovir disoproxil fumarate - INFO
2026-07-31 19:56:37,733 - Chunk has been for Emtricitabine and Tenofovir Disoproxil Fumarate - INFO
2026-07-31 19:56:37,961 - Chunk has been for Zidovudine - INFO
2026-07-31 19:56:38,411 - Chunk has been for Truvada - INFO
2026-07-31 19:56:38,881 - Chunk has been for Efavirenz, Emtricitabine and Tenofovir Disoproxil Fumarate - INFO
2026-07-31 19:56:39,067 - Chunk has been for Lamivudine and Zidovudine - INFO
2026-07-31 19:56:39,260 - Chunk has been for Lamivudine and Zidovudine - INFO
2026-07-31 19:56:39,646 - Chunk has been for Biktarvy - INFO
2026-07-31 19:56:39,974 - Chunk has been for Dovato - INFO
2026-07-31 19:56:40,210 - Chunk has been for RETROVIR - INFO
2026-07-31 19:56:40,454 - Chunk has been for LAMIVUDINE - INFO
2026-07-31 19:56:40,913 - Chunk has been for emtricitabine, rilpivirine and tenofovir disoproxil fumarate - INFO
2026-07-31 19:56:41,396 - Chunk has been for Stribild - INFO
2026-07-31 19:56:41,632 - Chunk has been for Lamivudine - INFO
2026-07-31 19:56:42,142 - Chunk has been for Emtricitabine and Tenofovir Disoproxil Fumarate - INFO
2026-07-31 19:56:42,653 - Chunk has been for Emtricitabine and tenofovir disoproxil fumarate - INFO
2026-07-31 19:56:43,162 - Chunk has been for Emtricitabine and Tenofovir Disoproxil Fumarate - INFO
2026-07-31 19:56:43,577 - Chunk has been for Emtricitabine and tenofovir disoproxil fumarate - INFO
2026-07-31 19:56:43,960 - Chunk has been for SYMFI - INFO
2026-07-31 19:56:44,407 - Chunk has been for Symtuza - INFO
2026-07-31 19:56:44,677 - Chunk has been for Lamivudine - INFO
2026-07-31 19:56:44,922 - Chunk has been for EPIVIR - INFO
2026-07-31 19:56:45,429 - Chunk has been for Emtricitabine and Tenofovir Disoproxil Fumarate - INFO
2026-07-31 19:56:45,951 - Chunk has been for Emtricitabine and Tenofovir Disoproxil Fumarate - INFO
2026-07-31 19:56:46,387 - Chunk has been for Efavirenz, Lamivudine and Tenofovir Disoproxil Fumarate - INFO
2026-07-31 19:56:46,608 - Chunk has been for Zidovudine - INFO
2026-07-31 19:56:46,804 - Chunk has been for emtricitabine - INFO
2026-07-31 19:56:47,027 - Chunk has been for CIMDUO - INFO
2026-07-31 19:56:47,545 - Chunk has been for Emtricitabine and Tenofovir Disoproxil Fumarate - INFO
2026-07-31 19:56:48,013 - Chunk has been for efavirenz, emtricitabine and tenofovir disoproxil fumarate - INFO
2026-07-31 19:56:48,249 - Chunk has been for Lamivudine - INFO
2026-07-31 19:56:48,481 - Chunk has been for Lamivudine - INFO
2026-07-31 19:56:48,944 - Chunk has been for Efavirenz, emtricitabine and tenofovir disoproxil fumarate - INFO
2026-07-31 19:56:49,455 - Chunk has been for Emtricitabine and Tenofovir Disoproxil Fumarate - INFO
2026-07-31 19:56:49,988 - Chunk has been for Emtricitabine and Tenofovir Disoproxil Fumarate - INFO
2026-07-31 19:56:50,233 - Chunk has been for Lamivudine - INFO
2026-07-31 19:56:50,732 - Chunk has been for Emtricitabine and Tenofovir Disoproxil Fumarate - INFO
2026-07-31 19:56:51,233 - Chunk has been for Emtricitabine and tenofovir disoproxil fumarate - INFO
2026-07-31 19:56:51,752 - Chunk has been for Emtricitabine and Tenofovir Disoproxil Fumarate - INFO
2026-07-31 19:56:51,991 - Chunk has been for Lamivudine - INFO
2026-07-31 19:56:52,302 - Chunk has been for Abacavir and Lamivudine - INFO
2026-07-31 19:56:52,530 - Chunk has been for Zidovudine - INFO
2026-07-31 19:56:52,848 - Chunk has been for DELSTRIGO - INFO
2026-07-31 19:56:53,034 - Chunk has been for Emtricitabine - INFO
2026-07-31 19:56:53,532 - Chunk has been for EMTRICITABINE AND TENOFOVIR DISOPROXIL FUMARATE - INFO
2026-07-31 19:56:53,873 - Chunk has been for Abacavir and Lamivudine - INFO
2026-07-31 19:56:54,209 - Chunk has been for Abacavir and Lamivudine - INFO
2026-07-31 19:56:54,723 - Chunk has been for Emtricitabine and Tenofovir Disoproxil Fumarate - INFO
2026-07-31 19:56:54,917 - Chunk has been for Lamivudine and Zidovudine - INFO
2026-07-31 19:56:55,341 - Chunk has been for COMPLERA - INFO
2026-07-31 19:56:55,523 - Chunk has been for Emtriva - INFO
2026-07-31 19:56:56,033 - Chunk has been for Emtricitabine and Tenofovir Disoproxil Fumarate - INFO
2026-07-31 19:56:56,489 - Chunk has been for Emtricitabine, Rilpivirine, Tenofovir Disoproxil Fumarate - INFO
2026-07-31 19:56:56,802 - Chunk has been for Abacavir and Lamivudine - INFO
2026-07-31 19:56:57,306 - Chunk has been for Emtricitabine and Tenofovir Disoproxil Fumarate - INFO
2026-07-31 19:56:57,813 - Chunk has been for EMTRICITABINE AND TENOFOVIR DISOPROXIL FUMARATE - INFO
2026-07-31 19:56:58,059 - Chunk has been for Zidovudine - INFO
2026-07-31 19:56:58,259 - Chunk has been for Lamivudine and Zidovudine - INFO
2026-07-31 19:56:58,518 - Chunk has been for ABACAVIR and LAMIVUDINE - INFO
2026-07-31 19:56:58,771 - Chunk has been for lamivudine - INFO
2026-07-31 19:56:59,175 - Chunk has been for ODEFSEY - INFO
2026-07-31 19:56:59,629 - Chunk has been for Efavirenz, Emtricitabine And Tenofovir Disoproxil Fumarate - INFO
2026-07-31 19:56:59,869 - Chunk has been for LAMIVUDINE - INFO
2026-07-31 19:57:00,268 - Chunk has been for ABACAVIR, LAMIVUDINE AND ZIDOVUDINE - INFO
2026-07-31 19:57:00,460 - Chunk has been for LAMIVUDINE and ZIDOVUDINE - INFO
2026-07-31 19:57:00,965 - Chunk has been for Emtricitabine and tenofovir disoproxil fumarate - INFO
2026-07-31 19:57:01,430 - Chunk has been for Efavirenz, Emtricitabine and Tenofovir Disoproxil Fumarate - INFO
2026-07-31 19:57:01,694 - Chunk has been for Lamivudine - INFO
2026-07-31 19:57:01,889 - Chunk has been for LAMIVUDINE and ZIDOVUDINE - INFO
2026-07-31 19:57:02,154 - Chunk has been for Iodixanol - INFO
2026-07-31 19:57:02,512 - Chunk has been for Omnipaque - INFO
2026-07-31 19:57:02,759 - Chunk has been for Visipaque - INFO
2026-07-31 19:57:03,110 - Chunk has been for OMNIPAQUE - INFO
2026-07-31 19:57:03,468 - Chunk has been for OMNIPAQUE - INFO
2026-07-31 19:57:03,687 - Chunk has been for IOMERVU - INFO
2026-07-31 19:57:03,903 - Chunk has been for Ultravist - INFO
2026-07-31 19:57:04,154 - Chunk has been for Visipaque - INFO
2026-07-31 19:57:04,515 - Chunk has been for OMNIPAQUE - INFO
2026-07-31 19:57:04,852 - Chunk has been for Iohexol - INFO
2026-07-31 19:57:05,140 - Chunk has been for Testosterone - INFO
2026-07-31 19:57:05,439 - Chunk has been for TESTOSTERONE - INFO
2026-07-31 19:57:05,996 - Chunk has been for Testosterone - INFO
2026-07-31 19:57:06,273 - Chunk has been for Testosterone - INFO
2026-07-31 19:57:06,600 - Chunk has been for testosterone - INFO
2026-07-31 19:57:06,818 - Chunk has been for Vogelxo - INFO
2026-07-31 19:57:07,108 - Chunk has been for Testosterone Gel, 1% - INFO
2026-07-31 19:57:07,458 - Chunk has been for TESTOSTERONE - INFO
2026-07-31 19:57:07,783 - Chunk has been for Testosterone - INFO
2026-07-31 19:57:08,124 - Chunk has been for testosterone - INFO
2026-07-31 19:57:08,453 - Chunk has been for Testosterone - INFO
2026-07-31 19:57:08,692 - Chunk has been for testosterone - INFO
2026-07-31 19:57:09,021 - Chunk has been for Testosterone - INFO
2026-07-31 19:57:09,557 - Chunk has been for Testosterone - INFO
2026-07-31 19:57:09,826 - Chunk has been for Testosterone - INFO
2026-07-31 19:57:10,090 - Chunk has been for Testosterone - INFO
2026-07-31 19:57:10,527 - Chunk has been for Testosterone - INFO
2026-07-31 19:57:10,788 - Chunk has been for Testosterone - INFO
2026-07-31 19:57:11,078 - Chunk has been for testosterone - INFO
2026-07-31 19:57:11,366 - Chunk has been for Testosterone Gel, 1% - INFO
2026-07-31 19:57:11,665 - Chunk has been for testosterone - INFO
2026-07-31 19:57:11,956 - Chunk has been for testosterone - INFO
2026-07-31 19:57:12,194 - Chunk has been for Testim - INFO
2026-07-31 19:57:12,408 - Chunk has been for Testosterone - INFO
2026-07-31 19:57:12,653 - Chunk has been for testosterone - INFO
2026-07-31 19:57:13,095 - Chunk has been for Testosterone - INFO
2026-07-31 19:57:13,368 - Chunk has been for Testosterone - INFO
2026-07-31 19:57:13,590 - Chunk has been for Testosterone - INFO
2026-07-31 19:57:13,832 - Chunk has been for testosterone - INFO
2026-07-31 19:57:14,085 - Chunk has been for Testosterone - INFO
2026-07-31 19:57:14,355 - Chunk has been for TESTOSTERONE - INFO
2026-07-31 19:57:14,674 - Chunk has been for Testosterone - INFO
2026-07-31 19:57:15,012 - Chunk has been for AndroGel - INFO
2026-07-31 19:57:15,325 - Chunk has been for AndroGel - INFO
2026-07-31 19:57:15,822 - Chunk has been for Testosterone - INFO
2026-07-31 19:57:16,488 - Chunk has been for Ascomp with Codeine - INFO
2026-07-31 19:57:17,149 - Chunk has been for BUTALBITAL, ASPIRIN, CAFFEINE and CODEINE PHOSPHATE - INFO
2026-07-31 19:57:17,778 - Chunk has been for BUTALBITAL, ASPIRIN, CAFFEINE AND CODEINE PHOSPHATE - INFO
2026-07-31 19:57:18,033 - Chunk has been for ARIKAYCE - INFO
2026-07-31 19:57:18,709 - Chunk has been for Levofloxacin - INFO
2026-07-31 19:57:19,425 - Chunk has been for levofloxacin - INFO
2026-07-31 19:57:20,142 - Chunk has been for Levofloxacin - INFO
2026-07-31 19:57:20,842 - Chunk has been for levofloxacin - INFO
2026-07-31 19:57:21,550 - Chunk has been for Levofloxacin - INFO
2026-07-31 19:57:22,272 - Chunk has been for Levofloxacin - INFO
2026-07-31 19:57:23,008 - Chunk has been for Levofloxacin - INFO
2026-07-31 19:57:23,705 - Chunk has been for Levofloxacin - INFO
2026-07-31 19:57:24,404 - Chunk has been for Levofloxacin - INFO
2026-07-31 19:57:25,115 - Chunk has been for levofloxacin - INFO
2026-07-31 19:57:25,816 - Chunk has been for Levofloxacin - INFO
2026-07-31 19:57:26,527 - Chunk has been for Levofloxacin - INFO
2026-07-31 19:57:27,261 - Chunk has been for levofloxacin - INFO
2026-07-31 19:57:27,959 - Chunk has been for Levofloxacin - INFO
2026-07-31 19:57:28,668 - Chunk has been for levofloxacin - INFO
2026-07-31 19:57:29,365 - Chunk has been for Levofloxacin - INFO
2026-07-31 19:57:30,029 - Chunk has been for Levofloxacin - INFO
2026-07-31 19:57:30,633 - Chunk has been for Levofloxacin - INFO
2026-07-31 19:57:31,230 - Chunk has been for Ciprofloxacin in Dextrose - INFO
2026-07-31 19:57:31,924 - Chunk has been for levofloxacin - INFO
2026-07-31 19:57:32,636 - Chunk has been for Levofloxacin - INFO
2026-07-31 19:57:33,315 - Chunk has been for Levofloxacin - INFO
2026-07-31 19:57:34,017 - Chunk has been for Levofloxacin - INFO
2026-07-31 19:57:34,748 - Chunk has been for Levofloxacin - INFO
2026-07-31 19:57:35,453 - Chunk has been for levofloxacin - INFO
2026-07-31 19:57:36,151 - Chunk has been for Levofloxacin - INFO
2026-07-31 19:57:36,869 - Chunk has been for Levofloxacin - INFO
2026-07-31 19:57:37,549 - Chunk has been for Levofloxacin - INFO
2026-07-31 19:57:38,330 - Chunk has been for Levofloxacin - INFO
2026-07-31 19:57:39,080 - Chunk has been for Levofloxacin - INFO
2026-07-31 19:57:39,780 - Chunk has been for Levofloxacin - INFO
2026-07-31 19:57:40,376 - Chunk has been for Ciprofloxacin - INFO
2026-07-31 19:57:41,129 - Chunk has been for Levofloxacin - INFO
2026-07-31 19:57:41,860 - Chunk has been for Levofloxacin - INFO
2026-07-31 19:57:42,571 - Chunk has been for levofloxacin - INFO
2026-07-31 19:57:43,248 - Chunk has been for Levofloxacin - INFO
2026-07-31 19:57:43,949 - Chunk has been for Levofloxacin - INFO
2026-07-31 19:57:44,648 - Chunk has been for Levofloxacin - INFO
2026-07-31 19:57:45,355 - Chunk has been for Levofloxacin - INFO
2026-07-31 19:57:46,052 - Chunk has been for Levofloxacin - INFO
2026-07-31 19:57:46,772 - Chunk has been for Levofloxacin - INFO
2026-07-31 19:57:47,461 - Chunk has been for Levofloxacin - INFO
2026-07-31 19:57:48,113 - Chunk has been for Levofloxacin - INFO
2026-07-31 19:57:48,829 - Chunk has been for Levofloxacin, levofloxacin - INFO
2026-07-31 19:57:49,528 - Chunk has been for Levofloxacin - INFO
2026-07-31 19:57:50,233 - Chunk has been for Levofloxacin - INFO
2026-07-31 19:57:50,954 - Chunk has been for Levofloxacin - INFO
2026-07-31 19:57:51,603 - Chunk has been for Levofloxacin - INFO
2026-07-31 19:57:52,315 - Chunk has been for Levofloxacin - INFO
2026-07-31 19:57:53,025 - Chunk has been for Levofloxacin - INFO
2026-07-31 19:57:53,725 - Chunk has been for Levofloxacin - INFO
2026-07-31 19:57:54,429 - Chunk has been for levofloxacin - INFO
2026-07-31 19:57:55,145 - Chunk has been for Levofloxacin - INFO
2026-07-31 19:57:55,866 - Chunk has been for Levofloxacin - INFO
2026-07-31 19:57:56,553 - Chunk has been for LEVOFLOXACIN - INFO
2026-07-31 19:57:57,271 - Chunk has been for Levofloxacin - INFO
2026-07-31 19:57:57,984 - Chunk has been for Levofloxacin - INFO
2026-07-31 19:57:58,699 - Chunk has been for Levofloxacin - INFO
2026-07-31 19:57:59,406 - Chunk has been for Levofloxacin - INFO
2026-07-31 19:58:00,021 - Chunk has been for Ciprofloxacin in Dextrose - INFO
2026-07-31 19:58:00,729 - Chunk has been for levofloxacin - INFO
2026-07-31 19:58:01,441 - Chunk has been for Levofloxacin - INFO
2026-07-31 19:58:02,129 - Chunk has been for Levofloxacin - INFO
2026-07-31 19:58:03,303 - Chunk has been for Levofloxacin - INFO
2026-07-31 19:58:04,001 - Chunk has been for Levofloxacin - INFO
2026-07-31 19:58:04,691 - Chunk has been for Levofloxacin - INFO
2026-07-31 19:58:05,411 - Chunk has been for Levofloxacin - INFO
2026-07-31 19:58:06,118 - Chunk has been for Levofloxacin - INFO
2026-07-31 19:58:06,715 - Chunk has been for Ciprofloxacin - INFO
2026-07-31 19:58:07,434 - Chunk has been for Levofloxacin - INFO
2026-07-31 19:58:08,147 - Chunk has been for Levofloxacin - INFO
2026-07-31 19:58:08,380 - Chunk has been for Busulfan - INFO
2026-07-31 19:58:08,613 - Chunk has been for Busulfan - INFO
2026-07-31 19:58:08,747 - Chunk has been for Thiotepa - INFO
2026-07-31 19:58:08,913 - Chunk has been for Thiotepa - INFO
2026-07-31 19:58:09,149 - Chunk has been for BUSULFEX - INFO
2026-07-31 19:58:09,333 - Chunk has been for Thiotepa - INFO
2026-07-31 19:58:09,560 - Chunk has been for Busulfan - INFO
2026-07-31 19:58:09,760 - Chunk has been for IFOSFAMIDE - INFO
2026-07-31 19:58:10,012 - Chunk has been for Thiotepa - INFO
2026-07-31 19:58:10,213 - Chunk has been for Ifosfamide - INFO
2026-07-31 19:58:10,469 - Chunk has been for Thiotepa - INFO
2026-07-31 19:58:10,699 - Chunk has been for Busulfan - INFO
2026-07-31 19:58:10,876 - Chunk has been for Thiotepa - INFO
2026-07-31 19:58:11,094 - Chunk has been for IFEX - INFO
2026-07-31 19:58:11,345 - Chunk has been for BUSULFAN - INFO
2026-07-31 19:58:11,690 - Chunk has been for Ifosfamide - INFO
2026-07-31 19:58:11,919 - Chunk has been for Busulfan - INFO
2026-07-31 19:58:12,143 - Chunk has been for Busulfan - INFO
2026-07-31 19:58:12,348 - Chunk has been for IFOSFAMIDE - INFO
2026-07-31 19:58:12,582 - Chunk has been for Busulfan - INFO
2026-07-31 19:58:12,813 - Chunk has been for Ramipril - INFO
2026-07-31 19:58:13,104 - Chunk has been for Ramipril - INFO
2026-07-31 19:58:13,389 - Chunk has been for Ramipril - INFO
2026-07-31 19:58:13,671 - Chunk has been for Ramipril - INFO
2026-07-31 19:58:13,954 - Chunk has been for Ramipril - INFO
2026-07-31 19:58:14,219 - Chunk has been for Ramipril - INFO
2026-07-31 19:58:14,502 - Chunk has been for Ramipril - INFO
2026-07-31 19:58:14,787 - Chunk has been for Ramipril - INFO
2026-07-31 19:58:15,052 - Chunk has been for Ramipril - INFO
2026-07-31 19:58:15,341 - Chunk has been for Ramipril - INFO
2026-07-31 19:58:15,621 - Chunk has been for Ramipril - INFO
2026-07-31 19:58:15,870 - Chunk has been for Ramipril - INFO
2026-07-31 19:58:16,154 - Chunk has been for Ramipril - INFO
2026-07-31 19:58:16,439 - Chunk has been for Ramipril - INFO
2026-07-31 19:58:16,903 - Chunk has been for Ramipril - INFO
2026-07-31 19:58:17,182 - Chunk has been for Ramipril - INFO
2026-07-31 19:58:17,476 - Chunk has been for Ramipril - INFO
2026-07-31 19:58:17,764 - Chunk has been for Ramipril - INFO
2026-07-31 19:58:18,042 - Chunk has been for Ramipril - INFO
2026-07-31 19:58:18,317 - Chunk has been for Ramipril - INFO
2026-07-31 19:58:18,595 - Chunk has been for Ramipril - INFO
2026-07-31 19:58:18,873 - Chunk has been for Ramipril - INFO
2026-07-31 19:58:19,125 - Chunk has been for Ramipril - INFO
2026-07-31 19:58:19,378 - Chunk has been for Ramipril - INFO
2026-07-31 19:58:19,660 - Chunk has been for Ramipril - INFO
2026-07-31 19:58:19,905 - Chunk has been for Ramipril - INFO
2026-07-31 19:58:20,186 - Chunk has been for Ramipril - INFO
2026-07-31 19:58:20,490 - Chunk has been for Ramipril - INFO
2026-07-31 19:58:20,773 - Chunk has been for Ramipril - INFO
2026-07-31 19:58:21,052 - Chunk has been for Ramipril - INFO
2026-07-31 19:58:21,339 - Chunk has been for Ramipril - INFO
2026-07-31 19:58:21,625 - Chunk has been for Ramipril - INFO
2026-07-31 19:58:21,916 - Chunk has been for Ramipril - INFO
2026-07-31 19:58:22,202 - Chunk has been for Ramipril - INFO
2026-07-31 19:58:22,484 - Chunk has been for Ramipril - INFO
2026-07-31 19:58:22,773 - Chunk has been for Ramipril - INFO
2026-07-31 19:58:23,053 - Chunk has been for Ramipril - INFO
2026-07-31 19:58:23,346 - Chunk has been for Ramipril - INFO
2026-07-31 19:58:23,521 - Chunk has been for Benazepril Hydrochloride - INFO
2026-07-31 19:58:23,854 - Chunk has been for Climara Pro - INFO
2026-07-31 19:58:24,156 - Chunk has been for Twirla - INFO
2026-07-31 19:58:24,792 - Chunk has been for Xultophy 100/3.6 - INFO
2026-07-31 19:58:25,197 - Chunk has been for Oxaliplatin - INFO
2026-07-31 19:58:25,610 - Chunk has been for Oxaliplatin - INFO
2026-07-31 19:58:26,015 - Chunk has been for Oxaliplatin - INFO
2026-07-31 19:58:26,429 - Chunk has been for oxaliplatin - INFO
2026-07-31 19:58:26,846 - Chunk has been for Oxaliplatin - INFO
2026-07-31 19:58:27,255 - Chunk has been for oxaliplatin - INFO
2026-07-31 19:58:27,684 - Chunk has been for OXALIPLATIN - INFO
2026-07-31 19:58:28,094 - Chunk has been for Oxaliplatin - INFO
2026-07-31 19:58:28,501 - Chunk has been for Oxaliplatin - INFO
2026-07-31 19:58:28,904 - Chunk has been for Oxaliplatin - INFO
2026-07-31 19:58:29,314 - Chunk has been for Oxaliplatin - INFO
2026-07-31 19:58:29,723 - Chunk has been for Oxaliplatin - INFO
2026-07-31 19:58:30,138 - Chunk has been for Oxaliplatin - INFO
2026-07-31 19:58:30,546 - Chunk has been for Oxaliplatin - INFO
2026-07-31 19:58:30,949 - Chunk has been for Oxaliplatin - INFO
2026-07-31 19:58:31,354 - Chunk has been for Oxaliplatin - INFO
2026-07-31 19:58:31,946 - Chunk has been for Oxaliplatin - INFO
2026-07-31 19:58:32,348 - Chunk has been for Oxaliplatin - INFO
2026-07-31 19:58:32,758 - Chunk has been for Oxaliplatin - INFO
2026-07-31 19:58:33,179 - Chunk has been for Oxaliplatin - INFO
2026-07-31 19:58:33,596 - Chunk has been for Oxaliplatin - INFO
2026-07-31 19:58:34,006 - Chunk has been for Oxaliplatin - INFO
2026-07-31 19:58:34,415 - Chunk has been for Oxaliplatin - INFO
2026-07-31 19:58:34,570 - Chunk has been for KYXATA - INFO
2026-07-31 19:58:35,062 - Chunk has been for Oxaliplatin - INFO
2026-07-31 19:58:35,253 - Chunk has been for LAMIVUDINE and ZIDOVUDINE - INFO
2026-07-31 19:58:35,567 - Chunk has been for Entecavir - INFO
2026-07-31 19:58:35,763 - Chunk has been for COMBIVIR - INFO
2026-07-31 19:58:36,001 - Chunk has been for Lamivudine - INFO
2026-07-31 19:58:36,331 - Chunk has been for Abacavir and Lamivudine - INFO
2026-07-31 19:58:36,744 - Chunk has been for Efavirenz, Lamivudine and Tenofovir Disoproxil Fumarate - INFO
2026-07-31 19:58:37,350 - Chunk has been for Triumeq, Triumeq PD - INFO
2026-07-31 19:58:37,623 - Chunk has been for Lamivudine - INFO
2026-07-31 19:58:37,873 - Chunk has been for LAMIVUDINE - INFO
2026-07-31 19:58:38,115 - Chunk has been for Lamivudine - INFO
2026-07-31 19:58:38,572 - Chunk has been for Lamivudine - INFO
2026-07-31 19:58:38,814 - Chunk has been for Lamivudine - INFO
2026-07-31 19:58:39,015 - Chunk has been for Lamivudine and Zidovudine - INFO
2026-07-31 19:58:39,211 - Chunk has been for Lamivudine and Zidovudine - INFO
2026-07-31 19:58:39,406 - Chunk has been for Lamivudine and Zidovudine - INFO
2026-07-31 19:58:39,735 - Chunk has been for Dovato - INFO
2026-07-31 19:58:39,974 - Chunk has been for LAMIVUDINE - INFO
2026-07-31 19:58:40,204 - Chunk has been for Lamivudine - INFO
2026-07-31 19:58:40,597 - Chunk has been for SYMFI - INFO
2026-07-31 19:58:40,842 - Chunk has been for Lamivudine - INFO
2026-07-31 19:58:41,087 - Chunk has been for EPIVIR - INFO
2026-07-31 19:58:41,398 - Chunk has been for ENTECAVIR - INFO
2026-07-31 19:58:41,853 - Chunk has been for Efavirenz, Lamivudine and Tenofovir Disoproxil Fumarate - INFO
2026-07-31 19:58:42,076 - Chunk has been for CIMDUO - INFO
2026-07-31 19:58:42,313 - Chunk has been for Lamivudine - INFO
2026-07-31 19:58:42,557 - Chunk has been for Lamivudine - INFO
2026-07-31 19:58:42,807 - Chunk has been for Lamivudine - INFO
2026-07-31 19:58:43,048 - Chunk has been for Lamivudine - INFO
2026-07-31 19:58:43,371 - Chunk has been for Abacavir and Lamivudine - INFO
2026-07-31 19:58:43,690 - Chunk has been for DELSTRIGO - INFO
2026-07-31 19:58:44,026 - Chunk has been for Abacavir and Lamivudine - INFO
2026-07-31 19:58:44,373 - Chunk has been for Abacavir and Lamivudine - INFO
2026-07-31 19:58:44,584 - Chunk has been for Lamivudine and Zidovudine - INFO
2026-07-31 19:58:45,247 - Chunk has been for Entecavir - INFO
2026-07-31 19:58:45,567 - Chunk has been for Abacavir and Lamivudine - INFO
2026-07-31 19:58:45,762 - Chunk has been for Lamivudine and Zidovudine - INFO
2026-07-31 19:58:46,038 - Chunk has been for ABACAVIR and LAMIVUDINE - INFO
2026-07-31 19:58:46,299 - Chunk has been for lamivudine - INFO
2026-07-31 19:58:46,545 - Chunk has been for LAMIVUDINE - INFO
2026-07-31 19:58:46,950 - Chunk has been for ABACAVIR, LAMIVUDINE AND ZIDOVUDINE - INFO
2026-07-31 19:58:47,147 - Chunk has been for LAMIVUDINE and ZIDOVUDINE - INFO
2026-07-31 19:58:47,387 - Chunk has been for Lamivudine - INFO
2026-07-31 19:58:47,579 - Chunk has been for LAMIVUDINE and ZIDOVUDINE - INFO
2026-07-31 19:58:48,227 - Chunk has been for sirolimus - INFO
2026-07-31 19:58:48,859 - Chunk has been for Sirolimus - INFO
2026-07-31 19:58:49,493 - Chunk has been for Sirolimus - INFO
2026-07-31 19:58:50,001 - Chunk has been for Everolimus - INFO
2026-07-31 19:58:50,619 - Chunk has been for Sirolimus - INFO
2026-07-31 19:58:51,247 - Chunk has been for Sirolimus - INFO
2026-07-31 19:58:51,843 - Chunk has been for Sirolimus - INFO
2026-07-31 19:58:52,441 - Chunk has been for Everolimus - INFO
2026-07-31 19:58:53,033 - Chunk has been for everolimus - INFO
2026-07-31 19:58:53,700 - Chunk has been for sirolimus - INFO
2026-07-31 19:58:54,267 - Chunk has been for sirolimus - INFO
2026-07-31 19:58:54,888 - Chunk has been for Sirolimus - INFO
2026-07-31 19:58:55,458 - Chunk has been for Everolimus - INFO
2026-07-31 19:58:56,080 - Chunk has been for Sirolimus - INFO
2026-07-31 19:58:56,701 - Chunk has been for Sirolimus - INFO
2026-07-31 19:58:57,345 - Chunk has been for Sirolimus - INFO
2026-07-31 19:58:57,898 - Chunk has been for SIROLIMUS - INFO
2026-07-31 19:58:58,448 - Chunk has been for sirolimus - INFO
2026-07-31 19:58:59,078 - Chunk has been for sirolimus - INFO
2026-07-31 19:58:59,720 - Chunk has been for Sirolimus - INFO
2026-07-31 19:59:00,782 - Chunk has been for Sirolimus - INFO
2026-07-31 19:59:01,412 - Chunk has been for sirolimus - INFO
2026-07-31 19:59:02,076 - Chunk has been for sirolimus - INFO
2026-07-31 19:59:02,637 - Chunk has been for Everolimus - INFO
2026-07-31 19:59:03,275 - Chunk has been for Sirolimus - INFO
2026-07-31 19:59:03,850 - Chunk has been for Everolimus - INFO
2026-07-31 19:59:04,428 - Chunk has been for Everolimus - INFO
2026-07-31 19:59:05,018 - Chunk has been for Zortress - INFO
2026-07-31 19:59:05,666 - Chunk has been for sirolimus - INFO
2026-07-31 19:59:06,229 - Chunk has been for sirolimus - INFO
2026-07-31 19:59:06,862 - Chunk has been for Sirolimus - INFO
2026-07-31 19:59:07,315 - Chunk has been for Liraglutide - INFO
2026-07-31 19:59:07,768 - Chunk has been for MOUNJARO - INFO
2026-07-31 19:59:08,320 - Chunk has been for TRULICITY - INFO
2026-07-31 19:59:08,803 - Chunk has been for Liraglutide - INFO
2026-07-31 19:59:09,295 - Chunk has been for Liraglutide - INFO
2026-07-31 19:59:09,745 - Chunk has been for Liraglutide - INFO
2026-07-31 19:59:10,243 - Chunk has been for Liraglutide - INFO
2026-07-31 19:59:10,802 - Chunk has been for Victoza - INFO
2026-07-31 19:59:11,335 - Chunk has been for Liraglutide - INFO
2026-07-31 19:59:11,976 - Chunk has been for Xultophy 100/3.6 - INFO
2026-07-31 19:59:12,468 - Chunk has been for liraglutide - INFO
2026-07-31 19:59:12,928 - Chunk has been for OZEMPIC, RYBELSUS - INFO
2026-07-31 19:59:13,482 - Chunk has been for Victoza - INFO
2026-07-31 19:59:13,942 - Chunk has been for Saxenda - INFO
2026-07-31 19:59:14,402 - Chunk has been for Liraglutide - INFO
2026-07-31 19:59:14,959 - Chunk has been for Trulicity - INFO
2026-07-31 19:59:15,511 - Chunk has been for Zepbound, ZEPBOUND, Zepbound KwikPen - INFO
2026-07-31 19:59:16,056 - Chunk has been for Trulicity - INFO
2026-07-31 19:59:16,552 - Chunk has been for Victoza - INFO
2026-07-31 19:59:17,089 - Chunk has been for Trulicity - INFO
2026-07-31 19:59:17,557 - Chunk has been for Liraglutide - INFO
2026-07-31 19:59:17,998 - Chunk has been for MOUNJARO - INFO
2026-07-31 19:59:18,449 - Chunk has been for MOUNJARO - INFO
2026-07-31 19:59:18,931 - Chunk has been for Saxenda - INFO
2026-07-31 19:59:19,378 - Chunk has been for MOUNJARO - INFO
2026-07-31 19:59:19,920 - Chunk has been for TRULICITY - INFO
2026-07-31 19:59:20,422 - Chunk has been for LIRAGLUTIDE - INFO
2026-07-31 19:59:21,025 - Chunk has been for Ozempic - INFO
2026-07-31 19:59:21,564 - Chunk has been for TRULICITY - INFO
2026-07-31 19:59:22,122 - Chunk has been for TRULICITY - INFO
2026-07-31 19:59:22,649 - Chunk has been for LIRAGLUTIDE - INFO
2026-07-31 19:59:23,097 - Chunk has been for MOUNJARO - INFO
2026-07-31 19:59:23,593 - Chunk has been for Liraglutide - INFO
2026-07-31 19:59:24,065 - Chunk has been for liraglutide - INFO
2026-07-31 19:59:24,516 - Chunk has been for Mounjaro, Mounjaro KwikPen - INFO
2026-07-31 19:59:25,127 - Chunk has been for OZEMPIC - INFO
2026-07-31 19:59:25,570 - Chunk has been for MOUNJARO - INFO
2026-07-31 19:59:26,141 - Chunk has been for WEGOVY - INFO
2026-07-31 19:59:26,871 - Chunk has been for Docetaxel - INFO
2026-07-31 19:59:27,582 - Chunk has been for Docetaxel - INFO
2026-07-31 19:59:28,366 - Chunk has been for Docetaxel - INFO
2026-07-31 19:59:28,799 - Chunk has been for Paclitaxel - INFO
2026-07-31 19:59:29,204 - Chunk has been for Paclitaxel - INFO
2026-07-31 19:59:29,637 - Chunk has been for Paclitaxel protein-bound particles - INFO
2026-07-31 19:59:30,068 - Chunk has been for Paclitaxel protein-bound particles for injectable suspension (albumin-bound) - INFO
2026-07-31 19:59:30,425 - Chunk has been for ABRAXANE - INFO
2026-07-31 19:59:31,162 - Chunk has been for Docetaxel - INFO
2026-07-31 19:59:31,893 - Chunk has been for Docetaxel - INFO
2026-07-31 19:59:32,599 - Chunk has been for Docetaxel - INFO
2026-07-31 19:59:33,029 - Chunk has been for Paclitaxel protein-bound particles for injectable suspension (albumin-bound) - INFO
2026-07-31 19:59:33,459 - Chunk has been for Paclitaxel protein-bound particles for injectable suspension (albumin-bound) - INFO
2026-07-31 19:59:34,234 - Chunk has been for Docetaxel - INFO
2026-07-31 19:59:34,657 - Chunk has been for Paclitaxel - INFO
2026-07-31 19:59:35,380 - Chunk has been for Docetaxel - INFO
2026-07-31 19:59:36,095 - Chunk has been for Docetaxel - INFO
2026-07-31 19:59:36,873 - Chunk has been for Docetaxel - INFO
2026-07-31 19:59:37,704 - Chunk has been for Docetaxel - INFO
2026-07-31 19:59:38,469 - Chunk has been for Docetaxel - INFO
2026-07-31 19:59:39,246 - Chunk has been for BEIZRAY - INFO
2026-07-31 19:59:40,001 - Chunk has been for Docetaxel anhydrous - INFO
2026-07-31 19:59:40,733 - Chunk has been for Docetaxel - INFO
2026-07-31 19:59:41,184 - Chunk has been for PACLITAXEL - INFO
2026-07-31 19:59:41,918 - Chunk has been for Docetaxel - INFO
2026-07-31 19:59:42,367 - Chunk has been for PACLITAXEL PROTEIN BOUND PARTICLES ALBUMIN BOUND - INFO
2026-07-31 19:59:43,103 - Chunk has been for DOCETAXEL - INFO
2026-07-31 19:59:43,836 - Chunk has been for Synjardy - INFO
2026-07-31 19:59:44,485 - Chunk has been for DAPAGLIFLOZIN AND METFORMIN HYDROCHLORIDE - INFO
2026-07-31 19:59:45,293 - Chunk has been for Dapagliflozin and Metformin hydrochloride - INFO
2026-07-31 19:59:45,901 - Chunk has been for Trijardy XR - INFO
2026-07-31 19:59:46,716 - Chunk has been for Dapagliflozin and Metformin Hydrochloride - INFO
2026-07-31 19:59:47,461 - Chunk has been for Synjardy XR - INFO
2026-07-31 19:59:48,263 - Chunk has been for DAPAGLIFLOZIN AND METFORMIN HYDROCHLORIDE - INFO
2026-07-31 19:59:49,070 - Chunk has been for dapagliflozin and metformin hydrochloride - INFO
2026-07-31 19:59:49,487 - Chunk has been for apixaban - INFO
2026-07-31 19:59:50,371 - Chunk has been for Xarelto, XARELTO - INFO
2026-07-31 19:59:50,755 - Chunk has been for Rivaroxaban - INFO
2026-07-31 19:59:51,404 - Chunk has been for ELIQUIS - INFO
2026-07-31 19:59:52,076 - Chunk has been for Apixaban - INFO
2026-07-31 19:59:52,455 - Chunk has been for RIVAROXABAN - INFO
2026-07-31 19:59:53,113 - Chunk has been for ELIQUIS - INFO
2026-07-31 19:59:53,779 - Chunk has been for ELIQUIS - INFO
2026-07-31 19:59:54,427 - Chunk has been for ELIQUIS - INFO
2026-07-31 19:59:55,329 - Chunk has been for Xarelto - INFO
2026-07-31 19:59:55,749 - Chunk has been for Apixaban - INFO
2026-07-31 19:59:56,637 - Chunk has been for XARELTO - INFO
2026-07-31 19:59:57,298 - Chunk has been for ELIQUIS - INFO
2026-07-31 19:59:57,676 - Chunk has been for RIVAROXABAN - INFO
2026-07-31 19:59:58,065 - Chunk has been for RIVAROXABAN - INFO
2026-07-31 19:59:58,965 - Chunk has been for RIVAROXABAN - INFO
2026-07-31 19:59:59,371 - Chunk has been for Rivaroxaban - INFO
2026-07-31 20:00:00,262 - Chunk has been for Xarelto - INFO
2026-07-31 20:00:00,655 - Chunk has been for RIVAROXABAN - INFO
2026-07-31 20:00:01,243 - Chunk has been for ELIQUIS - INFO
2026-07-31 20:00:02,160 - Chunk has been for Xarelto - INFO
2026-07-31 20:00:02,567 - Chunk has been for Rivaroxaban - INFO
2026-07-31 20:00:03,430 - Chunk has been for rivaroxaban - INFO
2026-07-31 20:00:03,713 - Chunk has been for Rivaroxaban - INFO
2026-07-31 20:00:04,489 - Chunk has been for Rivaroxaban - INFO
2026-07-31 20:00:05,076 - Chunk has been for ELIQUIS - INFO
2026-07-31 20:00:05,513 - Chunk has been for rivaroxaban granule - INFO
2026-07-31 20:00:05,880 - Chunk has been for Rivaroxaban - INFO
2026-07-31 20:00:06,216 - Chunk has been for Rivaroxaban - INFO
2026-07-31 20:00:07,103 - Chunk has been for Xarelto - INFO
2026-07-31 20:00:08,011 - Chunk has been for RIVAROXABAN - INFO
2026-07-31 20:00:08,883 - Chunk has been for Xarelto - INFO
2026-07-31 20:00:09,201 - Chunk has been for Rivaroxaban - INFO
2026-07-31 20:00:09,535 - Chunk has been for Rivaroxaban - INFO
2026-07-31 20:00:09,939 - Chunk has been for rivaroxaban - INFO
2026-07-31 20:00:10,594 - Chunk has been for ELIQUIS - INFO
2026-07-31 20:00:11,059 - Chunk has been for Deferasirox - INFO
2026-07-31 20:00:11,654 - Chunk has been for Deferasirox - INFO
2026-07-31 20:00:12,131 - Chunk has been for Deferasorox - INFO
2026-07-31 20:00:12,728 - Chunk has been for Deferasirox - INFO
2026-07-31 20:00:13,310 - Chunk has been for Deferasirox oral - INFO
2026-07-31 20:00:13,884 - Chunk has been for Deferasirox - INFO
2026-07-31 20:00:14,443 - Chunk has been for Exjade - INFO
2026-07-31 20:00:14,926 - Chunk has been for Deferasirox - INFO
2026-07-31 20:00:15,416 - Chunk has been for Deferasirox - INFO
2026-07-31 20:00:15,973 - Chunk has been for deferasirox - INFO
2026-07-31 20:00:16,558 - Chunk has been for deferasirox - INFO
2026-07-31 20:00:17,141 - Chunk has been for Deferasirox - INFO
2026-07-31 20:00:17,734 - Chunk has been for DEFERASIROX - INFO
2026-07-31 20:00:18,317 - Chunk has been for deferasirox - INFO
2026-07-31 20:00:18,531 - Chunk has been for Deferiprone - INFO
2026-07-31 20:00:19,041 - Chunk has been for Deferasirox - INFO
2026-07-31 20:00:19,257 - Chunk has been for DEFERIPRONE - INFO
2026-07-31 20:00:19,853 - Chunk has been for Deferasirox Oral Granules - INFO
2026-07-31 20:00:20,346 - Chunk has been for Deferasirox - INFO
2026-07-31 20:00:20,619 - Chunk has been for FERRIPROX - INFO
2026-07-31 20:00:21,102 - Chunk has been for Deferasirox - INFO
2026-07-31 20:00:21,683 - Chunk has been for Deferasirox - INFO
2026-07-31 20:00:22,267 - Chunk has been for DEFERASIROX - INFO
2026-07-31 20:00:22,454 - Chunk has been for Deferiprone - INFO
2026-07-31 20:00:23,041 - Chunk has been for DEFERASIROX - INFO
2026-07-31 20:00:23,235 - Chunk has been for Deferiprone - INFO
2026-07-31 20:00:23,815 - Chunk has been for Deferasirox - INFO
2026-07-31 20:00:24,407 - Chunk has been for Deferasirox - INFO
2026-07-31 20:00:24,894 - Chunk has been for DEFERASIROX - INFO
2026-07-31 20:00:25,360 - Chunk has been for Deferasirox - INFO
2026-07-31 20:00:25,828 - Chunk has been for Deferasirox - INFO
2026-07-31 20:00:26,412 - Chunk has been for Deferasirox - INFO
2026-07-31 20:00:26,935 - Chunk has been for DEFERASIROX - INFO
2026-07-31 20:00:27,172 - Chunk has been for FERRIPROX - INFO
2026-07-31 20:00:27,740 - Chunk has been for DEFERASIROX - INFO
2026-07-31 20:00:28,340 - Chunk has been for Jadenu - INFO
2026-07-31 20:00:28,787 - Chunk has been for Diclofenac Sodium/Misoprostol DICLOFENAC-SODIUM-MISOPROSTOL - INFO
2026-07-31 20:00:29,254 - Chunk has been for Diclofenac sodium and Misoprostol DR - INFO
2026-07-31 20:00:29,761 - Chunk has been for Diclofenac Sodium Misoprostol - INFO
2026-07-31 20:00:30,280 - Chunk has been for Diclofenac Sodium Misoprostol - INFO
2026-07-31 20:00:30,722 - Chunk has been for Diclofenac Sodium and Misoprostol - INFO
2026-07-31 20:00:31,183 - Chunk has been for ARTHROTEC - INFO
2026-07-31 20:00:31,688 - Chunk has been for Diclofenac Sodium Misoprostol - INFO
2026-07-31 20:00:32,196 - Chunk has been for Diclofenac Sodium Misoprostol - INFO
2026-07-31 20:00:32,670 - Chunk has been for Diclofenac Sodium/Misoprostol DICLOFENAC-SODIUM-MISOPROSTOL - INFO
2026-07-31 20:00:33,187 - Chunk has been for Diclofenac Sodium and Misoprostol - INFO
2026-07-31 20:00:33,659 - Chunk has been for Diclofenac sodium and Misoprostol - INFO
2026-07-31 20:00:34,164 - Chunk has been for Diclofenac Sodium and Misoprostol - INFO
2026-07-31 20:00:34,619 - Chunk has been for Diclofenac Sodium/Misoprostol DICLOFENAC-SODIUM-MISOPROSTOL - INFO
2026-07-31 20:00:35,109 - Chunk has been for Diclofenac Sodium and Misoprostol - INFO
2026-07-31 20:00:35,599 - Chunk has been for Diclofenac Sodium Misoprostol - INFO
2026-07-31 20:00:36,145 - Chunk has been for Diclofenac Sodium and Misoprostol - INFO
2026-07-31 20:00:36,439 - Chunk has been for Leflunomide - INFO
2026-07-31 20:00:36,751 - Chunk has been for Leflunomide - INFO
2026-07-31 20:00:37,046 - Chunk has been for Leflunomide - INFO
2026-07-31 20:00:37,347 - Chunk has been for leflunomide - INFO
2026-07-31 20:00:37,645 - Chunk has been for Arava - INFO
2026-07-31 20:00:37,960 - Chunk has been for Leflunomide - INFO
2026-07-31 20:00:38,285 - Chunk has been for Leflunomide - INFO
2026-07-31 20:00:38,589 - Chunk has been for leflunomide - INFO
2026-07-31 20:00:38,887 - Chunk has been for leflunomide - INFO
2026-07-31 20:00:39,184 - Chunk has been for Leflunomide - INFO
2026-07-31 20:00:39,489 - Chunk has been for Leflunomide - INFO
2026-07-31 20:00:39,795 - Chunk has been for leflunomide - INFO
2026-07-31 20:00:40,108 - Chunk has been for leflunomide - INFO
2026-07-31 20:00:40,421 - Chunk has been for Leflunomide - INFO
2026-07-31 20:00:40,710 - Chunk has been for Leflunomide - INFO
2026-07-31 20:00:41,016 - Chunk has been for Leflunomide - INFO
2026-07-31 20:00:41,367 - Chunk has been for Ticagrelor - INFO
2026-07-31 20:00:41,703 - Chunk has been for BRILINTA - INFO
2026-07-31 20:00:42,046 - Chunk has been for Ticagrelor - INFO
2026-07-31 20:00:42,408 - Chunk has been for Ticagrelor - INFO
2026-07-31 20:00:42,761 - Chunk has been for Ticagrelor - INFO
2026-07-31 20:00:43,109 - Chunk has been for Ticagrelor - INFO
2026-07-31 20:00:43,464 - Chunk has been for Ticagrelor - INFO
2026-07-31 20:00:43,833 - Chunk has been for Ticagrelor - INFO
2026-07-31 20:00:44,158 - Chunk has been for TICAGRELOR - INFO
2026-07-31 20:00:44,505 - Chunk has been for TICAGRELOR - INFO
2026-07-31 20:00:44,856 - Chunk has been for Ticagrelor - INFO
2026-07-31 20:00:45,214 - Chunk has been for ticagrelor - INFO
2026-07-31 20:00:45,516 - Chunk has been for TICAGRELOR - INFO
2026-07-31 20:00:45,866 - Chunk has been for Ticagrelor - INFO
2026-07-31 20:00:46,226 - Chunk has been for Ticagrelor - INFO
2026-07-31 20:00:46,521 - Chunk has been for TICAGRELOR - INFO
2026-07-31 20:00:46,881 - Chunk has been for ticagrelor - INFO
2026-07-31 20:00:47,252 - Chunk has been for Ticagrelor - INFO
2026-07-31 20:00:47,447 - Chunk has been for Ticagrelor - INFO
2026-07-31 20:00:47,790 - Chunk has been for BRILINTA - INFO
2026-07-31 20:00:48,135 - Chunk has been for Ticagrelor - INFO
2026-07-31 20:00:48,491 - Chunk has been for Ticagrelor - INFO
2026-07-31 20:00:48,687 - Chunk has been for Ticagrelor - INFO
2026-07-31 20:00:49,036 - Chunk has been for Ticagrelor - INFO
2026-07-31 20:00:49,385 - Chunk has been for Ticagrelor - INFO
2026-07-31 20:00:49,688 - Chunk has been for TICAGRELOR - INFO
2026-07-31 20:00:49,866 - Chunk has been for CLOPIDOGREL - INFO
2026-07-31 20:00:50,108 - Chunk has been for Ticagrelor - INFO
2026-07-31 20:00:50,478 - Chunk has been for Ticagrelor - INFO
2026-07-31 20:00:50,821 - Chunk has been for TICAGRELOR - INFO
2026-07-31 20:00:51,158 - Chunk has been for BRILINTA - INFO
2026-07-31 20:00:51,513 - Chunk has been for Ticagrelor - INFO
2026-07-31 20:00:51,982 - Chunk has been for Efavirenz, Emtricitabine And Tenofovir Disoproxil Fumarate - INFO
2026-07-31 20:00:52,393 - Chunk has been for Efavirenz, Lamivudine and Tenofovir Disoproxil Fumarate - INFO
2026-07-31 20:00:52,834 - Chunk has been for NEVIRAPINE - INFO
2026-07-31 20:00:53,307 - Chunk has been for Efavirenz, Emtricitabine and Tenofovir Disoproxil Fumarate - INFO
2026-07-31 20:00:53,679 - Chunk has been for Nevirapine - INFO
2026-07-31 20:00:54,163 - Chunk has been for Efavirenz, Emtricitabine and Tenofovir Disoproxil Fumarate - INFO
2026-07-31 20:00:54,571 - Chunk has been for Nevirapine - INFO
2026-07-31 20:00:54,976 - Chunk has been for Nevirapine - INFO
2026-07-31 20:00:55,450 - Chunk has been for Nevirapine - INFO
2026-07-31 20:00:55,848 - Chunk has been for SYMFI - INFO
2026-07-31 20:00:56,286 - Chunk has been for Efavirenz, Lamivudine and Tenofovir Disoproxil Fumarate - INFO
2026-07-31 20:00:56,771 - Chunk has been for efavirenz, emtricitabine and tenofovir disoproxil fumarate - INFO
2026-07-31 20:00:57,252 - Chunk has been for Efavirenz, emtricitabine and tenofovir disoproxil fumarate - INFO
2026-07-31 20:00:57,705 - Chunk has been for Nevirapine - INFO
2026-07-31 20:00:58,029 - Chunk has been for DELSTRIGO - INFO
2026-07-31 20:00:58,526 - Chunk has been for Efavirenz, Emtricitabine And Tenofovir Disoproxil Fumarate - INFO
2026-07-31 20:00:58,939 - Chunk has been for Nevirapine - INFO
2026-07-31 20:00:59,341 - Chunk has been for NEVIRAPINE - INFO
2026-07-31 20:00:59,817 - Chunk has been for Efavirenz, Emtricitabine and Tenofovir Disoproxil Fumarate - INFO
2026-07-31 20:01:00,190 - Chunk has been for LUPKYNIS - INFO
2026-07-31 20:01:00,442 - Chunk has been for Ambrisentan - INFO
2026-07-31 20:01:00,650 - Chunk has been for OPSUMIT - INFO
2026-07-31 20:01:00,857 - Chunk has been for macitentan - INFO
2026-07-31 20:01:01,089 - Chunk has been for Ambrisentan - INFO
2026-07-31 20:01:01,356 - Chunk has been for Ambrisentan - INFO
2026-07-31 20:01:01,599 - Chunk has been for Ambrisentan - INFO
2026-07-31 20:01:01,800 - Chunk has been for MACITENTAN - INFO
2026-07-31 20:01:02,054 - Chunk has been for Ambrisentan - INFO
2026-07-31 20:01:02,248 - Chunk has been for Macitentan - INFO
2026-07-31 20:01:02,552 - Chunk has been for OPSYNVI - INFO
2026-07-31 20:01:02,787 - Chunk has been for Ambrisentan - INFO
2026-07-31 20:01:03,048 - Chunk has been for Letairis - INFO
2026-07-31 20:01:03,282 - Chunk has been for Ambrisentan - INFO
2026-07-31 20:01:03,509 - Chunk has been for ambrisentan - INFO
2026-07-31 20:01:03,704 - Chunk has been for Macitentan - INFO
2026-07-31 20:01:03,900 - Chunk has been for Macitentan - INFO
2026-07-31 20:01:04,118 - Chunk has been for Macitentan - INFO
2026-07-31 20:01:04,244 - Chunk has been for macitentan - INFO
2026-07-31 20:01:04,443 - Chunk has been for Macitentan - INFO
2026-07-31 20:01:04,645 - Chunk has been for Macitentan - INFO
2026-07-31 20:01:04,872 - Chunk has been for ambrisentan - INFO
2026-07-31 20:01:05,099 - Chunk has been for ambrisentan - INFO
2026-07-31 20:01:05,295 - Chunk has been for macitentan - INFO
2026-07-31 20:01:05,641 - Chunk has been for FILSPARI - INFO
2026-07-31 20:01:05,863 - Chunk has been for Macitentan - INFO
2026-07-31 20:01:06,060 - Chunk has been for Macitentan - INFO
2026-07-31 20:01:06,287 - Chunk has been for ambrisentan - INFO
2026-07-31 20:01:06,637 - Chunk has been for Cladribine - INFO
2026-07-31 20:01:07,000 - Chunk has been for Mavenclad - INFO
2026-07-31 20:01:07,331 - Chunk has been for Cladribine - INFO
2026-07-31 20:01:07,668 - Chunk has been for Cladribine - INFO
2026-07-31 20:01:08,155 - Chunk has been for Pomalidomide - INFO
2026-07-31 20:01:08,649 - Chunk has been for Pomalidomide - INFO
2026-07-31 20:01:09,691 - Chunk has been for Lenalidomide - INFO
2026-07-31 20:01:10,737 - Chunk has been for Lenalidomide - INFO
2026-07-31 20:01:11,216 - Chunk has been for Pomalyst - INFO
2026-07-31 20:01:11,703 - Chunk has been for Pomalidomide - INFO
2026-07-31 20:01:12,520 - Chunk has been for Lenalidomide - INFO
2026-07-31 20:01:12,905 - Chunk has been for Pomalidomide - INFO
2026-07-31 20:01:13,942 - Chunk has been for Revlimid - INFO
2026-07-31 20:01:15,004 - Chunk has been for lenalidomide - INFO
2026-07-31 20:01:16,071 - Chunk has been for Lenalidomide - INFO
2026-07-31 20:01:17,116 - Chunk has been for Lenalidomide - INFO
2026-07-31 20:01:18,149 - Chunk has been for Lenalidomide - INFO
2026-07-31 20:01:19,228 - Chunk has been for Lenalidomide - INFO
2026-07-31 20:01:19,926 - Chunk has been for LENALIDOMIDE - INFO
2026-07-31 20:01:20,431 - Chunk has been for Pomalidomide - INFO
2026-07-31 20:01:21,473 - Chunk has been for lenalidomide - INFO
2026-07-31 20:01:22,133 - Chunk has been for LENALIDOMIDE - INFO
2026-07-31 20:01:23,193 - Chunk has been for Lenalidomide - INFO
2026-07-31 20:01:24,012 - Chunk has been for LENALIDOMIDE - INFO
2026-07-31 20:01:24,582 - Chunk has been for Pomalidomide - INFO
2026-07-31 20:01:25,413 - Chunk has been for LENALIDOMIDE - INFO
2026-07-31 20:01:26,460 - Chunk has been for Lenalidomide - INFO
2026-07-31 20:01:27,475 - Chunk has been for LENALIDOMIDE - INFO
2026-07-31 20:01:27,819 - Chunk has been for AFREZZA - INFO
2026-07-31 20:01:28,178 - Chunk has been for Aptivus - INFO
2026-07-31 20:01:28,576 - Chunk has been for Ritonavir - INFO
2026-07-31 20:01:28,949 - Chunk has been for ZEPATIER - INFO
2026-07-31 20:01:29,238 - Chunk has been for Vosevi - INFO
2026-07-31 20:01:29,620 - Chunk has been for Ritonavir - INFO
2026-07-31 20:01:29,977 - Chunk has been for Norvir - INFO
2026-07-31 20:01:30,345 - Chunk has been for Ritonavir - INFO
2026-07-31 20:01:30,723 - Chunk has been for Ritonavir - INFO
2026-07-31 20:01:31,187 - Chunk has been for Ritonavir film coated - INFO
2026-07-31 20:01:31,817 - Chunk has been for Darunavir - INFO
2026-07-31 20:01:32,288 - Chunk has been for Mavyret - INFO
2026-07-31 20:01:32,753 - Chunk has been for Symtuza - INFO
2026-07-31 20:01:33,137 - Chunk has been for Ritonavir - INFO
2026-07-31 20:01:33,515 - Chunk has been for Ritonavir - INFO
2026-07-31 20:01:33,882 - Chunk has been for Ritonavir - INFO
2026-07-31 20:01:34,409 - Chunk has been for ZITUVIMET - INFO
2026-07-31 20:01:34,885 - Chunk has been for Jentadueto XR - INFO
2026-07-31 20:01:35,419 - Chunk has been for Sitagliptin and metformin hydrochloride - INFO
2026-07-31 20:01:35,913 - Chunk has been for Linagliptin and metformin hydrochloride - INFO
2026-07-31 20:01:36,503 - Chunk has been for Trijardy XR - INFO
2026-07-31 20:01:37,101 - Chunk has been for Sitagliptin and Metformin Hydrochloride - INFO
2026-07-31 20:01:37,624 - Chunk has been for Sitagliptin and metformin hydrochloride - INFO
2026-07-31 20:01:38,115 - Chunk has been for ZITUVIMET - INFO
2026-07-31 20:01:38,588 - Chunk has been for Jentadueto - INFO
2026-07-31 20:01:39,595 - Chunk has been for HYRIMOZ - INFO
2026-07-31 20:01:40,604 - Chunk has been for Adalimumab - INFO
2026-07-31 20:01:41,534 - Chunk has been for INFLECTRA - INFO
2026-07-31 20:01:42,523 - Chunk has been for HYRIMOZ - INFO
2026-07-31 20:01:43,339 - Chunk has been for YUSIMRY - INFO
2026-07-31 20:01:44,174 - Chunk has been for HADLIMA - INFO
2026-07-31 20:01:45,053 - Chunk has been for AMJEVITA - INFO
2026-07-31 20:01:45,547 - Chunk has been for SIMPONI ARIA - INFO
2026-07-31 20:01:46,243 - Chunk has been for ENBREL - INFO
2026-07-31 20:01:47,161 - Chunk has been for REMICADE - INFO
2026-07-31 20:01:48,080 - Chunk has been for INFLIXIMAB - INFO
2026-07-31 20:01:48,936 - Chunk has been for AMJEVITA - INFO
2026-07-31 20:01:49,778 - Chunk has been for Adalimumab-bwwd - INFO
2026-07-31 20:01:50,621 - Chunk has been for HADLIMA - INFO
2026-07-31 20:01:51,438 - Chunk has been for YUSIMRY - INFO
2026-07-31 20:01:52,326 - Chunk has been for AMJEVITA - INFO
2026-07-31 20:01:53,240 - Chunk has been for Renflexis - INFO
2026-07-31 20:01:54,164 - Chunk has been for AVSOLA - INFO
2026-07-31 20:01:55,008 - Chunk has been for HADLIMA - INFO
2026-07-31 20:01:55,174 - Chunk has been for Jeuveau - INFO
2026-07-31 20:01:56,129 - Chunk has been for BOTOX - INFO
2026-07-31 20:01:56,365 - Chunk has been for DAXXIFY - INFO
2026-07-31 20:01:56,927 - Chunk has been for Xeomin - INFO
2026-07-31 20:01:57,323 - Chunk has been for BOTOX Cosmetic - INFO
2026-07-31 20:01:57,600 - Chunk has been for Myobloc - INFO
2026-07-31 20:01:58,135 - Chunk has been for Dysport - INFO
2026-07-31 20:01:58,272 - Chunk has been for LETYBO - INFO
2026-07-31 20:01:58,809 - Chunk has been for Dysport - INFO
2026-07-31 20:01:59,745 - Chunk has been for BOTOX - INFO
2026-07-31 20:02:00,304 - Chunk has been for Xeomin - INFO
2026-07-31 20:02:00,697 - Chunk has been for Ritonavir - INFO
2026-07-31 20:02:01,072 - Chunk has been for Ritonavir - INFO
2026-07-31 20:02:01,433 - Chunk has been for Norvir - INFO
2026-07-31 20:02:01,941 - Chunk has been for Genvoya - INFO
2026-07-31 20:02:02,319 - Chunk has been for Ritonavir - INFO
2026-07-31 20:02:02,700 - Chunk has been for Ritonavir - INFO
2026-07-31 20:02:03,146 - Chunk has been for Ritonavir film coated - INFO
2026-07-31 20:02:03,615 - Chunk has been for Stribild - INFO
2026-07-31 20:02:04,086 - Chunk has been for Symtuza - INFO
2026-07-31 20:02:04,462 - Chunk has been for Ritonavir - INFO
2026-07-31 20:02:04,860 - Chunk has been for Ritonavir - INFO
2026-07-31 20:02:05,235 - Chunk has been for Ritonavir - INFO
2026-07-31 20:02:05,577 - Chunk has been for Cladribine - INFO
2026-07-31 20:02:05,783 - Chunk has been for DROXIA - INFO
2026-07-31 20:02:05,932 - Chunk has been for XROMI - INFO
2026-07-31 20:02:06,216 - Chunk has been for Siklos - INFO
2026-07-31 20:02:06,559 - Chunk has been for Mavenclad - INFO
2026-07-31 20:02:06,762 - Chunk has been for DROXIA - INFO
2026-07-31 20:02:07,102 - Chunk has been for Cladribine - INFO
2026-07-31 20:02:07,443 - Chunk has been for Cladribine - INFO
2026-07-31 20:02:07,623 - Chunk has been for Jeuveau - INFO
2026-07-31 20:02:08,577 - Chunk has been for BOTOX - INFO
2026-07-31 20:02:08,815 - Chunk has been for DAXXIFY - INFO
2026-07-31 20:02:09,365 - Chunk has been for Xeomin - INFO
2026-07-31 20:02:09,759 - Chunk has been for BOTOX Cosmetic - INFO
2026-07-31 20:02:10,296 - Chunk has been for Dysport - INFO
2026-07-31 20:02:10,432 - Chunk has been for LETYBO - INFO
2026-07-31 20:02:10,967 - Chunk has been for Dysport - INFO
2026-07-31 20:02:11,931 - Chunk has been for BOTOX - INFO
2026-07-31 20:02:12,485 - Chunk has been for Xeomin - INFO
2026-07-31 20:02:12,692 - Chunk has been for Feraheme - INFO
2026-07-31 20:02:12,884 - Chunk has been for Ferumoxytol - INFO
2026-07-31 20:02:13,205 - Chunk has been for Otrexup - INFO
2026-07-31 20:02:13,397 - Chunk has been for Xatmep - INFO
2026-07-31 20:02:13,778 - Chunk has been for Teriflunomide - INFO
2026-07-31 20:02:14,161 - Chunk has been for Teriflunomide - INFO
2026-07-31 20:02:14,495 - Chunk has been for TERIFLUNOMIDE - INFO
2026-07-31 20:02:14,875 - Chunk has been for TERIFLUNOMIDE - INFO
2026-07-31 20:02:15,256 - Chunk has been for Teriflunomide - INFO
2026-07-31 20:02:15,627 - Chunk has been for Teriflunomide - INFO
2026-07-31 20:02:16,035 - Chunk has been for Aubagio - INFO
2026-07-31 20:02:16,342 - Chunk has been for Teriflunomide - INFO
2026-07-31 20:02:16,721 - Chunk has been for Teriflunomide - INFO
2026-07-31 20:02:17,124 - Chunk has been for TERIFLUNOMIDE - INFO
2026-07-31 20:02:17,442 - Chunk has been for Teriflunomide - INFO
2026-07-31 20:02:17,816 - Chunk has been for Teriflunomide - INFO
2026-07-31 20:02:18,220 - Chunk has been for teriflunomide - INFO
2026-07-31 20:02:18,609 - Chunk has been for Teriflunomide - INFO
2026-07-31 20:02:18,980 - Chunk has been for Teriflunomide - INFO
2026-07-31 20:02:19,378 - Chunk has been for montelukast sodium - INFO
2026-07-31 20:02:19,800 - Chunk has been for montelukast sodium - INFO
2026-07-31 20:02:20,205 - Chunk has been for montelukast sodium - INFO
2026-07-31 20:02:20,608 - Chunk has been for montelukast sodium - INFO
2026-07-31 20:02:21,007 - Chunk has been for montelukast sodium - INFO
2026-07-31 20:02:21,408 - Chunk has been for montelukast sodium - INFO
2026-07-31 20:02:21,785 - Chunk has been for Montelukast sodium - INFO
2026-07-31 20:02:22,456 - Chunk has been for Buprenorphine - INFO
2026-07-31 20:02:23,118 - Chunk has been for Buprenorphine - INFO
2026-07-31 20:02:23,690 - Chunk has been for Fentanyl system - INFO
2026-07-31 20:02:24,320 - Chunk has been for Buprenorphine - INFO
2026-07-31 20:02:25,006 - Chunk has been for FENTANYL - INFO
2026-07-31 20:02:25,617 - Chunk has been for Buprenorphine - INFO
2026-07-31 20:02:26,215 - Chunk has been for BRIXADI - INFO
2026-07-31 20:02:26,788 - Chunk has been for SUBLOCADE - INFO
2026-07-31 20:02:27,421 - Chunk has been for FENTANYL - INFO
2026-07-31 20:02:27,996 - Chunk has been for Butrans - INFO
2026-07-31 20:02:28,305 - Chunk has been for Dsuvia - INFO
2026-07-31 20:02:28,841 - Chunk has been for XTAMPZA ER - INFO
2026-07-31 20:02:29,491 - Chunk has been for FENTANYL - INFO
2026-07-31 20:02:30,108 - Chunk has been for Buprenorphine - INFO
2026-07-31 20:02:30,754 - Chunk has been for FENTANYL TRANSDERMAL - INFO
2026-07-31 20:02:31,423 - Chunk has been for Buprenorphine - INFO
2026-07-31 20:02:32,099 - Chunk has been for Buprenorphine - INFO
2026-07-31 20:02:32,723 - Chunk has been for Buprenorphine - INFO
2026-07-31 20:02:33,343 - Chunk has been for Buprenorphine - INFO
2026-07-31 20:02:33,928 - Chunk has been for BRIXADI - INFO
2026-07-31 20:02:34,513 - Chunk has been for SUBLOCADE - INFO
2026-07-31 20:02:35,081 - Chunk has been for Butrans - INFO
2026-07-31 20:02:35,711 - Chunk has been for Buprenorphine - INFO
2026-07-31 20:02:35,785 - Chunk has been for Cilostazol - INFO
2026-07-31 20:02:35,863 - Chunk has been for Cilostazol - INFO
2026-07-31 20:02:35,943 - Chunk has been for Cilostazol - INFO
2026-07-31 20:02:36,025 - Chunk has been for Cilostazol - INFO
2026-07-31 20:02:36,219 - Chunk has been for Topotecan - INFO
2026-07-31 20:02:36,521 - Chunk has been for Tetrabenazine - INFO
2026-07-31 20:02:36,813 - Chunk has been for tetrabenazine - INFO
2026-07-31 20:02:37,106 - Chunk has been for tetrabenazine - INFO
2026-07-31 20:02:37,389 - Chunk has been for Tetrabenazine - INFO
2026-07-31 20:02:37,683 - Chunk has been for Tetrabenazine - INFO
2026-07-31 20:02:37,960 - Chunk has been for Xenazine - INFO
2026-07-31 20:02:38,258 - Chunk has been for Tetrabenazine - INFO
2026-07-31 20:02:38,543 - Chunk has been for Tetrabenazine - INFO
2026-07-31 20:02:38,830 - Chunk has been for Tetrabenazine - INFO
2026-07-31 20:02:39,112 - Chunk has been for Tetrabenazine - INFO
2026-07-31 20:02:39,445 - Chunk has been for Maraviroc - INFO
2026-07-31 20:02:39,784 - Chunk has been for Maraviroc - INFO
2026-07-31 20:02:40,166 - Chunk has been for Maraviroc - INFO
2026-07-31 20:02:40,606 - Chunk has been for Maraviroc - INFO
2026-07-31 20:02:41,017 - Chunk has been for SELZENTRY - INFO
2026-07-31 20:02:41,452 - Chunk has been for SELZENTRY - INFO
2026-07-31 20:02:41,890 - Chunk has been for Maraviroc - INFO
2026-07-31 20:02:42,268 - Chunk has been for Maraviroc - INFO
2026-07-31 20:02:42,612 - Chunk has been for Maraviroc - INFO
2026-07-31 20:02:42,952 - Chunk has been for Maraviroc - INFO
2026-07-31 20:02:43,392 - Chunk has been for Maraviroc - INFO
2026-07-31 20:02:43,965 - Chunk has been for Ribavirin - INFO
2026-07-31 20:02:44,381 - Chunk has been for Ribavirin - INFO
2026-07-31 20:02:44,670 - Chunk has been for Tigecycline - INFO
2026-07-31 20:02:44,935 - Chunk has been for Tygacil - INFO
2026-07-31 20:02:45,219 - Chunk has been for Tigecycline - INFO
2026-07-31 20:02:45,486 - Chunk has been for Tigecycline - INFO
2026-07-31 20:02:45,771 - Chunk has been for Tigecycline - INFO
2026-07-31 20:02:46,047 - Chunk has been for Tigecycline - INFO
2026-07-31 20:02:46,320 - Chunk has been for Tigecycline - INFO
2026-07-31 20:02:46,582 - Chunk has been for Tygacil - INFO
2026-07-31 20:02:46,827 - Chunk has been for Jynarque, JYNARQUE - INFO
2026-07-31 20:02:47,049 - Chunk has been for SAMSCA - INFO
2026-07-31 20:02:47,283 - Chunk has been for Tolvaptan - INFO
2026-07-31 20:02:47,468 - Chunk has been for Tolvaptan - INFO
2026-07-31 20:02:47,722 - Chunk has been for TOLVAPTAN - INFO
2026-07-31 20:02:47,976 - Chunk has been for TOLVAPTAN - INFO
2026-07-31 20:02:48,211 - Chunk has been for TOLVAPTAN - INFO
2026-07-31 20:02:48,445 - Chunk has been for tolvaptan - INFO
2026-07-31 20:02:48,684 - Chunk has been for Tolvaptan - INFO
2026-07-31 20:02:49,136 - Chunk has been for MOUNJARO - INFO
2026-07-31 20:02:49,696 - Chunk has been for Zepbound, ZEPBOUND, Zepbound KwikPen - INFO
2026-07-31 20:02:50,142 - Chunk has been for MOUNJARO - INFO
2026-07-31 20:02:50,591 - Chunk has been for MOUNJARO - INFO
2026-07-31 20:02:51,056 - Chunk has been for MOUNJARO - INFO
2026-07-31 20:02:51,498 - Chunk has been for MOUNJARO - INFO
2026-07-31 20:02:51,951 - Chunk has been for Mounjaro, Mounjaro KwikPen - INFO
2026-07-31 20:02:52,390 - Chunk has been for MOUNJARO - INFO
2026-07-31 20:02:53,110 - Chunk has been for Tofidence - INFO
2026-07-31 20:02:53,875 - Chunk has been for TOFIDENCE - INFO
2026-07-31 20:02:54,868 - Chunk has been for ACTEMRA, Actemra, Actemra ACTPen - INFO
2026-07-31 20:02:55,818 - Chunk has been for AVTOZMA - INFO
2026-07-31 20:02:56,810 - Chunk has been for TYENNE - INFO
2026-07-31 20:02:57,746 - Chunk has been for TYENNE - INFO
2026-07-31 20:02:58,552 - Chunk has been for TYENNE - INFO
2026-07-31 20:02:58,980 - Chunk has been for CIBINQO - INFO
2026-07-31 20:02:59,412 - Chunk has been for Cibinqo - INFO
2026-07-31 20:03:00,401 - Chunk has been for Tofacitinib - INFO
2026-07-31 20:03:01,048 - Chunk has been for Olumiant - INFO
2026-07-31 20:03:01,461 - Chunk has been for ZEPATIER - INFO
2026-07-31 20:03:01,745 - Chunk has been for Vosevi - INFO
2026-07-31 20:03:02,259 - Chunk has been for Ledipasvir and Sofosbuvir - INFO
2026-07-31 20:03:02,740 - Chunk has been for Mavyret - INFO
2026-07-31 20:03:03,161 - Chunk has been for Epclusa - INFO
2026-07-31 20:03:03,593 - Chunk has been for Sofosbuvir and Velpatasvir - INFO
2026-07-31 20:03:04,080 - Chunk has been for Harvoni - INFO
2026-07-31 20:03:04,281 - Chunk has been for PROLEUKIN - INFO
2026-07-31 20:03:04,629 - Chunk has been for Perampanel - INFO
2026-07-31 20:03:04,919 - Chunk has been for PERAMPANEL - INFO
2026-07-31 20:03:05,269 - Chunk has been for PERAMPANEL - INFO
2026-07-31 20:03:05,563 - Chunk has been for Perampanel - INFO
2026-07-31 20:03:05,913 - Chunk has been for Fycompa - INFO
2026-07-31 20:03:06,259 - Chunk has been for Perampanel - INFO
2026-07-31 20:03:06,532 - Chunk has been for Vosevi - INFO
2026-07-31 20:03:07,035 - Chunk has been for Ledipasvir and Sofosbuvir - INFO
2026-07-31 20:03:07,467 - Chunk has been for Epclusa - INFO
2026-07-31 20:03:07,855 - Chunk has been for Sovaldi - INFO
2026-07-31 20:03:08,295 - Chunk has been for Sofosbuvir and Velpatasvir - INFO
2026-07-31 20:03:08,758 - Chunk has been for Harvoni - INFO
2026-07-31 20:03:09,012 - Chunk has been for Amlodipine and Valsartan - INFO
2026-07-31 20:03:09,274 - Chunk has been for Amlodipine and Valsartan - INFO
2026-07-31 20:03:09,524 - Chunk has been for Amlodipine and Valsartan - INFO
2026-07-31 20:03:09,706 - Chunk has been for QIVIGY kthm - INFO
2026-07-31 20:03:09,909 - Chunk has been for ASCENIV - INFO
2026-07-31 20:03:10,144 - Chunk has been for Korlym - INFO
2026-07-31 20:03:10,394 - Chunk has been for Mifepristone - INFO
2026-07-31 20:03:10,629 - Chunk has been for Mifepristone - INFO
2026-07-31 20:03:10,971 - Chunk has been for VALGANCICLOVIR HYDROCHLORIDE - INFO
2026-07-31 20:03:11,331 - Chunk has been for VALGANCICLOVIR HYDROCHLORIDE - INFO
2026-07-31 20:03:11,731 - Chunk has been for Valganciclovir - INFO
2026-07-31 20:03:12,202 - Chunk has been for ALYFTREK - INFO
2026-07-31 20:03:12,576 - Chunk has been for ZEPATIER - INFO
2026-07-31 20:03:12,845 - Chunk has been for Vosevi - INFO
2026-07-31 20:03:13,328 - Chunk has been for Mavyret - INFO
2026-07-31 20:03:13,784 - Chunk has been for TYSABRI - INFO
2026-07-31 20:03:14,255 - Chunk has been for TYRUKO - INFO
2026-07-31 20:03:14,380 - Chunk has been for Kalbitor - INFO
2026-07-31 20:03:14,524 - Chunk has been for Anthim - INFO
2026-07-31 20:03:14,699 - Chunk has been for Raxibacumab - INFO
2026-07-31 20:03:14,866 - Chunk has been for Campath - INFO
2026-07-31 20:03:15,272 - Chunk has been for Myfembree - INFO
2026-07-31 20:03:15,530 - Chunk has been for Daurismo - INFO
2026-07-31 20:03:16,025 - Chunk has been for Genvoya - INFO
2026-07-31 20:03:16,498 - Chunk has been for Stribild - INFO
2026-07-31 20:03:16,771 - Chunk has been for VAFSEO - INFO
2026-07-31 20:03:17,023 - Chunk has been for Jesduvroq - INFO
2026-07-31 20:03:17,208 - Chunk has been for QIVIGY kthm - INFO
2026-07-31 20:03:17,398 - Chunk has been for ASCENIV - INFO
2026-07-31 20:03:17,556 - Chunk has been for CINQAIR - INFO
2026-07-31 20:03:17,940 - Chunk has been for EMSAM - INFO
2026-07-31 20:03:18,182 - Chunk has been for ZURZUVAE - INFO
2026-07-31 20:03:18,816 - Chunk has been for FLUOXETINE HCL - INFO
2026-07-31 20:03:19,252 - Chunk has been for Desvenlafaxine - INFO
2026-07-31 20:03:19,649 - Chunk has been for Desvenlafaxine - INFO
2026-07-31 20:03:19,781 - Chunk has been for VERQUVO - INFO
2026-07-31 20:03:20,069 - Chunk has been for Adempas - INFO
2026-07-31 20:03:20,278 - Chunk has been for IMPAVIDO - INFO
2026-07-31 20:03:20,689 - Chunk has been for Mycophenolic Acid - INFO
2026-07-31 20:03:21,340 - Chunk has been for ADCETRIS - INFO
2026-07-31 20:03:21,648 - Chunk has been for CAMZYOS - INFO
2026-07-31 20:03:21,880 - Chunk has been for Voydeya - INFO
2026-07-31 20:03:22,248 - Chunk has been for WELIREG - INFO
2026-07-31 20:03:22,753 - Chunk has been for BESREMi - INFO
2026-07-31 20:03:23,444 - Chunk has been for Pegasys - INFO
2026-07-31 20:03:23,728 - Chunk has been for Myalept - INFO
2026-07-31 20:03:24,092 - Chunk has been for EMSAM - INFO
2026-07-31 20:03:24,209 - Chunk has been for VEOZAH - INFO
2026-07-31 20:03:24,796 - Chunk has been for NULOJIX - INFO
2026-07-31 20:03:25,090 - Chunk has been for Krystexxa - INFO
2026-07-31 20:03:25,090 - Chunking process finished successfully. Total 137984 chunks created! - INFO
2026-07-31 20:05:09,847 - Embedding model is being fine-tuned... - INFO
2026-07-31 20:05:32,735 - No device provided, using cuda:0 - INFO
2026-07-31 20:05:33,127 - HTTP Request: HEAD https://huggingface.co/sentence-transformers/all-MiniLM-L6-v2/resolve/main/modules.json "HTTP/1.1 307 Temporary Redirect" - INFO
2026-07-31 20:05:33,171 - HTTP Request: HEAD https://huggingface.co/api/resolve-cache/models/sentence-transformers/all-MiniLM-L6-v2/1110a243fdf4706b3f48f1d95db1a4f5529b4d41/modules.json "HTTP/1.1 200 OK" - INFO
2026-07-31 20:05:33,364 - HTTP Request: HEAD https://huggingface.co/sentence-transformers/all-MiniLM-L6-v2/resolve/main/config_sentence_transformers.json "HTTP/1.1 307 Temporary Redirect" - INFO
2026-07-31 20:05:33,540 - HTTP Request: HEAD https://huggingface.co/api/resolve-cache/models/sentence-transformers/all-MiniLM-L6-v2/1110a243fdf4706b3f48f1d95db1a4f5529b4d41/config_sentence_transformers.json "HTTP/1.1 200 OK" - INFO
2026-07-31 20:05:33,542 - Loading SentenceTransformer model from sentence-transformers/all-MiniLM-L6-v2. - INFO
2026-07-31 20:05:33,826 - HTTP Request: HEAD https://huggingface.co/sentence-transformers/all-MiniLM-L6-v2/resolve/main/config_sentence_transformers.json "HTTP/1.1 307 Temporary Redirect" - INFO
2026-07-31 20:05:33,869 - HTTP Request: HEAD https://huggingface.co/api/resolve-cache/models/sentence-transformers/all-MiniLM-L6-v2/1110a243fdf4706b3f48f1d95db1a4f5529b4d41/config_sentence_transformers.json "HTTP/1.1 200 OK" - INFO
2026-07-31 20:05:34,055 - HTTP Request: HEAD https://huggingface.co/sentence-transformers/all-MiniLM-L6-v2/resolve/main/README.md "HTTP/1.1 307 Temporary Redirect" - INFO
2026-07-31 20:05:34,104 - HTTP Request: HEAD https://huggingface.co/api/resolve-cache/models/sentence-transformers/all-MiniLM-L6-v2/1110a243fdf4706b3f48f1d95db1a4f5529b4d41/README.md "HTTP/1.1 200 OK" - INFO
2026-07-31 20:05:34,300 - HTTP Request: HEAD https://huggingface.co/sentence-transformers/all-MiniLM-L6-v2/resolve/main/modules.json "HTTP/1.1 307 Temporary Redirect" - INFO
2026-07-31 20:05:34,383 - HTTP Request: HEAD https://huggingface.co/api/resolve-cache/models/sentence-transformers/all-MiniLM-L6-v2/1110a243fdf4706b3f48f1d95db1a4f5529b4d41/modules.json "HTTP/1.1 200 OK" - INFO
2026-07-31 20:05:34,599 - HTTP Request: HEAD https://huggingface.co/sentence-transformers/all-MiniLM-L6-v2/resolve/main/sentence_bert_config.json "HTTP/1.1 307 Temporary Redirect" - INFO
2026-07-31 20:05:34,649 - HTTP Request: HEAD https://huggingface.co/api/resolve-cache/models/sentence-transformers/all-MiniLM-L6-v2/1110a243fdf4706b3f48f1d95db1a4f5529b4d41/sentence_bert_config.json "HTTP/1.1 200 OK" - INFO
2026-07-31 20:05:34,868 - HTTP Request: HEAD https://huggingface.co/sentence-transformers/all-MiniLM-L6-v2/resolve/main/adapter_config.json "HTTP/1.1 404 Not Found" - INFO
2026-07-31 20:05:35,090 - HTTP Request: HEAD https://huggingface.co/sentence-transformers/all-MiniLM-L6-v2/resolve/main/config.json "HTTP/1.1 307 Temporary Redirect" - INFO
2026-07-31 20:05:35,133 - HTTP Request: HEAD https://huggingface.co/api/resolve-cache/models/sentence-transformers/all-MiniLM-L6-v2/1110a243fdf4706b3f48f1d95db1a4f5529b4d41/config.json "HTTP/1.1 200 OK" - INFO
2026-07-31 20:05:35,847 - HTTP Request: HEAD https://huggingface.co/sentence-transformers/all-MiniLM-L6-v2/resolve/main/processor_config.json "HTTP/1.1 404 Not Found" - INFO
2026-07-31 20:05:36,079 - HTTP Request: HEAD https://huggingface.co/sentence-transformers/all-MiniLM-L6-v2/resolve/main/preprocessor_config.json "HTTP/1.1 404 Not Found" - INFO
2026-07-31 20:05:36,303 - HTTP Request: HEAD https://huggingface.co/sentence-transformers/all-MiniLM-L6-v2/resolve/main/video_preprocessor_config.json "HTTP/1.1 404 Not Found" - INFO
2026-07-31 20:05:36,602 - HTTP Request: HEAD https://huggingface.co/sentence-transformers/all-MiniLM-L6-v2/resolve/main/preprocessor_config.json "HTTP/1.1 404 Not Found" - INFO
2026-07-31 20:05:36,814 - HTTP Request: HEAD https://huggingface.co/sentence-transformers/all-MiniLM-L6-v2/resolve/main/tokenizer_config.json "HTTP/1.1 307 Temporary Redirect" - INFO
2026-07-31 20:05:36,858 - HTTP Request: HEAD https://huggingface.co/api/resolve-cache/models/sentence-transformers/all-MiniLM-L6-v2/1110a243fdf4706b3f48f1d95db1a4f5529b4d41/tokenizer_config.json "HTTP/1.1 200 OK" - INFO
2026-07-31 20:05:37,056 - HTTP Request: HEAD https://huggingface.co/sentence-transformers/all-MiniLM-L6-v2/resolve/main/config.json "HTTP/1.1 307 Temporary Redirect" - INFO
2026-07-31 20:05:37,130 - HTTP Request: HEAD https://huggingface.co/api/resolve-cache/models/sentence-transformers/all-MiniLM-L6-v2/1110a243fdf4706b3f48f1d95db1a4f5529b4d41/config.json "HTTP/1.1 200 OK" - INFO
2026-07-31 20:05:37,385 - HTTP Request: HEAD https://huggingface.co/sentence-transformers/all-MiniLM-L6-v2/resolve/main/config.json "HTTP/1.1 307 Temporary Redirect" - INFO
2026-07-31 20:05:37,449 - HTTP Request: HEAD https://huggingface.co/api/resolve-cache/models/sentence-transformers/all-MiniLM-L6-v2/1110a243fdf4706b3f48f1d95db1a4f5529b4d41/config.json "HTTP/1.1 200 OK" - INFO
2026-07-31 20:05:37,709 - HTTP Request: HEAD https://huggingface.co/sentence-transformers/all-MiniLM-L6-v2/resolve/main/tokenizer_config.json "HTTP/1.1 307 Temporary Redirect" - INFO
2026-07-31 20:05:37,757 - HTTP Request: HEAD https://huggingface.co/api/resolve-cache/models/sentence-transformers/all-MiniLM-L6-v2/1110a243fdf4706b3f48f1d95db1a4f5529b4d41/tokenizer_config.json "HTTP/1.1 200 OK" - INFO
2026-07-31 20:05:37,944 - HTTP Request: GET https://huggingface.co/api/models/sentence-transformers/all-MiniLM-L6-v2/tree/main/additional_chat_templates?recursive=false&expand=false "HTTP/1.1 404 Not Found" - INFO
2026-07-31 20:05:38,130 - HTTP Request: GET https://huggingface.co/api/models/sentence-transformers/all-MiniLM-L6-v2/tree/main?recursive=true&expand=false "HTTP/1.1 200 OK" - INFO
2026-07-31 20:05:38,362 - HTTP Request: HEAD https://huggingface.co/sentence-transformers/all-MiniLM-L6-v2/resolve/main/1_Pooling/config.json "HTTP/1.1 307 Temporary Redirect" - INFO
2026-07-31 20:05:38,417 - HTTP Request: HEAD https://huggingface.co/api/resolve-cache/models/sentence-transformers/all-MiniLM-L6-v2/1110a243fdf4706b3f48f1d95db1a4f5529b4d41/1_Pooling%2Fconfig.json "HTTP/1.1 200 OK" - INFO
2026-07-31 20:05:38,634 - HTTP Request: GET https://huggingface.co/api/models/sentence-transformers/all-MiniLM-L6-v2 "HTTP/1.1 200 OK" - INFO
2026-07-31 20:05:40,111 - When tie_encoder_decoder=True, the decoder_name_or_path will be invalid. - WARNING
2026-07-31 20:05:40,334 - HTTP Request: HEAD https://huggingface.co/sentence-transformers/all-MiniLM-L6-v2/resolve/main/config.json "HTTP/1.1 307 Temporary Redirect" - INFO
2026-07-31 20:05:40,390 - HTTP Request: HEAD https://huggingface.co/api/resolve-cache/models/sentence-transformers/all-MiniLM-L6-v2/1110a243fdf4706b3f48f1d95db1a4f5529b4d41/config.json "HTTP/1.1 200 OK" - INFO
2026-07-31 20:05:40,577 - HTTP Request: HEAD https://huggingface.co/sentence-transformers/all-MiniLM-L6-v2/resolve/main/tokenizer_config.json "HTTP/1.1 307 Temporary Redirect" - INFO
2026-07-31 20:05:40,623 - HTTP Request: HEAD https://huggingface.co/api/resolve-cache/models/sentence-transformers/all-MiniLM-L6-v2/1110a243fdf4706b3f48f1d95db1a4f5529b4d41/tokenizer_config.json "HTTP/1.1 200 OK" - INFO
2026-07-31 20:05:40,809 - HTTP Request: GET https://huggingface.co/api/models/sentence-transformers/all-MiniLM-L6-v2/tree/main/additional_chat_templates?recursive=false&expand=false "HTTP/1.1 404 Not Found" - INFO
2026-07-31 20:05:41,025 - HTTP Request: GET https://huggingface.co/api/models/sentence-transformers/all-MiniLM-L6-v2/tree/main?recursive=true&expand=false "HTTP/1.1 200 OK" - INFO
2026-07-31 20:05:41,231 - HTTP Request: HEAD https://huggingface.co/sentence-transformers/all-MiniLM-L6-v2/resolve/main/config.json "HTTP/1.1 307 Temporary Redirect" - INFO
2026-07-31 20:05:41,274 - HTTP Request: HEAD https://huggingface.co/api/resolve-cache/models/sentence-transformers/all-MiniLM-L6-v2/1110a243fdf4706b3f48f1d95db1a4f5529b4d41/config.json "HTTP/1.1 200 OK" - INFO
2026-07-31 20:05:41,532 - HTTP Request: HEAD https://huggingface.co/sentence-transformers/all-MiniLM-L6-v2/resolve/main/generation_config.json "HTTP/1.1 404 Not Found" - INFO
2026-07-31 20:05:41,721 - HTTP Request: HEAD https://huggingface.co/sentence-transformers/all-MiniLM-L6-v2/resolve/main/config.json "HTTP/1.1 307 Temporary Redirect" - INFO
2026-07-31 20:05:41,767 - HTTP Request: HEAD https://huggingface.co/api/resolve-cache/models/sentence-transformers/all-MiniLM-L6-v2/1110a243fdf4706b3f48f1d95db1a4f5529b4d41/config.json "HTTP/1.1 200 OK" - INFO
2026-07-31 20:05:41,953 - HTTP Request: HEAD https://huggingface.co/sentence-transformers/all-MiniLM-L6-v2/resolve/main/config.json "HTTP/1.1 307 Temporary Redirect" - INFO
2026-07-31 20:05:41,996 - HTTP Request: HEAD https://huggingface.co/api/resolve-cache/models/sentence-transformers/all-MiniLM-L6-v2/1110a243fdf4706b3f48f1d95db1a4f5529b4d41/config.json "HTTP/1.1 200 OK" - INFO
2026-07-31 20:05:42,215 - HTTP Request: HEAD https://huggingface.co/sentence-transformers/all-MiniLM-L6-v2/resolve/main/tokenizer_config.json "HTTP/1.1 307 Temporary Redirect" - INFO
2026-07-31 20:05:42,260 - HTTP Request: HEAD https://huggingface.co/api/resolve-cache/models/sentence-transformers/all-MiniLM-L6-v2/1110a243fdf4706b3f48f1d95db1a4f5529b4d41/tokenizer_config.json "HTTP/1.1 200 OK" - INFO
2026-07-31 20:05:42,459 - HTTP Request: GET https://huggingface.co/api/models/sentence-transformers/all-MiniLM-L6-v2/tree/main/additional_chat_templates?recursive=false&expand=false "HTTP/1.1 404 Not Found" - INFO
2026-07-31 20:05:42,649 - HTTP Request: GET https://huggingface.co/api/models/sentence-transformers/all-MiniLM-L6-v2/tree/main?recursive=true&expand=false "HTTP/1.1 200 OK" - INFO
2026-07-31 20:05:48,963 - Saving model checkpoint to Models/checkpoint-10 - INFO
2026-07-31 20:05:48,964 - Saving model to Models/checkpoint-10 - INFO
2026-07-31 20:05:52,845 - Saving model checkpoint to Models/checkpoint-20 - INFO
2026-07-31 20:05:52,847 - Saving model to Models/checkpoint-20 - INFO
2026-07-31 20:05:56,714 - Saving model checkpoint to Models/checkpoint-30 - INFO
2026-07-31 20:05:56,717 - Saving model to Models/checkpoint-30 - INFO
2026-07-31 20:06:00,470 - Saving model checkpoint to Models/checkpoint-40 - INFO
2026-07-31 20:06:00,473 - Saving model to Models/checkpoint-40 - INFO
2026-07-31 20:06:04,203 - Saving model checkpoint to Models/checkpoint-50 - INFO
2026-07-31 20:06:04,203 - Saving model to Models/checkpoint-50 - INFO
2026-07-31 20:06:08,019 - Saving model checkpoint to Models/checkpoint-60 - INFO
2026-07-31 20:06:08,020 - Saving model to Models/checkpoint-60 - INFO
2026-07-31 20:06:11,909 - Saving model checkpoint to Models/checkpoint-70 - INFO
2026-07-31 20:06:11,911 - Saving model to Models/checkpoint-70 - INFO
2026-07-31 20:06:15,674 - Saving model checkpoint to Models/checkpoint-80 - INFO
2026-07-31 20:06:15,675 - Saving model to Models/checkpoint-80 - INFO
2026-07-31 20:06:19,375 - Saving model checkpoint to Models/checkpoint-90 - INFO
2026-07-31 20:06:19,377 - Saving model to Models/checkpoint-90 - INFO
2026-07-31 20:06:23,121 - Saving model checkpoint to Models/checkpoint-100 - INFO
2026-07-31 20:06:23,122 - Saving model to Models/checkpoint-100 - INFO
2026-07-31 20:06:26,885 - Saving model checkpoint to Models/checkpoint-110 - INFO
2026-07-31 20:06:26,887 - Saving model to Models/checkpoint-110 - INFO
2026-07-31 20:06:30,688 - Saving model checkpoint to Models/checkpoint-120 - INFO
2026-07-31 20:06:30,690 - Saving model to Models/checkpoint-120 - INFO
2026-07-31 20:06:34,441 - Saving model checkpoint to Models/checkpoint-130 - INFO
2026-07-31 20:06:34,442 - Saving model to Models/checkpoint-130 - INFO
2026-07-31 20:06:38,019 - Saving model checkpoint to Models/checkpoint-140 - INFO
2026-07-31 20:06:38,020 - Saving model to Models/checkpoint-140 - INFO
2026-07-31 20:06:41,663 - Saving model checkpoint to Models/checkpoint-150 - INFO
2026-07-31 20:06:41,664 - Saving model to Models/checkpoint-150 - INFO
2026-07-31 20:06:45,264 - Saving model checkpoint to Models/checkpoint-160 - INFO
2026-07-31 20:06:45,264 - Saving model to Models/checkpoint-160 - INFO
2026-07-31 20:06:48,867 - Saving model checkpoint to Models/checkpoint-170 - INFO
2026-07-31 20:06:48,867 - Saving model to Models/checkpoint-170 - INFO
2026-07-31 20:06:50,299 - Saving model checkpoint to Models/checkpoint-171 - INFO
2026-07-31 20:06:50,299 - Saving model to Models/checkpoint-171 - INFO
2026-07-31 20:06:50,694 - Saving model to /home/kanan/MedAI/Models/tsdae_fine_tuned - INFO
2026-07-31 20:06:50,846 - Embedding model has been fine-tuned - INFO
2026-07-31 20:06:50,854 - Loading SentenceTransformer model from /home/kanan/MedAI/Models/tsdae_fine_tuned. - INFO
2026-07-31 20:06:50,984 - Embeddings have been created - INFO
2026-07-31 20:13:22,109 - Building vector DB is done, indexing pipeline finished successfully! - INFO
